algorithm,grid,scenario,episode,step,avg_reward,epsilon,reward_B1,reward_B2,reward_C1,reward_C2
dqn,2x2,low,1,360,-78.29999999999997,0.9902557142857142,-63.39999999999994,-72.69999999999999,-101.39999999999996,-75.69999999999999
dqn,2x2,low,2,720,-67.67499999999997,0.9804842857142857,-60.79999999999998,-64.59999999999997,-75.8,-69.49999999999993
dqn,2x2,low,3,1080,-68.22499999999997,0.9707128571428572,-64.29999999999997,-63.09999999999993,-79.89999999999993,-65.6
dqn,2x2,low,4,1440,-77.5,0.9609414285714286,-73.30000000000007,-70.79999999999998,-107.20000000000003,-58.69999999999995
dqn,2x2,low,5,1800,-75.275,0.95117,-92.19999999999996,-73.2,-59.499999999999915,-76.20000000000013
dqn,2x2,low,6,2160,-72.25,0.9413985714285714,-69.39999999999992,-73.70000000000003,-87.30000000000007,-58.59999999999996
dqn,2x2,low,7,2520,-70.92499999999998,0.9316271428571429,-86.19999999999992,-69.5,-62.40000000000004,-65.6
dqn,2x2,low,8,2880,-69.69999999999997,0.9218557142857142,-69.09999999999998,-61.99999999999999,-85.09999999999998,-62.59999999999995
dqn,2x2,low,9,3240,-70.97499999999998,0.9120842857142857,-78.59999999999995,-67.89999999999999,-74.89999999999999,-62.49999999999998
dqn,2x2,low,10,3600,-72.6,0.9023128571428571,-74.29999999999998,-63.69999999999993,-90.1000000000001,-62.299999999999955
dqn,2x2,low,11,3960,-66.14999999999995,0.8925414285714286,-62.99999999999995,-69.2,-74.99999999999994,-57.39999999999991
dqn,2x2,low,12,4320,-68.90000000000002,0.88277,-74.00000000000003,-65.60000000000001,-77.60000000000008,-58.39999999999997
dqn,2x2,low,13,4680,-65.29999999999998,0.8729985714285714,-59.79999999999998,-58.39999999999995,-76.49999999999999,-66.49999999999997
dqn,2x2,low,14,5040,-68.09999999999997,0.8632271428571429,-57.79999999999997,-64.69999999999993,-82.29999999999998,-67.59999999999995
dqn,2x2,low,15,5400,-71.77499999999999,0.8534557142857143,-69.59999999999994,-64.39999999999998,-86.40000000000003,-66.7
dqn,2x2,low,16,5760,-79.50000000000003,0.8436842857142858,-117.8,-66.59999999999997,-63.80000000000005,-69.8000000000001
dqn,2x2,low,17,6120,-69.02499999999998,0.8339128571428571,-62.69999999999996,-56.59999999999997,-85.49999999999999,-71.30000000000003
dqn,2x2,low,18,6480,-66.34999999999998,0.8241414285714286,-75.50000000000003,-58.59999999999992,-80.9,-50.399999999999956
dqn,2x2,low,19,6840,-68.62499999999999,0.81437,-67.30000000000001,-55.99999999999997,-92.6,-58.59999999999997
dqn,2x2,low,20,7200,-64.04999999999995,0.8045985714285715,-57.399999999999906,-70.09999999999997,-72.30000000000003,-56.3999999999999
dqn,2x2,low,21,7560,-71.52499999999999,0.7948271428571428,-63.89999999999996,-62.49999999999998,-95.70000000000006,-63.999999999999964
dqn,2x2,low,22,7920,-62.274999999999956,0.7850557142857143,-59.09999999999987,-54.4,-67.29999999999997,-68.29999999999998
dqn,2x2,low,23,8280,-63.47499999999997,0.7752842857142858,-66.09999999999998,-54.29999999999997,-67.49999999999994,-66.0
dqn,2x2,low,24,8640,-64.99999999999996,0.7655128571428571,-63.79999999999994,-66.89999999999996,-74.29999999999997,-54.99999999999992
dqn,2x2,low,25,9000,-59.799999999999955,0.7557414285714286,-59.49999999999993,-56.79999999999997,-62.499999999999986,-60.39999999999993
dqn,2x2,low,26,9360,-61.67499999999999,0.74597,-58.599999999999994,-68.9,-67.99999999999999,-51.19999999999997
dqn,2x2,low,27,9720,-59.924999999999955,0.7361985714285715,-56.39999999999996,-50.99999999999996,-64.99999999999993,-67.29999999999995
dqn,2x2,low,28,10080,-59.12499999999996,0.7264271428571429,-54.29999999999994,-45.799999999999976,-76.29999999999998,-60.09999999999993
dqn,2x2,low,29,10440,-63.59999999999995,0.7166557142857144,-53.1999999999999,-58.99999999999999,-76.49999999999996,-65.69999999999995
dqn,2x2,low,30,10800,-55.62499999999996,0.7068842857142857,-58.59999999999989,-51.79999999999997,-60.19999999999995,-51.9
dqn,2x2,low,31,11160,-57.849999999999945,0.6971128571428572,-56.499999999999915,-57.79999999999992,-66.7,-50.39999999999995
dqn,2x2,low,32,11520,-63.52499999999994,0.6873414285714285,-74.79999999999994,-55.699999999999974,-60.29999999999993,-63.299999999999926
dqn,2x2,low,33,11880,-57.42499999999994,0.67757,-53.899999999999956,-54.799999999999955,-66.7999999999999,-54.19999999999997
dqn,2x2,low,34,12240,-62.324999999999974,0.6677985714285715,-61.1,-55.39999999999999,-72.79999999999998,-59.99999999999993
dqn,2x2,low,35,12600,-57.724999999999966,0.6580271428571429,-56.19999999999995,-52.39999999999998,-67.79999999999993,-54.499999999999986
dqn,2x2,low,36,12960,-62.724999999999945,0.6482557142857144,-60.69999999999992,-62.199999999999925,-74.90000000000002,-53.09999999999994
dqn,2x2,low,37,13320,-58.74999999999996,0.6384842857142857,-56.099999999999945,-63.499999999999986,-61.79999999999997,-53.599999999999916
dqn,2x2,low,38,13680,-59.99999999999996,0.6287128571428572,-46.09999999999993,-69.00000000000001,-72.09999999999994,-52.799999999999955
dqn,2x2,low,39,14040,-62.72499999999994,0.6189414285714285,-61.79999999999994,-50.19999999999992,-77.69999999999996,-61.19999999999993
dqn,2x2,low,40,14400,-58.299999999999955,0.60917,-57.79999999999996,-47.999999999999936,-74.39999999999995,-52.999999999999964
dqn,2x2,low,41,14760,-56.64999999999994,0.5993985714285714,-58.99999999999995,-50.99999999999992,-64.69999999999995,-51.899999999999956
dqn,2x2,low,42,15120,-56.49999999999999,0.5896271428571429,-47.3,-54.19999999999998,-72.10000000000007,-52.39999999999994
dqn,2x2,low,43,15480,-52.82499999999993,0.5798557142857144,-50.19999999999988,-53.49999999999996,-54.49999999999995,-53.09999999999992
dqn,2x2,low,44,15840,-55.424999999999955,0.5700842857142858,-61.999999999999936,-48.599999999999945,-63.89999999999997,-47.19999999999995
dqn,2x2,low,45,16200,-55.49999999999996,0.5603128571428572,-54.89999999999992,-51.999999999999964,-62.79999999999999,-52.29999999999997
dqn,2x2,low,46,16560,-54.924999999999976,0.5505414285714285,-53.49999999999997,-44.39999999999993,-66.89999999999999,-54.9
dqn,2x2,low,47,16920,-52.69999999999995,0.54077,-47.29999999999992,-57.69999999999996,-58.49999999999999,-47.29999999999992
dqn,2x2,low,48,17280,-59.924999999999955,0.5309985714285714,-61.19999999999994,-56.59999999999991,-70.10000000000001,-51.79999999999996
dqn,2x2,low,49,17640,-51.024999999999935,0.5212271428571429,-49.99999999999991,-44.4999999999999,-65.89999999999996,-43.699999999999974
dqn,2x2,low,50,18000,-48.72499999999995,0.5114557142857143,-48.79999999999998,-57.59999999999997,-48.49999999999993,-39.99999999999996
dqn,2x2,low,51,18360,-57.574999999999946,0.5016842857142858,-46.199999999999925,-50.99999999999998,-77.49999999999997,-55.599999999999916
dqn,2x2,low,52,18720,-57.57499999999995,0.49191285714285715,-54.09999999999996,-58.19999999999997,-57.59999999999997,-60.39999999999992
dqn,2x2,low,53,19080,-55.64999999999996,0.4821414285714286,-56.79999999999994,-46.49999999999995,-65.89999999999999,-53.39999999999996
dqn,2x2,low,54,19440,-56.624999999999964,0.47237000000000007,-58.49999999999998,-49.899999999999956,-65.69999999999996,-52.39999999999994
dqn,2x2,low,55,19800,-51.74999999999994,0.4625985714285715,-44.99999999999993,-46.79999999999994,-69.49999999999996,-45.69999999999993
dqn,2x2,low,56,20160,-52.72499999999996,0.4528271428571429,-53.29999999999995,-50.799999999999976,-60.499999999999964,-46.299999999999955
dqn,2x2,low,57,20520,-57.87499999999994,0.44305571428571433,-64.89999999999992,-51.099999999999945,-67.8,-47.699999999999946
dqn,2x2,low,58,20880,-54.94999999999996,0.4332842857142857,-54.59999999999995,-53.19999999999999,-57.69999999999994,-54.299999999999955
dqn,2x2,low,59,21240,-58.92499999999995,0.42351285714285725,-62.09999999999997,-54.39999999999994,-71.39999999999995,-47.799999999999926
dqn,2x2,low,60,21600,-52.049999999999926,0.4137414285714286,-53.999999999999915,-51.39999999999993,-57.69999999999993,-45.099999999999945
dqn,2x2,low,61,21960,-53.99999999999997,0.40397000000000005,-62.09999999999999,-43.79999999999999,-59.49999999999996,-50.59999999999996
dqn,2x2,low,62,22320,-50.474999999999966,0.3941985714285714,-57.19999999999997,-46.79999999999997,-58.19999999999996,-39.69999999999996
dqn,2x2,low,63,22680,-52.774999999999935,0.38442714285714297,-45.39999999999991,-55.79999999999992,-52.89999999999997,-56.99999999999994
dqn,2x2,low,64,23040,-45.999999999999964,0.3746557142857143,-54.09999999999996,-45.29999999999998,-45.39999999999996,-39.19999999999996
dqn,2x2,low,65,23400,-46.77499999999995,0.36488428571428577,-54.49999999999994,-41.59999999999998,-44.39999999999994,-46.59999999999993
dqn,2x2,low,66,23760,-52.02499999999994,0.3551128571428571,-58.29999999999991,-43.99999999999995,-52.29999999999992,-53.49999999999998
dqn,2x2,low,67,24120,-53.349999999999966,0.3453414285714287,-47.39999999999997,-42.19999999999992,-67.59999999999998,-56.199999999999974
dqn,2x2,low,68,24480,-49.074999999999974,0.33557000000000003,-48.69999999999997,-43.79999999999997,-55.999999999999986,-47.79999999999996
dqn,2x2,low,69,24840,-55.12499999999998,0.3257985714285715,-53.09999999999997,-43.79999999999994,-79.80000000000008,-43.79999999999993
dqn,2x2,low,70,25200,-52.14999999999995,0.31602714285714284,-53.099999999999916,-46.59999999999994,-67.4,-41.49999999999996
dqn,2x2,low,71,25560,-50.14999999999996,0.3062557142857143,-52.19999999999996,-43.400000000000006,-57.99999999999995,-46.99999999999996
dqn,2x2,low,72,25920,-48.87499999999994,0.29648428571428576,-70.29999999999993,-39.59999999999996,-48.399999999999956,-37.199999999999946
dqn,2x2,low,73,26280,-41.67499999999995,0.2867128571428572,-42.59999999999995,-30.199999999999964,-57.899999999999935,-35.99999999999994
dqn,2x2,low,74,26640,-49.99999999999994,0.27694142857142856,-55.599999999999945,-43.49999999999994,-59.99999999999996,-40.89999999999992
dqn,2x2,low,75,27000,-47.449999999999946,0.26717,-53.39999999999997,-43.19999999999994,-55.999999999999936,-37.199999999999946
dqn,2x2,low,76,27360,-50.149999999999956,0.2573985714285715,-48.19999999999996,-42.999999999999936,-65.39999999999995,-43.99999999999997
dqn,2x2,low,77,27720,-47.52499999999995,0.24762714285714293,-45.89999999999993,-41.59999999999997,-66.59999999999997,-35.99999999999996
dqn,2x2,low,78,28080,-46.824999999999974,0.23785571428571428,-38.09999999999994,-43.19999999999999,-63.59999999999998,-42.39999999999996
dqn,2x2,low,79,28440,-44.57499999999995,0.22808428571428574,-40.09999999999994,-47.59999999999993,-51.29999999999999,-39.29999999999995
dqn,2x2,low,80,28800,-47.84999999999995,0.2183128571428572,-44.89999999999997,-42.39999999999995,-54.49999999999995,-49.59999999999995
dqn,2x2,low,81,29160,-42.42499999999994,0.20854142857142866,-44.89999999999996,-36.19999999999995,-49.59999999999992,-38.99999999999993
dqn,2x2,low,82,29520,-45.049999999999955,0.19877,-39.39999999999991,-37.79999999999996,-63.2,-39.79999999999994
dqn,2x2,low,83,29880,-42.249999999999964,0.18899857142857146,-44.79999999999995,-38.19999999999997,-47.59999999999998,-38.39999999999994
dqn,2x2,low,84,30240,-45.37499999999998,0.1792271428571428,-40.29999999999999,-37.0,-67.29999999999998,-36.89999999999994
dqn,2x2,low,85,30600,-45.674999999999955,0.16945571428571438,-44.59999999999993,-35.19999999999994,-63.099999999999994,-39.79999999999997
dqn,2x2,low,86,30960,-40.949999999999946,0.15968428571428572,-39.29999999999994,-34.999999999999964,-48.999999999999964,-40.49999999999992
dqn,2x2,low,87,31320,-43.14999999999995,0.14991285714285718,-45.199999999999925,-37.59999999999995,-51.99999999999995,-37.79999999999997
dqn,2x2,low,88,31680,-41.34999999999996,0.14014142857142853,-46.49999999999995,-34.79999999999994,-48.699999999999974,-35.39999999999995
dqn,2x2,low,89,32040,-43.47499999999995,0.1303700000000001,-37.399999999999956,-42.79999999999994,-49.499999999999986,-44.19999999999994
dqn,2x2,low,90,32400,-38.82499999999996,0.12059857142857144,-39.29999999999995,-32.39999999999995,-44.79999999999996,-38.79999999999997
dqn,2x2,low,91,32760,-43.39999999999995,0.1108271428571429,-36.39999999999995,-36.59999999999995,-59.999999999999915,-40.59999999999998
dqn,2x2,low,92,33120,-41.624999999999964,0.10105571428571425,-43.499999999999964,-32.59999999999997,-54.599999999999966,-35.79999999999995
dqn,2x2,low,93,33480,-43.24999999999996,0.0912842857142857,-35.299999999999955,-36.399999999999956,-69.19999999999996,-32.099999999999966
dqn,2x2,low,94,33840,-37.599999999999945,0.08151285714285716,-31.299999999999944,-35.19999999999996,-46.69999999999994,-37.19999999999994
dqn,2x2,low,95,34200,-39.974999999999966,0.07174142857142862,-48.49999999999996,-36.599999999999966,-45.19999999999994,-29.599999999999998
dqn,2x2,low,96,34560,-43.24999999999998,0.06196999999999997,-53.69999999999998,-31.39999999999998,-57.90000000000001,-29.999999999999947
dqn,2x2,low,97,34920,-40.924999999999955,0.05219857142857143,-40.399999999999935,-38.99999999999999,-49.49999999999995,-34.799999999999955
dqn,2x2,low,98,35280,-37.74999999999998,0.05,-31.399999999999974,-36.79999999999997,-48.40000000000001,-34.39999999999994
dqn,2x2,low,99,35640,-39.449999999999946,0.05,-37.299999999999926,-35.99999999999996,-46.49999999999997,-37.999999999999936
dqn,2x2,low,100,36000,-37.72499999999995,0.05,-36.79999999999997,-34.79999999999996,-46.29999999999994,-32.99999999999994
dqn,2x2,low,101,36360,-39.24999999999996,0.05,-36.29999999999998,-35.19999999999993,-45.299999999999955,-40.19999999999997
dqn,2x2,low,102,36720,-37.59999999999995,0.05,-35.399999999999956,-36.19999999999995,-44.99999999999995,-33.799999999999955
dqn,2x2,low,103,37080,-38.24999999999997,0.05,-30.699999999999964,-34.19999999999999,-50.49999999999997,-37.59999999999995
dqn,2x2,low,104,37440,-37.474999999999966,0.05,-40.89999999999996,-31.79999999999999,-44.999999999999936,-32.199999999999946
dqn,2x2,low,105,37800,-37.44999999999996,0.05,-46.099999999999966,-28.99999999999995,-41.89999999999998,-32.79999999999995
dqn,2x2,low,106,38160,-40.24999999999995,0.05,-47.099999999999916,-32.999999999999986,-42.69999999999996,-38.19999999999994
dqn,2x2,low,107,38520,-39.52499999999996,0.05,-31.999999999999975,-35.39999999999996,-47.49999999999994,-43.199999999999974
dqn,2x2,low,108,38880,-37.74999999999996,0.05,-33.39999999999994,-31.39999999999996,-46.39999999999997,-39.79999999999994
dqn,2x2,low,109,39240,-37.89999999999998,0.05,-34.999999999999964,-31.39999999999998,-46.79999999999998,-38.39999999999997
dqn,2x2,low,110,39600,-38.499999999999964,0.05,-39.69999999999992,-30.999999999999993,-43.29999999999998,-39.99999999999998
dqn,2x2,low,111,39960,-37.799999999999955,0.05,-35.29999999999997,-32.59999999999998,-49.29999999999996,-33.99999999999993
dqn,2x2,low,112,40320,-41.14999999999997,0.05,-47.59999999999995,-34.2,-48.399999999999984,-34.399999999999956
dqn,2x2,low,113,40680,-37.774999999999956,0.05,-37.39999999999997,-32.999999999999936,-49.49999999999996,-31.199999999999953
dqn,2x2,low,114,41040,-43.64999999999996,0.05,-36.299999999999955,-36.999999999999964,-63.799999999999976,-37.49999999999996
dqn,2x2,low,115,41400,-38.57499999999995,0.05,-42.899999999999935,-32.199999999999974,-43.99999999999993,-35.199999999999974
dqn,2x2,low,116,41760,-38.22499999999995,0.05,-34.59999999999995,-38.19999999999996,-44.89999999999996,-35.19999999999994
dqn,2x2,low,117,42120,-35.64999999999996,0.05,-38.29999999999994,-31.599999999999973,-40.499999999999964,-32.19999999999995
dqn,2x2,low,118,42480,-36.249999999999964,0.05,-38.299999999999976,-31.999999999999936,-43.49999999999997,-31.199999999999964
dqn,2x2,low,119,42840,-36.17499999999996,0.05,-33.89999999999997,-30.59999999999996,-48.99999999999994,-31.199999999999967
dqn,2x2,low,120,43200,-35.87499999999996,0.05,-35.799999999999926,-29.599999999999966,-44.69999999999995,-33.39999999999999
dqn,2x2,low,121,43560,-41.24999999999994,0.05,-36.19999999999994,-34.59999999999997,-54.99999999999995,-39.19999999999992
dqn,2x2,low,122,43920,-41.17499999999997,0.05,-36.19999999999999,-36.79999999999994,-48.09999999999997,-43.59999999999996
dqn,2x2,low,123,44280,-44.22499999999995,0.05,-36.99999999999993,-36.599999999999945,-61.69999999999995,-41.59999999999996
dqn,2x2,low,124,44640,-40.424999999999976,0.05,-40.79999999999997,-37.6,-44.69999999999996,-38.59999999999996
dqn,2x2,low,125,45000,-39.84999999999995,0.05,-43.799999999999955,-34.999999999999964,-44.799999999999955,-35.79999999999993
dqn,2x2,low,126,45360,-39.62499999999997,0.05,-30.599999999999973,-33.19999999999999,-61.29999999999996,-33.39999999999997
dqn,2x2,low,127,45720,-37.74999999999997,0.05,-39.89999999999999,-33.19999999999997,-44.699999999999946,-33.19999999999996
dqn,2x2,low,128,46080,-39.47499999999997,0.05,-40.199999999999974,-35.59999999999997,-46.49999999999996,-35.59999999999997
dqn,2x2,low,129,46440,-40.22499999999996,0.05,-44.299999999999955,-32.20000000000001,-45.99999999999996,-38.399999999999906
dqn,2x2,low,130,46800,-37.54999999999996,0.05,-38.299999999999955,-32.39999999999996,-44.69999999999997,-34.799999999999955
dqn,2x2,low,131,47160,-41.04999999999996,0.05,-37.19999999999997,-31.799999999999976,-57.29999999999997,-37.89999999999994
dqn,2x2,low,132,47520,-37.94999999999996,0.05,-40.89999999999997,-38.99999999999992,-39.09999999999995,-32.79999999999998
dqn,2x2,low,133,47880,-36.39999999999995,0.05,-35.399999999999935,-32.99999999999998,-42.79999999999996,-34.399999999999935
dqn,2x2,low,134,48240,-39.32499999999996,0.05,-38.399999999999984,-32.29999999999998,-48.799999999999976,-37.79999999999991
dqn,2x2,low,135,48600,-38.09999999999995,0.05,-41.49999999999992,-32.19999999999995,-45.49999999999996,-33.19999999999997
dqn,2x2,low,136,48960,-38.97499999999995,0.05,-38.99999999999995,-35.199999999999946,-44.699999999999946,-36.99999999999995
dqn,2x2,low,137,49320,-42.19999999999996,0.05,-36.69999999999993,-34.199999999999946,-63.49999999999998,-34.39999999999997
dqn,2x2,low,138,49680,-40.39999999999996,0.05,-49.09999999999998,-30.79999999999999,-47.29999999999994,-34.39999999999995
