controller,grid,scenario,tls_id,type,phase_count,cycle_seconds,green_min_seconds,green_max_seconds,yellow_seconds,status
original_fixed,2x2,all,B1,static,4,90.0,,,3.0,PASS
original_fixed,2x2,all,B2,static,4,90.0,,,3.0,PASS
original_fixed,2x2,all,C1,static,4,90.0,,,3.0,PASS
original_fixed,2x2,all,C2,static,4,90.0,,,3.0,PASS
original_fixed,3x3,all,B1,static,4,90.0,,,3.0,PASS
original_fixed,3x3,all,B2,static,4,90.0,,,3.0,PASS
original_fixed,3x3,all,B3,static,4,90.0,,,3.0,PASS
original_fixed,3x3,all,C1,static,4,90.0,,,3.0,PASS
original_fixed,3x3,all,C2,static,4,90.0,,,3.0,PASS
original_fixed,3x3,all,C3,static,4,90.0,,,3.0,PASS
original_fixed,3x3,all,D1,static,4,90.0,,,3.0,PASS
original_fixed,3x3,all,D2,static,4,90.0,,,3.0,PASS
original_fixed,3x3,all,D3,static,4,90.0,,,3.0,PASS
original_fixed,4x4,all,B1,static,4,90.0,,,3.0,PASS
original_fixed,4x4,all,B2,static,4,90.0,,,3.0,PASS
original_fixed,4x4,all,B3,static,4,90.0,,,3.0,PASS
original_fixed,4x4,all,B4,static,4,90.0,,,3.0,PASS
original_fixed,4x4,all,C1,static,4,90.0,,,3.0,PASS
original_fixed,4x4,all,C2,static,4,90.0,,,3.0,PASS
original_fixed,4x4,all,C3,static,4,90.0,,,3.0,PASS
original_fixed,4x4,all,C4,static,4,90.0,,,3.0,PASS
original_fixed,4x4,all,D1,static,4,90.0,,,3.0,PASS
original_fixed,4x4,all,D2,static,4,90.0,,,3.0,PASS
original_fixed,4x4,all,D3,static,4,90.0,,,3.0,PASS
original_fixed,4x4,all,D4,static,4,90.0,,,3.0,PASS
original_fixed,4x4,all,E1,static,4,90.0,,,3.0,PASS
original_fixed,4x4,all,E2,static,4,90.0,,,3.0,PASS
original_fixed,4x4,all,E3,static,4,90.0,,,3.0,PASS
original_fixed,4x4,all,E4,static,4,90.0,,,3.0,PASS
original_fixed,5x5,all,B1,static,4,90.0,,,3.0,PASS
original_fixed,5x5,all,B2,static,4,90.0,,,3.0,PASS
original_fixed,5x5,all,B3,static,4,90.0,,,3.0,PASS
original_fixed,5x5,all,B4,static,4,90.0,,,3.0,PASS
original_fixed,5x5,all,B5,static,4,90.0,,,3.0,PASS
original_fixed,5x5,all,C1,static,4,90.0,,,3.0,PASS
original_fixed,5x5,all,C2,static,4,90.0,,,3.0,PASS
original_fixed,5x5,all,C3,static,4,90.0,,,3.0,PASS
original_fixed,5x5,all,C4,static,4,90.0,,,3.0,PASS
original_fixed,5x5,all,C5,static,4,90.0,,,3.0,PASS
original_fixed,5x5,all,D1,static,4,90.0,,,3.0,PASS
original_fixed,5x5,all,D2,static,4,90.0,,,3.0,PASS
original_fixed,5x5,all,D3,static,4,90.0,,,3.0,PASS
original_fixed,5x5,all,D4,static,4,90.0,,,3.0,PASS
original_fixed,5x5,all,D5,static,4,90.0,,,3.0,PASS
original_fixed,5x5,all,E1,static,4,90.0,,,3.0,PASS
original_fixed,5x5,all,E2,static,4,90.0,,,3.0,PASS
original_fixed,5x5,all,E3,static,4,90.0,,,3.0,PASS
original_fixed,5x5,all,E4,static,4,90.0,,,3.0,PASS
original_fixed,5x5,all,E5,static,4,90.0,,,3.0,PASS
original_fixed,5x5,all,F1,static,4,90.0,,,3.0,PASS
original_fixed,5x5,all,F2,static,4,90.0,,,3.0,PASS
original_fixed,5x5,all,F3,static,4,90.0,,,3.0,PASS
original_fixed,5x5,all,F4,static,4,90.0,,,3.0,PASS
original_fixed,5x5,all,F5,static,4,90.0,,,3.0,PASS
webster_fixed,2x2,low,B1,static,4,26.0,,,3.0,PASS
webster_fixed,2x2,low,B2,static,4,26.0,,,3.0,PASS
webster_fixed,2x2,low,C1,static,4,26.0,,,3.0,PASS
webster_fixed,2x2,low,C2,static,4,26.0,,,3.0,PASS
webster_fixed,2x2,medium,B1,static,4,26.0,,,3.0,PASS
webster_fixed,2x2,medium,B2,static,4,26.0,,,3.0,PASS
webster_fixed,2x2,medium,C1,static,4,26.0,,,3.0,PASS
webster_fixed,2x2,medium,C2,static,4,26.0,,,3.0,PASS
webster_fixed,2x2,high,B1,static,4,34.0,,,3.0,PASS
webster_fixed,2x2,high,B2,static,4,33.0,,,3.0,PASS
webster_fixed,2x2,high,C1,static,4,34.0,,,3.0,PASS
webster_fixed,2x2,high,C2,static,4,34.0,,,3.0,PASS
webster_fixed,2x2,dynamic,B1,static,4,26.0,,,3.0,PASS
webster_fixed,2x2,dynamic,B2,static,4,26.0,,,3.0,PASS
webster_fixed,2x2,dynamic,C1,static,4,28.0,,,3.0,PASS
webster_fixed,2x2,dynamic,C2,static,4,26.0,,,3.0,PASS
webster_fixed,3x3,medium,B1,static,4,26.0,,,3.0,PASS
webster_fixed,3x3,medium,B2,static,4,26.0,,,3.0,PASS
webster_fixed,3x3,medium,B3,static,4,26.0,,,3.0,PASS
webster_fixed,3x3,medium,C1,static,4,26.0,,,3.0,PASS
webster_fixed,3x3,medium,C2,static,4,26.0,,,3.0,PASS
webster_fixed,3x3,medium,C3,static,4,26.0,,,3.0,PASS
webster_fixed,3x3,medium,D1,static,4,26.0,,,3.0,PASS
webster_fixed,3x3,medium,D2,static,4,26.0,,,3.0,PASS
webster_fixed,3x3,medium,D3,static,4,26.0,,,3.0,PASS
webster_fixed,4x4,medium,B1,static,4,26.0,,,3.0,PASS
webster_fixed,4x4,medium,B2,static,4,26.0,,,3.0,PASS
webster_fixed,4x4,medium,B3,static,4,26.0,,,3.0,PASS
webster_fixed,4x4,medium,B4,static,4,26.0,,,3.0,PASS
webster_fixed,4x4,medium,C1,static,4,26.0,,,3.0,PASS
webster_fixed,4x4,medium,C2,static,4,26.0,,,3.0,PASS
webster_fixed,4x4,medium,C3,static,4,26.0,,,3.0,PASS
webster_fixed,4x4,medium,C4,static,4,26.0,,,3.0,PASS
webster_fixed,4x4,medium,D1,static,4,26.0,,,3.0,PASS
webster_fixed,4x4,medium,D2,static,4,26.0,,,3.0,PASS
webster_fixed,4x4,medium,D3,static,4,26.0,,,3.0,PASS
webster_fixed,4x4,medium,D4,static,4,26.0,,,3.0,PASS
webster_fixed,4x4,medium,E1,static,4,26.0,,,3.0,PASS
webster_fixed,4x4,medium,E2,static,4,26.0,,,3.0,PASS
webster_fixed,4x4,medium,E3,static,4,26.0,,,3.0,PASS
webster_fixed,4x4,medium,E4,static,4,26.0,,,3.0,PASS
webster_fixed,5x5,medium,B1,static,4,26.0,,,3.0,PASS
webster_fixed,5x5,medium,B2,static,4,26.0,,,3.0,PASS
webster_fixed,5x5,medium,B3,static,4,26.0,,,3.0,PASS
webster_fixed,5x5,medium,B4,static,4,26.0,,,3.0,PASS
webster_fixed,5x5,medium,B5,static,4,26.0,,,3.0,PASS
webster_fixed,5x5,medium,C1,static,4,26.0,,,3.0,PASS
webster_fixed,5x5,medium,C2,static,4,26.0,,,3.0,PASS
webster_fixed,5x5,medium,C3,static,4,26.0,,,3.0,PASS
webster_fixed,5x5,medium,C4,static,4,26.0,,,3.0,PASS
webster_fixed,5x5,medium,C5,static,4,26.0,,,3.0,PASS
webster_fixed,5x5,medium,D1,static,4,26.0,,,3.0,PASS
webster_fixed,5x5,medium,D2,static,4,26.0,,,3.0,PASS
webster_fixed,5x5,medium,D3,static,4,26.0,,,3.0,PASS
webster_fixed,5x5,medium,D4,static,4,26.0,,,3.0,PASS
webster_fixed,5x5,medium,D5,static,4,26.0,,,3.0,PASS
webster_fixed,5x5,medium,E1,static,4,26.0,,,3.0,PASS
webster_fixed,5x5,medium,E2,static,4,26.0,,,3.0,PASS
webster_fixed,5x5,medium,E3,static,4,26.0,,,3.0,PASS
webster_fixed,5x5,medium,E4,static,4,26.0,,,3.0,PASS
webster_fixed,5x5,medium,E5,static,4,26.0,,,3.0,PASS
webster_fixed,5x5,medium,F1,static,4,26.0,,,3.0,PASS
webster_fixed,5x5,medium,F2,static,4,26.0,,,3.0,PASS
webster_fixed,5x5,medium,F3,static,4,26.0,,,3.0,PASS
webster_fixed,5x5,medium,F4,static,4,26.0,,,3.0,PASS
webster_fixed,5x5,medium,F5,static,4,26.0,,,3.0,PASS
actuated,2x2,all,B1,actuated,4,90.0,10.0,50.0,3.0,PASS
actuated,2x2,all,B2,actuated,4,90.0,10.0,50.0,3.0,PASS
actuated,2x2,all,C1,actuated,4,90.0,10.0,50.0,3.0,PASS
actuated,2x2,all,C2,actuated,4,90.0,10.0,50.0,3.0,PASS
actuated,3x3,all,B1,actuated,4,90.0,10.0,50.0,3.0,PASS
actuated,3x3,all,B2,actuated,4,90.0,10.0,50.0,3.0,PASS
actuated,3x3,all,B3,actuated,4,90.0,10.0,50.0,3.0,PASS
actuated,3x3,all,C1,actuated,4,90.0,10.0,50.0,3.0,PASS
actuated,3x3,all,C2,actuated,4,90.0,10.0,50.0,3.0,PASS
actuated,3x3,all,C3,actuated,4,90.0,10.0,50.0,3.0,PASS
actuated,3x3,all,D1,actuated,4,90.0,10.0,50.0,3.0,PASS
actuated,3x3,all,D2,actuated,4,90.0,10.0,50.0,3.0,PASS
actuated,3x3,all,D3,actuated,4,90.0,10.0,50.0,3.0,PASS
actuated,4x4,all,B1,actuated,4,90.0,10.0,50.0,3.0,PASS
actuated,4x4,all,B2,actuated,4,90.0,10.0,50.0,3.0,PASS
actuated,4x4,all,B3,actuated,4,90.0,10.0,50.0,3.0,PASS
actuated,4x4,all,B4,actuated,4,90.0,10.0,50.0,3.0,PASS
actuated,4x4,all,C1,actuated,4,90.0,10.0,50.0,3.0,PASS
actuated,4x4,all,C2,actuated,4,90.0,10.0,50.0,3.0,PASS
actuated,4x4,all,C3,actuated,4,90.0,10.0,50.0,3.0,PASS
actuated,4x4,all,C4,actuated,4,90.0,10.0,50.0,3.0,PASS
actuated,4x4,all,D1,actuated,4,90.0,10.0,50.0,3.0,PASS
actuated,4x4,all,D2,actuated,4,90.0,10.0,50.0,3.0,PASS
actuated,4x4,all,D3,actuated,4,90.0,10.0,50.0,3.0,PASS
actuated,4x4,all,D4,actuated,4,90.0,10.0,50.0,3.0,PASS
actuated,4x4,all,E1,actuated,4,90.0,10.0,50.0,3.0,PASS
actuated,4x4,all,E2,actuated,4,90.0,10.0,50.0,3.0,PASS
actuated,4x4,all,E3,actuated,4,90.0,10.0,50.0,3.0,PASS
actuated,4x4,all,E4,actuated,4,90.0,10.0,50.0,3.0,PASS
actuated,5x5,all,B1,actuated,4,90.0,10.0,50.0,3.0,PASS
actuated,5x5,all,B2,actuated,4,90.0,10.0,50.0,3.0,PASS
actuated,5x5,all,B3,actuated,4,90.0,10.0,50.0,3.0,PASS
actuated,5x5,all,B4,actuated,4,90.0,10.0,50.0,3.0,PASS
actuated,5x5,all,B5,actuated,4,90.0,10.0,50.0,3.0,PASS
actuated,5x5,all,C1,actuated,4,90.0,10.0,50.0,3.0,PASS
actuated,5x5,all,C2,actuated,4,90.0,10.0,50.0,3.0,PASS
actuated,5x5,all,C3,actuated,4,90.0,10.0,50.0,3.0,PASS
actuated,5x5,all,C4,actuated,4,90.0,10.0,50.0,3.0,PASS
actuated,5x5,all,C5,actuated,4,90.0,10.0,50.0,3.0,PASS
actuated,5x5,all,D1,actuated,4,90.0,10.0,50.0,3.0,PASS
actuated,5x5,all,D2,actuated,4,90.0,10.0,50.0,3.0,PASS
actuated,5x5,all,D3,actuated,4,90.0,10.0,50.0,3.0,PASS
actuated,5x5,all,D4,actuated,4,90.0,10.0,50.0,3.0,PASS
actuated,5x5,all,D5,actuated,4,90.0,10.0,50.0,3.0,PASS
actuated,5x5,all,E1,actuated,4,90.0,10.0,50.0,3.0,PASS
actuated,5x5,all,E2,actuated,4,90.0,10.0,50.0,3.0,PASS
actuated,5x5,all,E3,actuated,4,90.0,10.0,50.0,3.0,PASS
actuated,5x5,all,E4,actuated,4,90.0,10.0,50.0,3.0,PASS
actuated,5x5,all,E5,actuated,4,90.0,10.0,50.0,3.0,PASS
actuated,5x5,all,F1,actuated,4,90.0,10.0,50.0,3.0,PASS
actuated,5x5,all,F2,actuated,4,90.0,10.0,50.0,3.0,PASS
actuated,5x5,all,F3,actuated,4,90.0,10.0,50.0,3.0,PASS
actuated,5x5,all,F4,actuated,4,90.0,10.0,50.0,3.0,PASS
actuated,5x5,all,F5,actuated,4,90.0,10.0,50.0,3.0,PASS
