controller,grid,scenario,seed,simulation_duration_s,loaded_vehicles,departed_vehicles,completed_trips,completion_rate_pct,completion_of_departed_pct,avg_travel_time,avg_waiting_time,avg_time_loss,mean_queue_length,max_queue_length,mean_step_waiting_time,mean_vehicle_count,teleports_started,teleports_ended,active_at_end,min_expected_at_end,tls_count,active_program,peak_process_tree_ram_mb,simulation_loop_runtime_s,total_wall_runtime_s,tripinfo_arrival_match,step_file,tripinfo_file,status
actuated,2x2,dynamic,11,1800,1200,1200,1135,94.58333333333333,94.58333333333333,93.44493392070484,9.994713656387665,27.56264317180617,1.24375,11,8.310416666666667,6.952083333333333,0,0,65,65,4,0,92.734375,8.602889707894064,9.64315850008279,True,/Users/venushambhuhullukattenataraju/thesis_project/results_v2/conventional/grid2x2/actuated_dynamic_seed11_steps.csv,/Users/venushambhuhullukattenataraju/thesis_project/results_v2/conventional/grid2x2/actuated_dynamic_seed11_tripinfo.xml,PASS
actuated,2x2,dynamic,12,1800,1200,1200,1129,94.08333333333333,94.08333333333333,94.48804251550044,10.58015943312666,28.597378210806024,1.4083333333333334,11,9.354166666666666,7.135416666666667,0,0,71,71,4,0,92.65625,8.539356458000839,9.584698457969353,True,/Users/venushambhuhullukattenataraju/thesis_project/results_v2/conventional/grid2x2/actuated_dynamic_seed12_steps.csv,/Users/venushambhuhullukattenataraju/thesis_project/results_v2/conventional/grid2x2/actuated_dynamic_seed12_tripinfo.xml,PASS
actuated,2x2,dynamic,13,1800,1200,1200,1132,94.33333333333334,94.33333333333334,95.67932862190813,11.242049469964664,29.35148409893993,1.4534722222222223,10,9.764583333333333,7.194444444444445,0,0,68,68,4,0,92.609375,8.641510333982296,9.683048165985383,True,/Users/venushambhuhullukattenataraju/thesis_project/results_v2/conventional/grid2x2/actuated_dynamic_seed13_steps.csv,/Users/venushambhuhullukattenataraju/thesis_project/results_v2/conventional/grid2x2/actuated_dynamic_seed13_tripinfo.xml,PASS
actuated,2x2,dynamic,14,1800,1200,1200,1134,94.5,94.5,94.41269841269842,10.630511463844798,28.28520282186949,1.34375,10,9.677777777777777,7.002777777777778,0,0,66,66,4,0,92.765625,8.622951750061475,9.669459374970756,True,/Users/venushambhuhullukattenataraju/thesis_project/results_v2/conventional/grid2x2/actuated_dynamic_seed14_steps.csv,/Users/venushambhuhullukattenataraju/thesis_project/results_v2/conventional/grid2x2/actuated_dynamic_seed14_tripinfo.xml,PASS
actuated,2x2,dynamic,15,1800,1200,1200,1134,94.5,94.5,94.32098765432099,10.99294532627866,28.64969135802469,1.3569444444444445,10,9.865972222222222,7.01875,0,0,66,66,4,0,92.5625,8.616788499988616,9.659617459052242,True,/Users/venushambhuhullukattenataraju/thesis_project/results_v2/conventional/grid2x2/actuated_dynamic_seed15_steps.csv,/Users/venushambhuhullukattenataraju/thesis_project/results_v2/conventional/grid2x2/actuated_dynamic_seed15_tripinfo.xml,PASS
original_fixed,2x2,dynamic,11,1800,1200,1199,1115,92.91666666666667,92.99416180150125,115.4035874439462,28.543497757847533,49.69966816143498,4.272222222222222,16,66.27430555555556,10.513194444444444,0,0,84,85,4,0,92.515625,8.62825133302249,9.666341749951243,True,/Users/venushambhuhullukattenataraju/thesis_project/results_v2/conventional/grid2x2/original_fixed_dynamic_seed11_steps.csv,/Users/venushambhuhullukattenataraju/thesis_project/results_v2/conventional/grid2x2/original_fixed_dynamic_seed11_tripinfo.xml,PASS
original_fixed,2x2,dynamic,12,1800,1200,1200,1117,93.08333333333333,93.08333333333333,117.24798567591763,29.95344673231871,51.45811996418979,4.429861111111111,18,68.72083333333333,10.702083333333333,0,0,83,83,4,0,92.515625,8.582205042010173,9.62253316596616,True,/Users/venushambhuhullukattenataraju/thesis_project/results_v2/conventional/grid2x2/original_fixed_dynamic_seed12_steps.csv,/Users/venushambhuhullukattenataraju/thesis_project/results_v2/conventional/grid2x2/original_fixed_dynamic_seed12_tripinfo.xml,PASS
original_fixed,2x2,dynamic,13,1800,1200,1199,1119,93.25,93.32777314428691,117.52636282394995,29.4798927613941,51.26609472743521,4.455555555555556,19,69.95069444444445,10.78125,0,0,80,81,4,0,92.484375,8.594746749964543,9.636518791900016,True,/Users/venushambhuhullukattenataraju/thesis_project/results_v2/conventional/grid2x2/original_fixed_dynamic_seed13_steps.csv,/Users/venushambhuhullukattenataraju/thesis_project/results_v2/conventional/grid2x2/original_fixed_dynamic_seed13_tripinfo.xml,PASS
original_fixed,2x2,dynamic,14,1800,1200,1200,1117,93.08333333333333,93.08333333333333,114.98836168307967,27.98209489704566,48.80751119068935,4.220833333333333,18,65.03402777777778,10.390972222222222,0,0,83,83,4,0,92.421875,8.60131358297076,9.642967749969102,True,/Users/venushambhuhullukattenataraju/thesis_project/results_v2/conventional/grid2x2/original_fixed_dynamic_seed14_steps.csv,/Users/venushambhuhullukattenataraju/thesis_project/results_v2/conventional/grid2x2/original_fixed_dynamic_seed14_tripinfo.xml,PASS
original_fixed,2x2,dynamic,15,1800,1200,1200,1113,92.75,92.75,115.35040431266846,28.793351302785265,49.67240790655885,4.289583333333334,15,65.19513888888889,10.447222222222223,0,0,87,87,4,0,92.46875,8.610639457940124,9.65250504098367,True,/Users/venushambhuhullukattenataraju/thesis_project/results_v2/conventional/grid2x2/original_fixed_dynamic_seed15_steps.csv,/Users/venushambhuhullukattenataraju/thesis_project/results_v2/conventional/grid2x2/original_fixed_dynamic_seed15_tripinfo.xml,PASS
webster_fixed,2x2,dynamic,11,1800,1200,1199,1129,94.08333333333333,94.16180150125103,100.77413640389726,13.968999114260408,34.892922940655446,1.8840277777777779,10,10.040277777777778,8.063888888888888,0,0,70,71,4,a,98.0625,8.616709957947023,9.702608249965124,True,/Users/venushambhuhullukattenataraju/thesis_project/results_v2/conventional/grid2x2/webster_fixed_dynamic_seed11_steps.csv,/Users/venushambhuhullukattenataraju/thesis_project/results_v2/conventional/grid2x2/webster_fixed_dynamic_seed11_tripinfo.xml,PASS
webster_fixed,2x2,dynamic,12,1800,1200,1200,1125,93.75,93.75,101.59022222222222,13.977777777777778,35.788853333333336,1.9013888888888888,10,9.822222222222223,8.19513888888889,0,0,75,75,4,a,98.9375,8.616922999965027,9.684867708943784,True,/Users/venushambhuhullukattenataraju/thesis_project/results_v2/conventional/grid2x2/webster_fixed_dynamic_seed12_steps.csv,/Users/venushambhuhullukattenataraju/thesis_project/results_v2/conventional/grid2x2/webster_fixed_dynamic_seed12_tripinfo.xml,PASS
webster_fixed,2x2,dynamic,13,1800,1200,1200,1127,93.91666666666667,93.91666666666667,107.07630878438331,15.709849157054126,40.76062999112688,2.2569444444444446,13,12.090277777777779,9.097222222222221,0,0,73,73,4,a,99.125,8.616760042030364,9.6974513749592,True,/Users/venushambhuhullukattenataraju/thesis_project/results_v2/conventional/grid2x2/webster_fixed_dynamic_seed13_steps.csv,/Users/venushambhuhullukattenataraju/thesis_project/results_v2/conventional/grid2x2/webster_fixed_dynamic_seed13_tripinfo.xml,PASS
webster_fixed,2x2,dynamic,14,1800,1200,1200,1127,93.91666666666667,93.91666666666667,102.2360248447205,14.233362910381544,36.100425909494234,1.9958333333333333,10,10.542361111111111,8.342361111111112,0,0,73,73,4,a,99.375,8.620390249998309,9.707505958969705,True,/Users/venushambhuhullukattenataraju/thesis_project/results_v2/conventional/grid2x2/webster_fixed_dynamic_seed14_steps.csv,/Users/venushambhuhullukattenataraju/thesis_project/results_v2/conventional/grid2x2/webster_fixed_dynamic_seed14_tripinfo.xml,PASS
webster_fixed,2x2,dynamic,15,1800,1200,1200,1129,94.08333333333333,94.08333333333333,102.53941541186892,14.799822852081489,36.79205491585474,1.9861111111111112,10,10.50763888888889,8.32013888888889,0,0,71,71,4,a,99.390625,8.529287833021954,9.616277000051923,True,/Users/venushambhuhullukattenataraju/thesis_project/results_v2/conventional/grid2x2/webster_fixed_dynamic_seed15_steps.csv,/Users/venushambhuhullukattenataraju/thesis_project/results_v2/conventional/grid2x2/webster_fixed_dynamic_seed15_tripinfo.xml,PASS
actuated,2x2,high,11,1800,3000,1578,365,12.166666666666668,23.130544993662863,297.8301369863014,186.56438356164384,222.77117808219177,73.42152777777778,100,10005.961805555555,80.62430555555555,105,51,1181,2635,4,0,109.234375,9.87658941699192,10.928089207969606,True,/Users/venushambhuhullukattenataraju/thesis_project/results_v2/conventional/grid2x2/actuated_high_seed11_steps.csv,/Users/venushambhuhullukattenataraju/thesis_project/results_v2/conventional/grid2x2/actuated_high_seed11_tripinfo.xml,PASS
actuated,2x2,high,12,1800,3000,1620,408,13.600000000000001,25.185185185185183,305.63235294117646,192.1078431372549,233.03357843137255,72.9625,100,9346.314583333333,80.80694444444444,111,60,1184,2592,4,0,108.75,9.830725749954581,10.884068457991816,True,/Users/venushambhuhullukattenataraju/thesis_project/results_v2/conventional/grid2x2/actuated_high_seed12_steps.csv,/Users/venushambhuhullukattenataraju/thesis_project/results_v2/conventional/grid2x2/actuated_high_seed12_tripinfo.xml,PASS
actuated,2x2,high,13,1800,3000,1571,360,12.0,22.915340547422026,287.35833333333335,178.53055555555557,212.48586111111112,75.32847222222222,100,10979.106944444444,82.45486111111111,116,70,1187,2640,4,0,108.75,9.82259529188741,10.871714625041932,True,/Users/venushambhuhullukattenataraju/thesis_project/results_v2/conventional/grid2x2/actuated_high_seed13_steps.csv,/Users/venushambhuhullukattenataraju/thesis_project/results_v2/conventional/grid2x2/actuated_high_seed13_tripinfo.xml,PASS
actuated,2x2,high,14,1800,3000,1630,410,13.666666666666666,25.153374233128833,276.00243902439024,169.01463414634145,206.82626829268293,73.45833333333333,100,8804.952777777778,81.50347222222223,96,49,1187,2590,4,0,108.625,9.864509167033248,10.908790542045608,True,/Users/venushambhuhullukattenataraju/thesis_project/results_v2/conventional/grid2x2/actuated_high_seed14_steps.csv,/Users/venushambhuhullukattenataraju/thesis_project/results_v2/conventional/grid2x2/actuated_high_seed14_tripinfo.xml,PASS
actuated,2x2,high,15,1800,3000,1656,433,14.433333333333334,26.147342995169083,274.00461893764435,160.57505773672057,201.5337413394919,73.2375,100,8966.714583333332,81.81527777777778,100,54,1194,2567,4,0,108.46875,9.845692291972227,10.8900503750192,True,/Users/venushambhuhullukattenataraju/thesis_project/results_v2/conventional/grid2x2/actuated_high_seed15_steps.csv,/Users/venushambhuhullukattenataraju/thesis_project/results_v2/conventional/grid2x2/actuated_high_seed15_tripinfo.xml,PASS
original_fixed,2x2,high,11,1800,3000,1575,356,11.866666666666667,22.6031746031746,271.80056179775283,164.9691011235955,199.48960674157303,74.89652777777778,100,8619.30625,83.07291666666667,97,52,1187,2644,4,0,107.765625,9.768513249931857,10.818240332999267,True,/Users/venushambhuhullukattenataraju/thesis_project/results_v2/conventional/grid2x2/original_fixed_high_seed11_steps.csv,/Users/venushambhuhullukattenataraju/thesis_project/results_v2/conventional/grid2x2/original_fixed_high_seed11_tripinfo.xml,PASS
original_fixed,2x2,high,12,1800,3000,1627,415,13.833333333333334,25.507068223724648,290.34698795180725,176.3132530120482,215.32060240963855,74.79513888888889,100,10045.810416666667,83.07222222222222,111,70,1189,2585,4,0,108.484375,9.761387416976504,10.812314792070538,True,/Users/venushambhuhullukattenataraju/thesis_project/results_v2/conventional/grid2x2/original_fixed_high_seed12_steps.csv,/Users/venushambhuhullukattenataraju/thesis_project/results_v2/conventional/grid2x2/original_fixed_high_seed12_tripinfo.xml,PASS
original_fixed,2x2,high,13,1800,3000,1645,421,14.033333333333333,25.592705167173253,262.0166270783848,149.6603325415677,187.77643705463183,74.18611111111112,100,10282.946527777778,82.5125,114,63,1193,2579,4,0,107.671875,9.72313004208263,10.770820000092499,True,/Users/venushambhuhullukattenataraju/thesis_project/results_v2/conventional/grid2x2/original_fixed_high_seed13_steps.csv,/Users/venushambhuhullukattenataraju/thesis_project/results_v2/conventional/grid2x2/original_fixed_high_seed13_tripinfo.xml,PASS
original_fixed,2x2,high,14,1800,3000,1671,459,15.299999999999999,27.468581687612208,273.70152505446623,158.5032679738562,205.1162091503268,71.43194444444444,100,9880.022222222222,81.01527777777778,89,49,1184,2541,4,0,108.71875,9.735441708005965,10.785165666951798,True,/Users/venushambhuhullukattenataraju/thesis_project/results_v2/conventional/grid2x2/original_fixed_high_seed14_steps.csv,/Users/venushambhuhullukattenataraju/thesis_project/results_v2/conventional/grid2x2/original_fixed_high_seed14_tripinfo.xml,PASS
original_fixed,2x2,high,15,1800,3000,1582,365,12.166666666666668,23.072060682680153,269.827397260274,160.56712328767122,196.75758904109588,75.15208333333334,100,9974.7625,82.89444444444445,104,62,1190,2635,4,0,108.5,9.714142291108146,10.758859082940035,True,/Users/venushambhuhullukattenataraju/thesis_project/results_v2/conventional/grid2x2/original_fixed_high_seed15_steps.csv,/Users/venushambhuhullukattenataraju/thesis_project/results_v2/conventional/grid2x2/original_fixed_high_seed15_tripinfo.xml,PASS
webster_fixed,2x2,high,11,1800,3000,1692,472,15.733333333333333,27.89598108747045,253.46186440677965,129.83262711864407,184.9517372881356,69.81458333333333,100,9796.100694444445,81.83680555555556,94,46,1185,2528,4,a,114.421875,9.734340874943882,10.807404666906223,True,/Users/venushambhuhullukattenataraju/thesis_project/results_v2/conventional/grid2x2/webster_fixed_high_seed11_steps.csv,/Users/venushambhuhullukattenataraju/thesis_project/results_v2/conventional/grid2x2/webster_fixed_high_seed11_tripinfo.xml,PASS
webster_fixed,2x2,high,12,1800,3000,1702,496,16.53333333333333,29.142185663924796,259.44959677419354,131.41129032258064,189.29370967741934,69.49583333333334,100,9203.739583333334,81.59027777777777,91,50,1180,2504,4,a,114.375,9.719377542030998,10.80555504199583,True,/Users/venushambhuhullukattenataraju/thesis_project/results_v2/conventional/grid2x2/webster_fixed_high_seed12_steps.csv,/Users/venushambhuhullukattenataraju/thesis_project/results_v2/conventional/grid2x2/webster_fixed_high_seed12_tripinfo.xml,PASS
webster_fixed,2x2,high,13,1800,3000,1678,456,15.2,27.175208581644817,267.3157894736842,141.1469298245614,194.04616228070176,69.87430555555555,100,7459.328472222222,81.36597222222223,77,36,1200,2544,4,a,114.640625,9.759122792049311,10.841009708005004,True,/Users/venushambhuhullukattenataraju/thesis_project/results_v2/conventional/grid2x2/webster_fixed_high_seed13_steps.csv,/Users/venushambhuhullukattenataraju/thesis_project/results_v2/conventional/grid2x2/webster_fixed_high_seed13_tripinfo.xml,PASS
webster_fixed,2x2,high,14,1800,3000,1677,460,15.333333333333332,27.42993440667859,258.3934782608696,137.0086956521739,193.39004347826088,69.9798611111111,100,7693.416666666667,81.64027777777778,76,43,1195,2540,4,a,114.65625,9.71004933398217,10.799825291964225,True,/Users/venushambhuhullukattenataraju/thesis_project/results_v2/conventional/grid2x2/webster_fixed_high_seed14_steps.csv,/Users/venushambhuhullukattenataraju/thesis_project/results_v2/conventional/grid2x2/webster_fixed_high_seed14_tripinfo.xml,PASS
webster_fixed,2x2,high,15,1800,3000,1656,445,14.833333333333334,26.871980676328505,254.52359550561798,132.97752808988764,178.1230786516854,71.44930555555555,100,9734.320138888888,80.45138888888889,97,49,1182,2555,4,a,114.453125,9.837229333003052,10.926697458024137,True,/Users/venushambhuhullukattenataraju/thesis_project/results_v2/conventional/grid2x2/webster_fixed_high_seed15_steps.csv,/Users/venushambhuhullukattenataraju/thesis_project/results_v2/conventional/grid2x2/webster_fixed_high_seed15_tripinfo.xml,PASS
actuated,2x2,low,11,1800,600,600,572,95.33333333333334,95.33333333333334,80.79020979020979,4.631118881118881,17.494702797202798,0.35,4,1.6430555555555555,2.829861111111111,0,0,28,28,4,0,90.40625,8.550485917017795,9.601181624922901,True,/Users/venushambhuhullukattenataraju/thesis_project/results_v2/conventional/grid2x2/actuated_low_seed11_steps.csv,/Users/venushambhuhullukattenataraju/thesis_project/results_v2/conventional/grid2x2/actuated_low_seed11_tripinfo.xml,PASS
actuated,2x2,low,12,1800,600,600,571,95.16666666666667,95.16666666666667,82.06830122591944,5.350262697022767,18.473134851138354,0.3861111111111111,8,1.8229166666666667,2.8875,0,0,29,29,4,0,89.71875,8.518328040954657,9.566233917023055,True,/Users/venushambhuhullukattenataraju/thesis_project/results_v2/conventional/grid2x2/actuated_low_seed12_steps.csv,/Users/venushambhuhullukattenataraju/thesis_project/results_v2/conventional/grid2x2/actuated_low_seed12_tripinfo.xml,PASS
actuated,2x2,low,13,1800,600,600,573,95.5,95.5,81.95287958115183,4.50087260034904,17.84261780104712,0.33611111111111114,4,1.542361111111111,2.8375,0,0,27,27,4,0,89.828125,8.47630525007844,9.521190124913119,True,/Users/venushambhuhullukattenataraju/thesis_project/results_v2/conventional/grid2x2/actuated_low_seed13_steps.csv,/Users/venushambhuhullukattenataraju/thesis_project/results_v2/conventional/grid2x2/actuated_low_seed13_tripinfo.xml,PASS
actuated,2x2,low,14,1800,600,600,574,95.66666666666667,95.66666666666667,82.05574912891986,4.900696864111498,18.107473867595818,0.36666666666666664,4,1.6701388888888888,2.8666666666666667,0,0,26,26,4,0,90.234375,8.464350791065954,9.512133207987063,True,/Users/venushambhuhullukattenataraju/thesis_project/results_v2/conventional/grid2x2/actuated_low_seed14_steps.csv,/Users/venushambhuhullukattenataraju/thesis_project/results_v2/conventional/grid2x2/actuated_low_seed14_tripinfo.xml,PASS
actuated,2x2,low,15,1800,600,600,571,95.16666666666667,95.16666666666667,81.07355516637477,4.686514886164623,17.477145359019264,0.34097222222222223,4,1.6291666666666667,2.817361111111111,0,0,29,29,4,0,89.671875,8.43813633301761,9.480465041007847,True,/Users/venushambhuhullukattenataraju/thesis_project/results_v2/conventional/grid2x2/actuated_low_seed15_steps.csv,/Users/venushambhuhullukattenataraju/thesis_project/results_v2/conventional/grid2x2/actuated_low_seed15_tripinfo.xml,PASS
original_fixed,2x2,low,11,1800,600,600,568,94.66666666666667,94.66666666666667,96.8855633802817,19.401408450704224,33.64463028169014,1.6368055555555556,8,24.740277777777777,4.191666666666666,0,0,32,32,4,0,87.921875,8.308864791993983,9.361302291974425,True,/Users/venushambhuhullukattenataraju/thesis_project/results_v2/conventional/grid2x2/original_fixed_low_seed11_steps.csv,/Users/venushambhuhullukattenataraju/thesis_project/results_v2/conventional/grid2x2/original_fixed_low_seed11_tripinfo.xml,PASS
original_fixed,2x2,low,12,1800,600,600,568,94.66666666666667,94.66666666666667,98.34859154929578,20.6056338028169,34.879348591549295,1.676388888888889,9,25.960416666666667,4.254166666666666,0,0,32,32,4,0,88.9375,8.289759292034432,9.33737054199446,True,/Users/venushambhuhullukattenataraju/thesis_project/results_v2/conventional/grid2x2/original_fixed_low_seed12_steps.csv,/Users/venushambhuhullukattenataraju/thesis_project/results_v2/conventional/grid2x2/original_fixed_low_seed12_tripinfo.xml,PASS
original_fixed,2x2,low,13,1800,600,600,573,95.5,95.5,97.65968586387434,19.335078534031414,33.62879581151832,1.60625,9,24.209027777777777,4.175694444444445,0,0,27,27,4,0,88.90625,8.363887917017564,9.411837667110376,True,/Users/venushambhuhullukattenataraju/thesis_project/results_v2/conventional/grid2x2/original_fixed_low_seed13_steps.csv,/Users/venushambhuhullukattenataraju/thesis_project/results_v2/conventional/grid2x2/original_fixed_low_seed13_tripinfo.xml,PASS
original_fixed,2x2,low,14,1800,600,600,570,95.0,95.0,97.34561403508772,19.16140350877193,33.47424561403509,1.5944444444444446,9,23.927777777777777,4.164583333333334,0,0,30,30,4,0,88.953125,8.326981541933492,9.374778499943204,True,/Users/venushambhuhullukattenataraju/thesis_project/results_v2/conventional/grid2x2/original_fixed_low_seed14_steps.csv,/Users/venushambhuhullukattenataraju/thesis_project/results_v2/conventional/grid2x2/original_fixed_low_seed14_tripinfo.xml,PASS
original_fixed,2x2,low,15,1800,600,600,569,94.83333333333334,94.83333333333334,96.90158172231986,19.36555360281195,33.38688927943761,1.6194444444444445,9,24.583333333333332,4.164583333333334,0,0,31,31,4,0,89.078125,8.371514291968197,9.41922333301045,True,/Users/venushambhuhullukattenataraju/thesis_project/results_v2/conventional/grid2x2/original_fixed_low_seed15_steps.csv,/Users/venushambhuhullukattenataraju/thesis_project/results_v2/conventional/grid2x2/original_fixed_low_seed15_tripinfo.xml,PASS
webster_fixed,2x2,low,11,1800,600,600,570,95.0,95.0,83.05438596491229,6.082456140350877,19.740947368421054,0.4486111111111111,4,2.0680555555555555,2.9625,0,0,30,30,4,a,95.21875,8.418008291977458,9.504976249998435,True,/Users/venushambhuhullukattenataraju/thesis_project/results_v2/conventional/grid2x2/webster_fixed_low_seed11_steps.csv,/Users/venushambhuhullukattenataraju/thesis_project/results_v2/conventional/grid2x2/webster_fixed_low_seed11_tripinfo.xml,PASS
webster_fixed,2x2,low,12,1800,600,600,570,95.0,95.0,83.33157894736843,6.235087719298246,19.73080701754386,0.4673611111111111,4,2.120138888888889,2.9895833333333335,0,0,30,30,4,a,95.40625,8.411149708088487,9.494784083100967,True,/Users/venushambhuhullukattenataraju/thesis_project/results_v2/conventional/grid2x2/webster_fixed_low_seed12_steps.csv,/Users/venushambhuhullukattenataraju/thesis_project/results_v2/conventional/grid2x2/webster_fixed_low_seed12_tripinfo.xml,PASS
webster_fixed,2x2,low,13,1800,600,600,571,95.16666666666667,95.16666666666667,84.12259194395797,6.201401050788091,20.077145359019266,0.46041666666666664,4,2.1333333333333333,3.0215277777777776,0,0,29,29,4,a,95.84375,8.50490320904646,9.597926207934506,True,/Users/venushambhuhullukattenataraju/thesis_project/results_v2/conventional/grid2x2/webster_fixed_low_seed13_steps.csv,/Users/venushambhuhullukattenataraju/thesis_project/results_v2/conventional/grid2x2/webster_fixed_low_seed13_tripinfo.xml,PASS
webster_fixed,2x2,low,14,1800,600,600,572,95.33333333333334,95.33333333333334,84.37237762237763,6.559440559440559,20.425402097902097,0.4861111111111111,6,2.25625,3.0493055555555557,0,0,28,28,4,a,96.390625,8.520878332899883,9.610735499998555,True,/Users/venushambhuhullukattenataraju/thesis_project/results_v2/conventional/grid2x2/webster_fixed_low_seed14_steps.csv,/Users/venushambhuhullukattenataraju/thesis_project/results_v2/conventional/grid2x2/webster_fixed_low_seed14_tripinfo.xml,PASS
webster_fixed,2x2,low,15,1800,600,600,568,94.66666666666667,94.66666666666667,83.75880281690141,6.517605633802817,20.288573943661973,0.4777777777777778,6,2.2194444444444446,3.0055555555555555,0,0,32,32,4,a,96.578125,8.426834541023709,9.520784000051208,True,/Users/venushambhuhullukattenataraju/thesis_project/results_v2/conventional/grid2x2/webster_fixed_low_seed15_steps.csv,/Users/venushambhuhullukattenataraju/thesis_project/results_v2/conventional/grid2x2/webster_fixed_low_seed15_tripinfo.xml,PASS
actuated,2x2,medium,11,1800,1500,1499,1418,94.53333333333333,94.59639759839892,97.30677009873061,15.405500705218618,34.80427362482369,2.1430555555555557,13,17.586805555555557,8.889583333333333,0,0,81,82,4,0,92.375,8.411154458066449,9.4616049999604,True,/Users/venushambhuhullukattenataraju/thesis_project/results_v2/conventional/grid2x2/actuated_medium_seed11_steps.csv,/Users/venushambhuhullukattenataraju/thesis_project/results_v2/conventional/grid2x2/actuated_medium_seed11_tripinfo.xml,PASS
actuated,2x2,medium,12,1800,1500,1500,1417,94.46666666666667,94.46666666666667,96.89978828510938,15.18772053634439,34.17618207480593,2.120138888888889,13,16.91875,8.902083333333334,0,0,83,83,4,0,93.03125,8.599390208953992,9.642861416912638,True,/Users/venushambhuhullukattenataraju/thesis_project/results_v2/conventional/grid2x2/actuated_medium_seed12_steps.csv,/Users/venushambhuhullukattenataraju/thesis_project/results_v2/conventional/grid2x2/actuated_medium_seed12_tripinfo.xml,PASS
actuated,2x2,medium,13,1800,1500,1498,1414,94.26666666666667,94.39252336448598,96.85007072135785,14.918670438472418,33.954526166902404,2.134027777777778,15,17.91111111111111,8.948611111111111,0,0,84,86,4,0,92.546875,8.58352508302778,9.618173750001006,True,/Users/venushambhuhullukattenataraju/thesis_project/results_v2/conventional/grid2x2/actuated_medium_seed13_steps.csv,/Users/venushambhuhullukattenataraju/thesis_project/results_v2/conventional/grid2x2/actuated_medium_seed13_tripinfo.xml,PASS
actuated,2x2,medium,14,1800,1500,1498,1410,94.0,94.12550066755674,96.6645390070922,14.59290780141844,33.92585815602837,2.209722222222222,14,17.70486111111111,9.057638888888889,0,0,88,90,4,0,93.140625,8.589547874988057,9.638002582942136,True,/Users/venushambhuhullukattenataraju/thesis_project/results_v2/conventional/grid2x2/actuated_medium_seed14_steps.csv,/Users/venushambhuhullukattenataraju/thesis_project/results_v2/conventional/grid2x2/actuated_medium_seed14_tripinfo.xml,PASS
actuated,2x2,medium,15,1800,1500,1499,1423,94.86666666666666,94.92995330220147,95.39002108222066,14.161630358397751,32.900295151089246,2.0319444444444446,13,15.559027777777779,8.739583333333334,0,0,76,77,4,0,92.90625,8.567867083940655,9.61566191597376,True,/Users/venushambhuhullukattenataraju/thesis_project/results_v2/conventional/grid2x2/actuated_medium_seed15_steps.csv,/Users/venushambhuhullukattenataraju/thesis_project/results_v2/conventional/grid2x2/actuated_medium_seed15_tripinfo.xml,PASS
original_fixed,2x2,medium,11,1800,1500,1498,1397,93.13333333333334,93.25767690253672,122.8704366499642,36.92412312097351,60.36526127415891,6.51875,23,105.43819444444445,14.141666666666667,0,0,101,103,4,0,87.125,8.437426374992356,9.47584354202263,True,/Users/venushambhuhullukattenataraju/thesis_project/results_v2/conventional/grid2x2/original_fixed_medium_seed11_steps.csv,/Users/venushambhuhullukattenataraju/thesis_project/results_v2/conventional/grid2x2/original_fixed_medium_seed11_tripinfo.xml,PASS
original_fixed,2x2,medium,12,1800,1500,1500,1395,93.0,93.0,121.88960573476703,35.88028673835125,59.07793548387097,6.563888888888889,26,104.61111111111111,14.192361111111111,0,0,105,105,4,0,91.234375,8.532808708027005,9.580780792050064,True,/Users/venushambhuhullukattenataraju/thesis_project/results_v2/conventional/grid2x2/original_fixed_medium_seed12_steps.csv,/Users/venushambhuhullukattenataraju/thesis_project/results_v2/conventional/grid2x2/original_fixed_medium_seed12_tripinfo.xml,PASS
original_fixed,2x2,medium,13,1800,1500,1498,1398,93.2,93.32443257676903,123.05722460658083,36.61587982832618,60.1175321888412,6.664583333333334,24,106.68680555555555,14.36111111111111,0,0,100,102,4,0,92.375,8.913446375052445,9.956356041016988,True,/Users/venushambhuhullukattenataraju/thesis_project/results_v2/conventional/grid2x2/original_fixed_medium_seed13_steps.csv,/Users/venushambhuhullukattenataraju/thesis_project/results_v2/conventional/grid2x2/original_fixed_medium_seed13_tripinfo.xml,PASS
original_fixed,2x2,medium,14,1800,1500,1499,1383,92.2,92.26150767178119,125.0947216196674,38.186550976138825,62.462610267534345,6.860416666666667,25,110.24930555555555,14.649305555555555,0,0,116,117,4,0,93.453125,8.71206558297854,9.76292300003115,True,/Users/venushambhuhullukattenataraju/thesis_project/results_v2/conventional/grid2x2/original_fixed_medium_seed14_steps.csv,/Users/venushambhuhullukattenataraju/thesis_project/results_v2/conventional/grid2x2/original_fixed_medium_seed14_tripinfo.xml,PASS
original_fixed,2x2,medium,15,1800,1500,1498,1398,93.2,93.32443257676903,118.21387696709586,33.57367668097282,55.771280400572245,5.959722222222222,27,92.72777777777777,13.36111111111111,0,0,100,102,4,0,92.703125,8.647676874999888,9.690322624985129,True,/Users/venushambhuhullukattenataraju/thesis_project/results_v2/conventional/grid2x2/original_fixed_medium_seed15_steps.csv,/Users/venushambhuhullukattenataraju/thesis_project/results_v2/conventional/grid2x2/original_fixed_medium_seed15_tripinfo.xml,PASS
webster_fixed,2x2,medium,11,1800,1500,1500,1414,94.26666666666667,94.26666666666667,99.26025459688826,15.505657708628005,36.82577086280057,2.3652777777777776,11,12.154166666666667,9.578472222222222,0,0,86,86,4,a,97.859375,8.365159041946754,9.44792054197751,True,/Users/venushambhuhullukattenataraju/thesis_project/results_v2/conventional/grid2x2/webster_fixed_medium_seed11_steps.csv,/Users/venushambhuhullukattenataraju/thesis_project/results_v2/conventional/grid2x2/webster_fixed_medium_seed11_tripinfo.xml,PASS
webster_fixed,2x2,medium,12,1800,1500,1500,1417,94.46666666666667,94.46666666666667,98.45518701482004,15.00211714890614,35.748588567395906,2.2125,11,11.23263888888889,9.327777777777778,0,0,83,83,4,a,99.203125,8.65759833296761,9.75054420903325,True,/Users/venushambhuhullukattenataraju/thesis_project/results_v2/conventional/grid2x2/webster_fixed_medium_seed12_steps.csv,/Users/venushambhuhullukattenataraju/thesis_project/results_v2/conventional/grid2x2/webster_fixed_medium_seed12_tripinfo.xml,PASS
webster_fixed,2x2,medium,13,1800,1500,1499,1411,94.06666666666666,94.12941961307538,99.07441530829199,15.031892274982281,36.18812898653437,2.28125,10,11.534027777777778,9.497222222222222,0,0,88,89,4,a,99.546875,8.63952091592364,9.731892041978426,True,/Users/venushambhuhullukattenataraju/thesis_project/results_v2/conventional/grid2x2/webster_fixed_medium_seed13_steps.csv,/Users/venushambhuhullukattenataraju/thesis_project/results_v2/conventional/grid2x2/webster_fixed_medium_seed13_tripinfo.xml,PASS
webster_fixed,2x2,medium,14,1800,1500,1498,1412,94.13333333333334,94.25901201602136,98.90793201133144,15.080028328611897,36.26629603399434,2.3555555555555556,12,12.122916666666667,9.57013888888889,0,0,86,88,4,a,99.046875,8.532488125027157,9.617131582926959,True,/Users/venushambhuhullukattenataraju/thesis_project/results_v2/conventional/grid2x2/webster_fixed_medium_seed14_steps.csv,/Users/venushambhuhullukattenataraju/thesis_project/results_v2/conventional/grid2x2/webster_fixed_medium_seed14_tripinfo.xml,PASS
webster_fixed,2x2,medium,15,1800,1500,1499,1416,94.39999999999999,94.46297531687792,98.76765536723164,15.030367231638419,36.37249293785311,2.3583333333333334,12,12.003472222222221,9.574305555555556,0,0,83,84,4,a,99.453125,8.54409920796752,9.633987707900815,True,/Users/venushambhuhullukattenataraju/thesis_project/results_v2/conventional/grid2x2/webster_fixed_medium_seed15_steps.csv,/Users/venushambhuhullukattenataraju/thesis_project/results_v2/conventional/grid2x2/webster_fixed_medium_seed15_tripinfo.xml,PASS
actuated,3x3,medium,11,1800,1800,1797,1691,93.94444444444444,94.10127991096272,105.92548787699586,13.451212300413957,33.94973979893554,1.2271604938271605,11,7.912962962962963,6.514814814814815,0,0,106,109,9,0,95.9375,10.034916708013043,11.095410915906541,True,/Users/venushambhuhullukattenataraju/thesis_project/results_v2/conventional/grid3x3/actuated_medium_seed11_steps.csv,/Users/venushambhuhullukattenataraju/thesis_project/results_v2/conventional/grid3x3/actuated_medium_seed11_tripinfo.xml,PASS
actuated,3x3,medium,12,1800,1800,1799,1689,93.83333333333333,93.88549193996664,106.67377146240379,13.851983422143281,34.415671995263466,1.2907407407407407,16,8.549691358024692,6.587037037037037,0,0,110,111,9,0,95.890625,10.047457583015785,11.100387791986577,True,/Users/venushambhuhullukattenataraju/thesis_project/results_v2/conventional/grid3x3/actuated_medium_seed12_steps.csv,/Users/venushambhuhullukattenataraju/thesis_project/results_v2/conventional/grid3x3/actuated_medium_seed12_tripinfo.xml,PASS
actuated,3x3,medium,13,1800,1800,1799,1684,93.55555555555556,93.60755975541967,109.01187648456057,15.386579572446555,36.559192399049884,1.4141975308641976,14,9.889506172839507,6.792592592592593,0,0,115,116,9,0,95.953125,10.052572041982785,11.10992824996356,True,/Users/venushambhuhullukattenataraju/thesis_project/results_v2/conventional/grid3x3/actuated_medium_seed13_steps.csv,/Users/venushambhuhullukattenataraju/thesis_project/results_v2/conventional/grid3x3/actuated_medium_seed13_tripinfo.xml,PASS
actuated,3x3,medium,14,1800,1800,1798,1684,93.55555555555556,93.65962180200222,105.89192399049881,13.306413301662708,33.59014845605701,1.2685185185185186,13,8.256172839506172,6.562345679012346,0,0,114,116,9,0,95.8125,10.064613834023476,11.119902749895118,True,/Users/venushambhuhullukattenataraju/thesis_project/results_v2/conventional/grid3x3/actuated_medium_seed14_steps.csv,/Users/venushambhuhullukattenataraju/thesis_project/results_v2/conventional/grid3x3/actuated_medium_seed14_tripinfo.xml,PASS
actuated,3x3,medium,15,1800,1800,1799,1688,93.77777777777779,93.82990550305725,108.51895734597156,15.417654028436019,36.53200236966825,1.4203703703703703,17,10.55,6.759876543209876,0,0,111,112,9,0,95.875,10.02905762498267,11.082056249957532,True,/Users/venushambhuhullukattenataraju/thesis_project/results_v2/conventional/grid3x3/actuated_medium_seed15_steps.csv,/Users/venushambhuhullukattenataraju/thesis_project/results_v2/conventional/grid3x3/actuated_medium_seed15_tripinfo.xml,PASS
original_fixed,3x3,medium,11,1800,1800,1798,1651,91.72222222222223,91.82424916573972,136.48031496062993,40.59842519685039,64.51917625681405,4.132716049382716,22,65.60123456790123,9.746296296296297,0,0,147,149,9,0,95.234375,10.079081000061706,11.130059292074293,True,/Users/venushambhuhullukattenataraju/thesis_project/results_v2/conventional/grid3x3/original_fixed_medium_seed11_steps.csv,/Users/venushambhuhullukattenataraju/thesis_project/results_v2/conventional/grid3x3/original_fixed_medium_seed11_tripinfo.xml,PASS
original_fixed,3x3,medium,12,1800,1800,1799,1652,91.77777777777779,91.82879377431907,139.58898305084745,42.85048426150121,67.42288740920097,4.340123456790123,25,68.95802469135802,10.041358024691357,0,0,147,148,9,0,95.640625,10.164843208971433,11.221939000068232,True,/Users/venushambhuhullukattenataraju/thesis_project/results_v2/conventional/grid3x3/original_fixed_medium_seed12_steps.csv,/Users/venushambhuhullukattenataraju/thesis_project/results_v2/conventional/grid3x3/original_fixed_medium_seed12_tripinfo.xml,PASS
original_fixed,3x3,medium,13,1800,1800,1799,1650,91.66666666666666,91.71762090050028,136.3648484848485,39.82121212121212,64.00283030303031,4.053395061728395,23,63.284876543209876,9.739814814814816,0,0,149,150,9,0,95.625,10.20443291706033,11.258113624993712,True,/Users/venushambhuhullukattenataraju/thesis_project/results_v2/conventional/grid3x3/original_fixed_medium_seed13_steps.csv,/Users/venushambhuhullukattenataraju/thesis_project/results_v2/conventional/grid3x3/original_fixed_medium_seed13_tripinfo.xml,PASS
original_fixed,3x3,medium,14,1800,1800,1799,1650,91.66666666666666,91.71762090050028,134.81151515151515,39.233333333333334,62.65988484848485,3.9953703703703702,16,63.248765432098764,9.59783950617284,0,0,149,150,9,0,95.640625,10.075928042060696,11.132347792037763,True,/Users/venushambhuhullukattenataraju/thesis_project/results_v2/conventional/grid3x3/original_fixed_medium_seed14_steps.csv,/Users/venushambhuhullukattenataraju/thesis_project/results_v2/conventional/grid3x3/original_fixed_medium_seed14_tripinfo.xml,PASS
original_fixed,3x3,medium,15,1800,1800,1799,1649,91.61111111111111,91.66203446359089,132.4354154032747,37.795633717404485,60.60698605215282,3.9104938271604937,18,61.48179012345679,9.450617283950617,0,0,150,151,9,0,95.625,10.010123957996257,11.073905583005399,True,/Users/venushambhuhullukattenataraju/thesis_project/results_v2/conventional/grid3x3/original_fixed_medium_seed15_steps.csv,/Users/venushambhuhullukattenataraju/thesis_project/results_v2/conventional/grid3x3/original_fixed_medium_seed15_tripinfo.xml,PASS
webster_fixed,3x3,medium,11,1800,1800,1799,1677,93.16666666666666,93.21845469705391,112.29755515802027,16.669051878354203,40.322492546213475,1.532716049382716,11,7.533950617283951,7.098765432098766,0,0,122,123,9,a,102.046875,9.950872917077504,11.04164491710253,True,/Users/venushambhuhullukattenataraju/thesis_project/results_v2/conventional/grid3x3/webster_fixed_medium_seed11_steps.csv,/Users/venushambhuhullukattenataraju/thesis_project/results_v2/conventional/grid3x3/webster_fixed_medium_seed11_tripinfo.xml,PASS
webster_fixed,3x3,medium,12,1800,1800,1799,1688,93.77777777777779,93.82990550305725,110.42476303317535,15.320497630331754,38.16422393364929,1.4521604938271604,12,6.945679012345679,6.985802469135803,0,0,111,112,9,a,101.75,9.973235917044804,11.075055374996737,True,/Users/venushambhuhullukattenataraju/thesis_project/results_v2/conventional/grid3x3/webster_fixed_medium_seed12_steps.csv,/Users/venushambhuhullukattenataraju/thesis_project/results_v2/conventional/grid3x3/webster_fixed_medium_seed12_tripinfo.xml,PASS
webster_fixed,3x3,medium,13,1800,1800,1798,1691,93.94444444444444,94.04894327030033,111.82436428149025,16.11886457717327,39.25007096392667,1.5006172839506173,11,7.2972222222222225,7.045679012345679,0,0,107,109,9,a,101.71875,10.00099983299151,11.103646749979816,True,/Users/venushambhuhullukattenataraju/thesis_project/results_v2/conventional/grid3x3/webster_fixed_medium_seed13_steps.csv,/Users/venushambhuhullukattenataraju/thesis_project/results_v2/conventional/grid3x3/webster_fixed_medium_seed13_tripinfo.xml,PASS
webster_fixed,3x3,medium,14,1800,1800,1799,1679,93.27777777777779,93.3296275708727,111.26742108397856,16.005360333531865,39.090315664085765,1.501543209876543,10,7.310185185185185,7.052777777777778,0,0,120,121,9,a,102.046875,10.014922042028047,11.104403249919415,True,/Users/venushambhuhullukattenataraju/thesis_project/results_v2/conventional/grid3x3/webster_fixed_medium_seed14_steps.csv,/Users/venushambhuhullukattenataraju/thesis_project/results_v2/conventional/grid3x3/webster_fixed_medium_seed14_tripinfo.xml,PASS
webster_fixed,3x3,medium,15,1800,1800,1800,1687,93.72222222222221,93.72222222222221,111.76704208654417,16.3918197984588,39.82331950207469,1.5472222222222223,11,7.607716049382716,7.120061728395061,0,0,113,113,9,a,101.84375,10.038265083101578,11.137121540959924,True,/Users/venushambhuhullukattenataraju/thesis_project/results_v2/conventional/grid3x3/webster_fixed_medium_seed15_steps.csv,/Users/venushambhuhullukattenataraju/thesis_project/results_v2/conventional/grid3x3/webster_fixed_medium_seed15_tripinfo.xml,PASS
actuated,4x4,medium,11,1800,2000,1999,1870,93.5,93.54677338669335,115.70160427807487,12.764171122994652,33.806411764705885,0.7427083333333333,8,3.972916666666667,4.793229166666666,0,0,129,130,16,0,98.140625,11.764763083076105,12.836433624965139,True,/Users/venushambhuhullukattenataraju/thesis_project/results_v2/conventional/grid4x4/actuated_medium_seed11_steps.csv,/Users/venushambhuhullukattenataraju/thesis_project/results_v2/conventional/grid4x4/actuated_medium_seed11_tripinfo.xml,PASS
actuated,4x4,medium,12,1800,2000,1998,1860,93.0,93.09309309309309,118.07043010752689,13.685483870967742,35.81962365591398,0.8171875,12,4.405034722222222,4.936111111111111,0,0,138,140,16,0,98.078125,11.799916916061193,12.869938208954409,True,/Users/venushambhuhullukattenataraju/thesis_project/results_v2/conventional/grid4x4/actuated_medium_seed12_steps.csv,/Users/venushambhuhullukattenataraju/thesis_project/results_v2/conventional/grid4x4/actuated_medium_seed12_tripinfo.xml,PASS
actuated,4x4,medium,13,1800,2000,1999,1864,93.2,93.24662331165582,116.37178111587983,12.619635193133048,33.995198497854076,0.7642361111111111,11,4.245138888888889,4.842881944444445,0,0,135,136,16,0,98.15625,11.80791649990715,12.875516542000696,True,/Users/venushambhuhullukattenataraju/thesis_project/results_v2/conventional/grid4x4/actuated_medium_seed13_steps.csv,/Users/venushambhuhullukattenataraju/thesis_project/results_v2/conventional/grid4x4/actuated_medium_seed13_tripinfo.xml,PASS
actuated,4x4,medium,14,1800,2000,1999,1857,92.85,92.89644822411206,116.61604738826064,12.97253634894992,34.403511039310715,0.7737847222222223,7,4.152256944444445,4.858680555555556,0,0,142,143,16,0,98.234375,11.82763412501663,12.905605167034082,True,/Users/venushambhuhullukattenataraju/thesis_project/results_v2/conventional/grid4x4/actuated_medium_seed14_steps.csv,/Users/venushambhuhullukattenataraju/thesis_project/results_v2/conventional/grid4x4/actuated_medium_seed14_tripinfo.xml,PASS
actuated,4x4,medium,15,1800,2000,1999,1861,93.05,93.09654827413706,114.93981730252553,12.215475550779152,33.067673293927996,0.7355902777777777,10,4.016666666666667,4.766493055555555,0,0,138,139,16,0,98.078125,11.802676624967717,12.876853541005403,True,/Users/venushambhuhullukattenataraju/thesis_project/results_v2/conventional/grid4x4/actuated_medium_seed15_steps.csv,/Users/venushambhuhullukattenataraju/thesis_project/results_v2/conventional/grid4x4/actuated_medium_seed15_tripinfo.xml,PASS
original_fixed,4x4,medium,11,1800,2000,1999,1834,91.7,91.74587293646823,144.70447110141765,40.41494002181025,62.903827699018535,2.6690972222222222,14,42.38854166666667,6.786284722222222,0,0,165,166,16,0,97.578125,11.6235339170089,12.688684665947221,True,/Users/venushambhuhullukattenataraju/thesis_project/results_v2/conventional/grid4x4/original_fixed_medium_seed11_steps.csv,/Users/venushambhuhullukattenataraju/thesis_project/results_v2/conventional/grid4x4/original_fixed_medium_seed11_tripinfo.xml,PASS
original_fixed,4x4,medium,12,1800,2000,1999,1828,91.4,91.44572286143071,144.17450765864334,39.82713347921226,62.02151531728665,2.641840277777778,21,41.82899305555556,6.742013888888889,0,0,171,172,16,0,96.953125,11.620394708006643,12.674842041102238,True,/Users/venushambhuhullukattenataraju/thesis_project/results_v2/conventional/grid4x4/original_fixed_medium_seed12_steps.csv,/Users/venushambhuhullukattenataraju/thesis_project/results_v2/conventional/grid4x4/original_fixed_medium_seed12_tripinfo.xml,PASS
original_fixed,4x4,medium,13,1800,2000,1999,1835,91.75,91.7958979489745,143.71117166212534,39.260490463215255,61.57906267029973,2.5928819444444446,12,41.066319444444446,6.714409722222222,0,0,164,165,16,0,97.578125,11.828386083012447,12.88594499998726,True,/Users/venushambhuhullukattenataraju/thesis_project/results_v2/conventional/grid4x4/original_fixed_medium_seed13_steps.csv,/Users/venushambhuhullukattenataraju/thesis_project/results_v2/conventional/grid4x4/original_fixed_medium_seed13_tripinfo.xml,PASS
original_fixed,4x4,medium,14,1800,2000,1999,1834,91.7,91.74587293646823,144.83860414394766,40.29880043620501,62.757017448200656,2.665451388888889,12,42.25590277777778,6.804166666666666,0,0,165,166,16,0,97.3125,11.808412458049133,12.877795416046865,True,/Users/venushambhuhullukattenataraju/thesis_project/results_v2/conventional/grid4x4/original_fixed_medium_seed14_steps.csv,/Users/venushambhuhullukattenataraju/thesis_project/results_v2/conventional/grid4x4/original_fixed_medium_seed14_tripinfo.xml,PASS
original_fixed,4x4,medium,15,1800,2000,1998,1826,91.3,91.3913913913914,145.30887185104052,40.68674698795181,63.446150054764516,2.6831597222222223,17,42.721354166666664,6.8125,0,0,172,174,16,0,97.578125,11.812894125003368,12.86919833405409,True,/Users/venushambhuhullukattenataraju/thesis_project/results_v2/conventional/grid4x4/original_fixed_medium_seed15_steps.csv,/Users/venushambhuhullukattenataraju/thesis_project/results_v2/conventional/grid4x4/original_fixed_medium_seed15_tripinfo.xml,PASS
webster_fixed,4x4,medium,11,1800,2000,1998,1862,93.10000000000001,93.1931931931932,120.93233082706767,14.89795918367347,39.00184210526316,0.8991319444444444,10,4.033333333333333,5.102256944444444,0,0,136,138,16,a,103.75,11.880090999999084,12.986169124953449,True,/Users/venushambhuhullukattenataraju/thesis_project/results_v2/conventional/grid4x4/webster_fixed_medium_seed11_steps.csv,/Users/venushambhuhullukattenataraju/thesis_project/results_v2/conventional/grid4x4/webster_fixed_medium_seed11_tripinfo.xml,PASS
webster_fixed,4x4,medium,12,1800,2000,1999,1856,92.80000000000001,92.8464232116058,121.59644396551724,15.171875,39.34067349137931,0.9300347222222223,10,4.181076388888889,5.160416666666666,0,0,143,144,16,a,103.796875,12.015989833977073,13.124307707999833,True,/Users/venushambhuhullukattenataraju/thesis_project/results_v2/conventional/grid4x4/webster_fixed_medium_seed12_steps.csv,/Users/venushambhuhullukattenataraju/thesis_project/results_v2/conventional/grid4x4/webster_fixed_medium_seed12_tripinfo.xml,PASS
webster_fixed,4x4,medium,13,1800,2000,1998,1859,92.95,93.04304304304304,121.55244755244755,15.15922538999462,39.23212479827865,0.9177083333333333,9,4.144444444444445,5.1272569444444445,0,0,139,141,16,a,103.828125,11.932030832977034,13.040618416969664,True,/Users/venushambhuhullukattenataraju/thesis_project/results_v2/conventional/grid4x4/webster_fixed_medium_seed13_steps.csv,/Users/venushambhuhullukattenataraju/thesis_project/results_v2/conventional/grid4x4/webster_fixed_medium_seed13_tripinfo.xml,PASS
webster_fixed,4x4,medium,14,1800,2000,1999,1864,93.2,93.24662331165582,120.58798283261802,14.508047210300429,38.39484442060086,0.8779513888888889,8,3.924826388888889,5.088368055555556,0,0,135,136,16,a,103.890625,11.801591207971796,12.898558999993838,True,/Users/venushambhuhullukattenataraju/thesis_project/results_v2/conventional/grid4x4/webster_fixed_medium_seed14_steps.csv,/Users/venushambhuhullukattenataraju/thesis_project/results_v2/conventional/grid4x4/webster_fixed_medium_seed14_tripinfo.xml,PASS
webster_fixed,4x4,medium,15,1800,2000,1999,1857,92.85,92.89644822411206,121.63920301561659,15.372644049542272,39.704049542272486,0.9204861111111111,9,4.150347222222222,5.133854166666667,0,0,142,143,16,a,103.921875,11.768173541990109,12.87527949991636,True,/Users/venushambhuhullukattenataraju/thesis_project/results_v2/conventional/grid4x4/webster_fixed_medium_seed15_steps.csv,/Users/venushambhuhullukattenataraju/thesis_project/results_v2/conventional/grid4x4/webster_fixed_medium_seed15_tripinfo.xml,PASS
actuated,5x5,medium,11,1800,1566,1565,1448,92.46487867177522,92.52396166134186,125.12223756906077,11.88121546961326,33.9926864640884,0.38022222222222224,7,1.7781111111111112,2.888777777777778,0,0,117,118,25,0,100.015625,11.675992249976844,12.747000208008103,True,/Users/venushambhuhullukattenataraju/thesis_project/results_v2/conventional/grid5x5/actuated_medium_seed11_steps.csv,/Users/venushambhuhullukattenataraju/thesis_project/results_v2/conventional/grid5x5/actuated_medium_seed11_tripinfo.xml,PASS
actuated,5x5,medium,12,1800,1566,1565,1455,92.91187739463601,92.97124600638978,125.10790378006872,11.858419243986255,33.629580756013745,0.38322222222222224,5,1.8036666666666668,2.8853333333333335,0,0,110,111,25,0,99.28125,11.836346291005611,12.898926250054501,True,/Users/venushambhuhullukattenataraju/thesis_project/results_v2/conventional/grid5x5/actuated_medium_seed12_steps.csv,/Users/venushambhuhullukattenataraju/thesis_project/results_v2/conventional/grid5x5/actuated_medium_seed12_tripinfo.xml,PASS
actuated,5x5,medium,13,1800,1566,1565,1456,92.97573435504471,93.03514376996806,124.61881868131869,11.472527472527473,32.85869505494505,0.3626666666666667,5,1.7255555555555555,2.8546666666666667,0,0,109,110,25,0,99.8125,11.83747129200492,12.905902958009392,True,/Users/venushambhuhullukattenataraju/thesis_project/results_v2/conventional/grid5x5/actuated_medium_seed13_steps.csv,/Users/venushambhuhullukattenataraju/thesis_project/results_v2/conventional/grid5x5/actuated_medium_seed13_tripinfo.xml,PASS
actuated,5x5,medium,14,1800,1566,1565,1452,92.72030651340997,92.77955271565496,126.75068870523415,12.979338842975206,35.22987603305785,0.41155555555555556,5,1.92,2.9241111111111113,0,0,113,114,25,0,99.984375,11.945103625068441,13.014248374965973,True,/Users/venushambhuhullukattenataraju/thesis_project/results_v2/conventional/grid5x5/actuated_medium_seed14_steps.csv,/Users/venushambhuhullukattenataraju/thesis_project/results_v2/conventional/grid5x5/actuated_medium_seed14_tripinfo.xml,PASS
actuated,5x5,medium,15,1800,1566,1564,1456,92.97573435504471,93.09462915601023,125.56456043956044,12.171016483516484,34.284574175824176,0.387,6,1.8098888888888889,2.894,0,0,108,110,25,0,100.0,12.008228083024733,13.08199529198464,True,/Users/venushambhuhullukattenataraju/thesis_project/results_v2/conventional/grid5x5/actuated_medium_seed15_steps.csv,/Users/venushambhuhullukattenataraju/thesis_project/results_v2/conventional/grid5x5/actuated_medium_seed15_tripinfo.xml,PASS
original_fixed,5x5,medium,11,1800,1566,1564,1431,91.37931034482759,91.49616368286445,155.7498252969951,42.96715583508036,64.6669322152341,1.483111111111111,11,24.213,3.948111111111111,0,0,133,135,25,0,98.953125,11.80887199996505,12.885292207938619,True,/Users/venushambhuhullukattenataraju/thesis_project/results_v2/conventional/grid5x5/original_fixed_medium_seed11_steps.csv,/Users/venushambhuhullukattenataraju/thesis_project/results_v2/conventional/grid5x5/original_fixed_medium_seed11_tripinfo.xml,PASS
original_fixed,5x5,medium,12,1800,1566,1565,1423,90.8684546615581,90.92651757188499,156.07097680955727,43.07730147575545,64.78441321152495,1.4863333333333333,11,23.922333333333334,3.969888888888889,0,0,142,143,25,0,99.21875,11.79121454199776,12.860969792003743,True,/Users/venushambhuhullukattenataraju/thesis_project/results_v2/conventional/grid5x5/original_fixed_medium_seed12_steps.csv,/Users/venushambhuhullukattenataraju/thesis_project/results_v2/conventional/grid5x5/original_fixed_medium_seed12_tripinfo.xml,PASS
original_fixed,5x5,medium,13,1800,1566,1564,1431,91.37931034482759,91.49616368286445,158.06219426974144,44.42138364779874,66.41966457023061,1.519,10,24.682666666666666,4.003888888888889,0,0,133,135,25,0,99.15625,11.844102457980625,12.918676082976162,True,/Users/venushambhuhullukattenataraju/thesis_project/results_v2/conventional/grid5x5/original_fixed_medium_seed13_steps.csv,/Users/venushambhuhullukattenataraju/thesis_project/results_v2/conventional/grid5x5/original_fixed_medium_seed13_tripinfo.xml,PASS
original_fixed,5x5,medium,14,1800,1566,1564,1430,91.3154533844189,91.43222506393862,156.0937062937063,42.906993006993005,64.6102027972028,1.475111111111111,11,23.788777777777778,3.952111111111111,0,0,134,136,25,0,98.5,11.901595833944157,12.958135416964069,True,/Users/venushambhuhullukattenataraju/thesis_project/results_v2/conventional/grid5x5/original_fixed_medium_seed14_steps.csv,/Users/venushambhuhullukattenataraju/thesis_project/results_v2/conventional/grid5x5/original_fixed_medium_seed14_tripinfo.xml,PASS
original_fixed,5x5,medium,15,1800,1566,1565,1431,91.37931034482759,91.43769968051119,155.04891684136967,42.306079664570234,63.95904961565339,1.455,10,23.601555555555557,3.9276666666666666,0,0,134,135,25,0,99.125,11.95333179202862,13.030562290921807,True,/Users/venushambhuhullukattenataraju/thesis_project/results_v2/conventional/grid5x5/original_fixed_medium_seed15_steps.csv,/Users/venushambhuhullukattenataraju/thesis_project/results_v2/conventional/grid5x5/original_fixed_medium_seed15_tripinfo.xml,PASS
webster_fixed,5x5,medium,11,1800,1566,1565,1449,92.52873563218391,92.58785942492013,131.85714285714286,15.180124223602485,40.764920634920635,0.4872222222222222,6,1.945,3.071222222222222,0,0,116,117,25,a,105.59375,11.783646041993052,12.899477208964527,True,/Users/venushambhuhullukattenataraju/thesis_project/results_v2/conventional/grid5x5/webster_fixed_medium_seed11_steps.csv,/Users/venushambhuhullukattenataraju/thesis_project/results_v2/conventional/grid5x5/webster_fixed_medium_seed11_tripinfo.xml,PASS
webster_fixed,5x5,medium,12,1800,1566,1564,1443,92.1455938697318,92.26342710997443,132.06791406791407,15.040887040887041,40.664948024948025,0.4831111111111111,6,1.967,3.0798888888888887,0,0,121,123,25,a,105.375,11.929116875049658,13.036240583052859,True,/Users/venushambhuhullukattenataraju/thesis_project/results_v2/conventional/grid5x5/webster_fixed_medium_seed12_steps.csv,/Users/venushambhuhullukattenataraju/thesis_project/results_v2/conventional/grid5x5/webster_fixed_medium_seed12_tripinfo.xml,PASS
webster_fixed,5x5,medium,13,1800,1566,1563,1448,92.46487867177522,92.64235444657709,132.40124309392266,15.157458563535911,40.688135359116025,0.4816666666666667,6,1.935,3.0805555555555557,0,0,115,118,25,a,105.6875,11.826609957963228,12.93966916599311,True,/Users/venushambhuhullukattenataraju/thesis_project/results_v2/conventional/grid5x5/webster_fixed_medium_seed13_steps.csv,/Users/venushambhuhullukattenataraju/thesis_project/results_v2/conventional/grid5x5/webster_fixed_medium_seed13_tripinfo.xml,PASS
webster_fixed,5x5,medium,14,1800,1566,1565,1445,92.27330779054917,92.33226837060703,132.42145328719724,15.267128027681661,41.06708650519031,0.4856666666666667,6,1.9457777777777778,3.0877777777777777,0,0,120,121,25,a,105.609375,11.725378250004724,12.836992084048688,True,/Users/venushambhuhullukattenataraju/thesis_project/results_v2/conventional/grid5x5/webster_fixed_medium_seed14_steps.csv,/Users/venushambhuhullukattenataraju/thesis_project/results_v2/conventional/grid5x5/webster_fixed_medium_seed14_tripinfo.xml,PASS
webster_fixed,5x5,medium,15,1800,1566,1565,1447,92.40102171136654,92.46006389776358,132.42432619212164,15.233586731167934,41.142494816862474,0.4811111111111111,6,1.9244444444444444,3.0755555555555554,0,0,118,119,25,a,105.578125,11.749321500072256,12.856322500039823,True,/Users/venushambhuhullukattenataraju/thesis_project/results_v2/conventional/grid5x5/webster_fixed_medium_seed15_steps.csv,/Users/venushambhuhullukattenataraju/thesis_project/results_v2/conventional/grid5x5/webster_fixed_medium_seed15_tripinfo.xml,PASS
