algorithm,grid,scenario,episode,step,avg_reward,reward_B1,reward_B2,reward_B3,reward_B4,reward_B5,reward_C1,reward_C2,reward_C3,reward_C4,reward_C5,reward_D1,reward_D2,reward_D3,reward_D4,reward_D5,reward_E1,reward_E2,reward_E3,reward_E4,reward_E5,reward_F1,reward_F2,reward_F3,reward_F4,reward_F5
dqn,5x5,medium,1,360,-75.32800000000002,-65.09999999999997,-61.099999999999945,-72.60000000000001,-66.00000000000004,-69.99999999999999,-70.5,-89.00000000000009,-88.30000000000013,-78.90000000000003,-90.39999999999999,-88.39999999999999,-64.69999999999993,-88.60000000000002,-84.00000000000006,-72.00000000000003,-82.40000000000006,-72.00000000000003,-65.2,-90.60000000000004,-90.0,-56.29999999999996,-69.60000000000002,-57.99999999999994,-76.40000000000005,-73.1
dqn,5x5,medium,2,720,-74.27999999999999,-65.99999999999997,-71.19999999999999,-59.09999999999997,-69.79999999999993,-68.0,-77.90000000000003,-68.29999999999998,-76.89999999999998,-91.50000000000013,-59.699999999999946,-70.99999999999996,-80.60000000000002,-79.10000000000007,-80.20000000000002,-87.0,-69.60000000000001,-93.60000000000007,-80.59999999999995,-91.39999999999996,-77.40000000000002,-60.29999999999997,-69.59999999999997,-77.79999999999995,-62.699999999999974,-67.69999999999996
dqn,5x5,medium,3,1080,-71.45200000000001,-55.69999999999996,-61.69999999999993,-82.2000000000001,-67.59999999999995,-73.0,-74.79999999999998,-68.20000000000003,-69.49999999999993,-78.80000000000004,-61.89999999999997,-69.70000000000005,-82.10000000000004,-79.70000000000003,-85.40000000000008,-77.50000000000007,-70.60000000000001,-76.40000000000003,-68.99999999999996,-73.60000000000004,-72.80000000000004,-54.79999999999993,-70.90000000000006,-57.799999999999976,-74.59999999999998,-78.0
dqn,5x5,medium,4,1440,-72.056,-70.10000000000008,-64.59999999999998,-65.59999999999994,-89.70000000000003,-57.79999999999997,-66.90000000000008,-75.99999999999993,-69.19999999999996,-79.60000000000011,-75.7,-74.19999999999999,-76.80000000000004,-75.00000000000011,-80.1,-86.10000000000014,-67.09999999999995,-71.39999999999998,-71.19999999999996,-70.7,-98.10000000000002,-58.69999999999997,-54.300000000000004,-62.79999999999995,-66.19999999999999,-73.49999999999999
dqn,5x5,medium,5,1800,-74.428,-59.89999999999991,-64.29999999999995,-84.20000000000007,-64.29999999999995,-69.70000000000003,-68.0,-113.99999999999999,-84.10000000000001,-64.7,-85.6000000000001,-74.80000000000008,-80.8,-81.5,-77.30000000000008,-73.09999999999994,-69.19999999999997,-78.00000000000004,-73.7,-85.69999999999999,-72.69999999999999,-59.49999999999992,-59.699999999999946,-73.79999999999998,-76.60000000000005,-65.50000000000001
dqn,5x5,medium,6,2160,-71.71599999999998,-67.29999999999998,-65.69999999999992,-60.40000000000002,-76.29999999999997,-63.69999999999995,-76.0,-92.49999999999997,-75.70000000000002,-90.30000000000005,-74.69999999999997,-66.20000000000003,-74.69999999999999,-65.89999999999996,-72.50000000000003,-87.10000000000002,-71.3,-64.99999999999996,-69.79999999999995,-62.89999999999999,-102.70000000000002,-51.49999999999995,-70.2,-64.99999999999997,-67.50000000000004,-57.999999999999964
dqn,5x5,medium,7,2520,-70.72800000000001,-55.69999999999996,-64.99999999999993,-64.19999999999992,-61.59999999999996,-62.300000000000004,-58.59999999999991,-74.09999999999994,-78.90000000000006,-67.89999999999999,-78.00000000000011,-65.50000000000001,-78.9,-90.10000000000005,-80.3000000000001,-79.60000000000007,-62.89999999999992,-69.19999999999996,-69.8,-92.89999999999996,-65.49999999999997,-59.999999999999986,-86.70000000000009,-67.00000000000004,-73.29999999999997,-60.199999999999946
dqn,5x5,medium,8,2880,-71.976,-54.59999999999997,-64.99999999999994,-67.4,-63.39999999999992,-69.39999999999996,-65.30000000000004,-72.30000000000005,-69.6,-57.599999999999945,-75.30000000000008,-69.39999999999996,-68.49999999999997,-70.3,-86.60000000000005,-87.8,-68.09999999999998,-68.60000000000002,-97.90000000000005,-85.69999999999997,-81.09999999999995,-63.7,-58.4999999999999,-70.0,-84.89999999999995,-78.39999999999999
dqn,5x5,medium,9,3240,-71.32000000000001,-58.599999999999994,-59.49999999999996,-73.89999999999999,-71.70000000000007,-70.99999999999994,-59.99999999999994,-73.69999999999996,-79.10000000000012,-76.3000000000001,-81.49999999999993,-68.5,-69.1,-85.70000000000007,-74.30000000000004,-75.30000000000004,-76.99999999999997,-73.99999999999996,-69.2,-86.50000000000009,-76.0000000000001,-55.79999999999997,-57.69999999999997,-73.4,-73.89999999999995,-61.3
dqn,5x5,medium,10,3600,-72.49999999999999,-60.2,-53.19999999999991,-72.3,-73.90000000000002,-69.89999999999998,-77.1,-80.59999999999997,-67.3,-70.60000000000005,-104.90000000000003,-94.00000000000007,-74.00000000000003,-75.4,-83.69999999999989,-73.50000000000003,-62.29999999999993,-74.19999999999992,-71.69999999999996,-86.00000000000003,-71.0,-64.59999999999995,-53.89999999999997,-66.60000000000001,-70.3,-61.299999999999926
dqn,5x5,medium,11,3960,-69.55199999999998,-61.89999999999997,-70.49999999999996,-61.29999999999997,-69.99999999999996,-63.09999999999995,-54.39999999999995,-105.50000000000003,-71.39999999999996,-72.30000000000004,-80.50000000000001,-63.59999999999998,-70.60000000000011,-64.39999999999996,-71.4,-73.39999999999998,-60.59999999999998,-87.00000000000006,-65.69999999999999,-70.29999999999997,-93.89999999999992,-54.699999999999946,-68.79999999999997,-60.89999999999999,-62.699999999999996,-59.89999999999996
dqn,5x5,medium,12,4320,-69.568,-58.39999999999997,-54.79999999999996,-65.50000000000001,-67.29999999999998,-52.699999999999974,-64.2,-99.80000000000013,-79.90000000000006,-62.49999999999989,-63.29999999999997,-85.50000000000001,-65.19999999999997,-79.80000000000001,-75.99999999999996,-74.70000000000006,-59.30000000000002,-73.70000000000007,-78.39999999999995,-85.10000000000007,-74.19999999999996,-64.39999999999996,-62.49999999999998,-66.09999999999997,-64.89999999999998,-60.99999999999994
dqn,5x5,medium,13,4680,-69.59599999999999,-59.49999999999998,-62.1999999999999,-54.699999999999946,-73.7,-60.49999999999994,-55.699999999999996,-96.50000000000001,-81.80000000000003,-70.2,-69.99999999999991,-73.10000000000001,-75.49999999999994,-64.49999999999999,-65.79999999999995,-74.69999999999995,-67.60000000000004,-65.00000000000003,-80.00000000000001,-91.70000000000003,-69.39999999999986,-52.19999999999998,-59.79999999999997,-66.39999999999999,-89.89999999999999,-59.49999999999998
dqn,5x5,medium,14,5040,-68.50799999999998,-60.20000000000003,-60.39999999999996,-62.99999999999998,-68.09999999999997,-60.300000000000004,-55.09999999999996,-77.0,-70.09999999999998,-72.70000000000003,-57.29999999999998,-74.99999999999997,-75.09999999999998,-75.39999999999999,-86.59999999999992,-89.20000000000003,-75.39999999999998,-74.69999999999999,-68.80000000000001,-72.69999999999997,-61.90000000000002,-55.39999999999996,-58.900000000000006,-73.89999999999998,-63.899999999999956,-61.60000000000001
dqn,5x5,medium,15,5400,-67.68799999999999,-53.49999999999998,-57.29999999999996,-62.09999999999999,-77.20000000000009,-52.19999999999998,-62.69999999999999,-70.59999999999998,-76.1000000000001,-65.80000000000001,-64.69999999999997,-74.59999999999998,-84.49999999999997,-80.99999999999999,-88.69999999999997,-63.69999999999995,-68.00000000000003,-71.59999999999995,-67.4999999999999,-73.50000000000006,-63.59999999999993,-54.19999999999995,-74.20000000000002,-64.59999999999994,-61.39999999999997,-58.899999999999956
dqn,5x5,medium,16,5760,-68.36399999999999,-56.29999999999994,-75.99999999999991,-66.39999999999996,-59.39999999999995,-67.09999999999997,-64.69999999999997,-66.3,-74.90000000000005,-72.59999999999991,-66.89999999999996,-78.10000000000002,-77.00000000000001,-84.10000000000014,-78.40000000000005,-78.99999999999999,-66.70000000000003,-71.30000000000001,-72.30000000000004,-67.39999999999998,-59.99999999999992,-58.09999999999996,-54.59999999999995,-63.69999999999998,-62.70000000000002,-65.0999999999999
dqn,5x5,medium,17,6120,-67.26799999999999,-54.39999999999998,-58.19999999999995,-68.30000000000001,-73.89999999999998,-59.099999999999994,-59.099999999999966,-74.59999999999994,-77.09999999999997,-61.799999999999905,-71.5,-69.60000000000001,-50.59999999999992,-77.39999999999998,-67.09999999999997,-69.39999999999999,-77.30000000000004,-82.19999999999999,-74.90000000000006,-69.70000000000006,-71.89999999999996,-56.09999999999998,-53.19999999999997,-67.39999999999998,-67.59999999999995,-69.30000000000004
dqn,5x5,medium,18,6480,-63.44799999999997,-51.099999999999945,-59.29999999999997,-55.599999999999966,-67.00000000000003,-63.20000000000001,-61.19999999999996,-68.59999999999992,-68.59999999999998,-58.69999999999991,-63.29999999999994,-60.59999999999992,-54.39999999999996,-78.5,-74.20000000000005,-61.999999999999964,-67.10000000000001,-73.50000000000004,-63.19999999999999,-73.79999999999998,-66.6,-60.19999999999996,-57.199999999999946,-62.399999999999885,-56.59999999999995,-59.29999999999996
dqn,5x5,medium,19,6840,-67.29599999999999,-59.0,-55.79999999999997,-65.69999999999996,-61.59999999999997,-51.299999999999976,-66.09999999999995,-78.80000000000005,-76.09999999999997,-67.29999999999998,-60.69999999999996,-61.69999999999999,-78.39999999999993,-80.70000000000005,-70.49999999999997,-68.09999999999998,-65.50000000000001,-67.49999999999996,-75.99999999999994,-78.79999999999997,-71.70000000000006,-62.79999999999994,-66.09999999999997,-61.99999999999995,-62.19999999999995,-68.00000000000001
dqn,5x5,medium,20,7200,-66.66399999999997,-63.09999999999997,-64.69999999999997,-67.39999999999996,-62.8,-60.299999999999955,-54.59999999999998,-72.69999999999999,-61.800000000000026,-77.80000000000003,-66.39999999999999,-57.899999999999956,-90.99999999999997,-75.29999999999995,-71.09999999999997,-71.89999999999998,-62.19999999999997,-56.59999999999996,-80.10000000000005,-61.699999999999925,-82.59999999999995,-54.89999999999995,-55.299999999999905,-65.70000000000002,-67.39999999999996,-61.299999999999955
dqn,5x5,medium,21,7560,-66.564,-61.000000000000014,-62.899999999999984,-63.00000000000001,-68.49999999999997,-50.89999999999994,-61.99999999999998,-71.80000000000001,-78.09999999999998,-65.99999999999993,-65.89999999999998,-74.00000000000001,-63.799999999999955,-80.60000000000007,-58.19999999999993,-74.99999999999999,-71.39999999999999,-66.79999999999997,-72.70000000000006,-72.90000000000006,-78.79999999999995,-54.999999999999986,-63.699999999999946,-62.00000000000001,-64.2,-54.89999999999996
dqn,5x5,medium,22,7920,-66.93599999999998,-58.99999999999995,-66.59999999999992,-62.69999999999996,-54.89999999999998,-59.20000000000001,-56.29999999999995,-62.700000000000024,-73.30000000000008,-77.60000000000002,-58.79999999999993,-65.29999999999997,-68.89999999999993,-62.5,-76.00000000000003,-79.89999999999998,-73.60000000000001,-71.59999999999997,-74.80000000000005,-81.80000000000005,-78.19999999999993,-52.49999999999993,-60.39999999999994,-66.39999999999993,-62.19999999999996,-68.19999999999996
dqn,5x5,medium,23,8280,-66.12399999999998,-57.89999999999995,-60.399999999999935,-63.29999999999992,-61.20000000000001,-57.59999999999998,-55.09999999999994,-69.40000000000002,-75.60000000000008,-62.5,-66.8,-61.39999999999995,-65.10000000000001,-82.8000000000001,-75.89999999999996,-75.60000000000005,-64.49999999999991,-66.69999999999989,-68.39999999999998,-73.49999999999997,-74.79999999999997,-61.29999999999995,-60.10000000000001,-65.69999999999989,-62.39999999999999,-65.10000000000004
dqn,5x5,medium,24,8640,-65.64399999999998,-49.59999999999998,-62.09999999999994,-56.499999999999986,-69.10000000000002,-59.59999999999997,-59.79999999999998,-88.20000000000005,-72.60000000000002,-77.60000000000005,-67.2,-65.49999999999996,-66.59999999999997,-70.20000000000005,-73.3,-72.99999999999997,-50.799999999999955,-70.4,-72.7,-60.99999999999993,-62.99999999999995,-57.80000000000002,-56.89999999999995,-62.699999999999946,-69.79999999999998,-65.1
dqn,5x5,medium,25,9000,-65.23199999999999,-56.600000000000016,-56.900000000000006,-78.90000000000006,-58.59999999999997,-56.39999999999995,-65.09999999999997,-81.29999999999994,-68.60000000000004,-68.99999999999999,-59.69999999999998,-63.599999999999994,-71.09999999999995,-67.60000000000004,-64.79999999999994,-70.19999999999997,-73.29999999999995,-62.80000000000001,-66.10000000000004,-63.899999999999935,-68.3,-55.19999999999996,-59.39999999999993,-63.89999999999996,-72.1,-57.39999999999999
dqn,5x5,medium,26,9360,-68.10399999999998,-56.99999999999999,-49.69999999999997,-64.69999999999997,-72.89999999999993,-64.49999999999997,-54.199999999999974,-84.7000000000001,-72.09999999999997,-75.59999999999997,-70.70000000000003,-55.39999999999998,-95.20000000000005,-78.69999999999996,-70.49999999999997,-69.6,-62.59999999999997,-69.6,-60.499999999999964,-68.19999999999996,-96.90000000000002,-53.29999999999994,-59.399999999999956,-56.399999999999956,-72.69999999999999,-67.49999999999997
dqn,5x5,medium,27,9720,-63.38799999999998,-46.09999999999995,-52.699999999999996,-55.79999999999993,-55.59999999999998,-57.899999999999906,-55.499999999999986,-74.49999999999999,-73.30000000000001,-63.999999999999964,-67.2,-63.699999999999946,-74.59999999999995,-69.79999999999991,-76.10000000000002,-70.6,-60.40000000000001,-67.4,-68.09999999999997,-74.79999999999994,-72.20000000000002,-48.29999999999992,-57.29999999999993,-57.79999999999997,-66.89999999999993,-54.09999999999995
dqn,5x5,medium,28,10080,-60.95599999999996,-41.39999999999997,-52.69999999999993,-56.099999999999916,-52.49999999999997,-49.599999999999966,-56.39999999999995,-71.19999999999996,-60.69999999999995,-58.49999999999992,-66.09999999999995,-58.29999999999999,-63.399999999999935,-72.70000000000006,-74.09999999999997,-73.09999999999995,-54.99999999999996,-60.39999999999995,-64.69999999999997,-77.90000000000003,-80.49999999999997,-45.49999999999996,-63.699999999999946,-56.89999999999997,-56.09999999999997,-56.39999999999996
dqn,5x5,medium,29,10440,-63.21199999999996,-59.19999999999998,-55.299999999999976,-59.99999999999996,-59.19999999999998,-68.29999999999994,-55.100000000000016,-71.39999999999996,-71.69999999999996,-61.59999999999997,-56.59999999999996,-61.39999999999996,-75.39999999999996,-66.79999999999998,-65.09999999999994,-55.89999999999994,-67.09999999999997,-73.60000000000004,-67.09999999999998,-73.29999999999995,-63.09999999999993,-55.49999999999992,-57.09999999999994,-65.79999999999998,-54.29999999999994,-60.39999999999997
dqn,5x5,medium,30,10800,-64.61199999999997,-60.89999999999994,-57.99999999999993,-65.79999999999994,-66.59999999999995,-68.69999999999996,-69.39999999999998,-67.69999999999992,-77.70000000000002,-58.59999999999997,-56.299999999999976,-62.80000000000003,-63.999999999999936,-71.60000000000002,-64.39999999999999,-60.89999999999998,-68.90000000000006,-71.19999999999996,-65.79999999999995,-72.0,-63.19999999999996,-51.99999999999995,-62.39999999999993,-63.29999999999997,-59.099999999999966,-63.99999999999998
dqn,5x5,medium,31,11160,-63.147999999999975,-54.19999999999998,-56.49999999999995,-62.29999999999997,-61.29999999999995,-69.69999999999995,-55.89999999999997,-72.99999999999996,-73.70000000000007,-63.199999999999974,-62.79999999999991,-61.2999999999999,-69.90000000000002,-66.40000000000002,-70.09999999999995,-64.49999999999996,-63.900000000000006,-67.09999999999998,-67.39999999999992,-84.70000000000006,-62.499999999999986,-51.99999999999995,-50.199999999999946,-62.79999999999999,-54.60000000000001,-48.69999999999997
dqn,5x5,medium,32,11520,-62.31199999999996,-57.699999999999946,-59.69999999999995,-59.19999999999999,-65.69999999999993,-49.39999999999998,-63.19999999999997,-62.39999999999998,-63.79999999999992,-65.69999999999989,-64.79999999999995,-64.80000000000001,-63.19999999999999,-66.09999999999995,-72.10000000000005,-66.39999999999992,-53.59999999999997,-73.10000000000001,-67.59999999999998,-72.69999999999993,-59.499999999999964,-50.89999999999997,-58.59999999999995,-58.69999999999993,-63.89999999999995,-54.99999999999993
dqn,5x5,medium,33,11880,-63.19199999999998,-53.899999999999984,-58.19999999999999,-57.799999999999955,-58.499999999999936,-55.699999999999974,-52.499999999999964,-64.79999999999998,-69.00000000000004,-76.20000000000003,-64.99999999999991,-60.89999999999996,-73.00000000000006,-68.30000000000004,-72.69999999999997,-68.30000000000005,-69.89999999999999,-75.3,-62.59999999999992,-57.79999999999996,-69.90000000000002,-49.799999999999926,-49.69999999999997,-59.59999999999998,-68.7,-61.7
dqn,5x5,medium,34,12240,-61.03599999999997,-54.79999999999996,-54.299999999999955,-58.99999999999996,-47.99999999999994,-53.599999999999945,-51.699999999999996,-61.599999999999994,-61.59999999999997,-62.899999999999935,-58.29999999999998,-56.99999999999995,-70.89999999999999,-68.19999999999997,-63.09999999999998,-66.29999999999998,-59.59999999999993,-76.10000000000002,-79.19999999999996,-62.10000000000001,-67.99999999999999,-49.99999999999994,-52.299999999999976,-63.299999999999976,-64.8,-59.19999999999995
dqn,5x5,medium,35,12600,-63.93199999999996,-58.599999999999966,-51.499999999999915,-57.99999999999995,-62.39999999999992,-56.299999999999905,-54.999999999999964,-59.599999999999945,-68.60000000000002,-58.799999999999955,-65.19999999999996,-62.79999999999995,-70.19999999999997,-60.49999999999999,-78.59999999999998,-64.59999999999994,-60.69999999999999,-99.69999999999993,-60.29999999999997,-72.10000000000001,-96.89999999999995,-57.39999999999997,-52.39999999999998,-53.89999999999998,-55.89999999999996,-58.29999999999995
dqn,5x5,medium,36,12960,-61.86399999999996,-59.999999999999986,-54.69999999999995,-66.50000000000003,-64.99999999999999,-49.999999999999936,-58.69999999999993,-68.49999999999989,-63.299999999999976,-61.800000000000004,-54.09999999999993,-58.19999999999994,-66.89999999999999,-68.09999999999997,-61.79999999999998,-66.50000000000001,-63.199999999999946,-66.69999999999996,-69.29999999999995,-76.6,-67.69999999999996,-45.59999999999993,-60.299999999999976,-56.49999999999997,-59.099999999999966,-57.499999999999964
dqn,5x5,medium,37,13320,-62.247999999999976,-55.3,-63.099999999999994,-59.39999999999998,-50.49999999999993,-46.19999999999995,-61.89999999999999,-82.3,-65.29999999999997,-73.0,-66.30000000000001,-61.0,-69.4999999999999,-72.49999999999996,-61.79999999999991,-66.79999999999998,-58.09999999999998,-72.89999999999999,-59.89999999999995,-64.49999999999999,-73.29999999999994,-50.199999999999946,-48.29999999999994,-60.79999999999999,-50.29999999999996,-62.99999999999998
dqn,5x5,medium,38,13680,-60.691999999999965,-52.199999999999925,-54.499999999999915,-55.09999999999999,-64.79999999999995,-47.899999999999984,-59.799999999999955,-59.79999999999998,-67.69999999999997,-57.49999999999998,-62.29999999999995,-54.7999999999999,-69.59999999999995,-78.39999999999996,-78.99999999999994,-59.59999999999989,-61.599999999999994,-59.69999999999994,-65.09999999999997,-73.30000000000001,-63.300000000000004,-51.49999999999993,-42.19999999999996,-63.09999999999996,-55.29999999999999,-59.19999999999997
dqn,5x5,medium,39,14040,-63.96399999999996,-50.299999999999955,-65.89999999999992,-52.599999999999966,-59.499999999999964,-55.99999999999997,-62.299999999999926,-72.70000000000002,-51.69999999999998,-68.69999999999993,-60.90000000000002,-65.79999999999995,-71.19999999999993,-77.09999999999997,-61.49999999999995,-75.09999999999997,-70.39999999999999,-86.8,-72.69999999999996,-69.39999999999998,-72.39999999999999,-51.69999999999996,-52.299999999999926,-67.10000000000001,-52.099999999999966,-52.89999999999992
dqn,5x5,medium,40,14400,-61.847999999999956,-55.69999999999997,-46.19999999999996,-54.89999999999995,-56.29999999999991,-52.29999999999991,-48.79999999999997,-75.8,-72.59999999999998,-49.89999999999993,-65.49999999999997,-66.59999999999998,-63.79999999999993,-76.90000000000002,-72.00000000000001,-59.199999999999974,-54.19999999999992,-65.9,-66.29999999999997,-71.29999999999994,-63.499999999999936,-55.19999999999998,-54.399999999999956,-67.89999999999996,-70.59999999999992,-60.39999999999995
dqn,5x5,medium,41,14760,-59.60399999999998,-56.50000000000003,-56.99999999999998,-53.699999999999946,-44.69999999999993,-46.399999999999956,-50.49999999999996,-72.80000000000003,-63.299999999999955,-57.199999999999946,-63.19999999999999,-69.00000000000006,-61.9999999999999,-78.10000000000008,-67.29999999999998,-64.5,-54.79999999999997,-62.39999999999992,-59.89999999999999,-58.59999999999994,-83.89999999999995,-50.99999999999997,-50.59999999999997,-55.899999999999984,-49.59999999999997,-57.199999999999946
dqn,5x5,medium,42,15120,-60.01199999999997,-56.60000000000001,-55.699999999999946,-57.69999999999997,-57.999999999999936,-52.49999999999993,-58.19999999999998,-68.19999999999995,-59.299999999999955,-70.40000000000009,-65.79999999999997,-57.099999999999945,-59.49999999999989,-72.3,-69.29999999999993,-59.19999999999997,-59.0,-59.89999999999994,-58.59999999999994,-70.0,-65.09999999999994,-49.49999999999995,-53.0,-53.19999999999995,-49.19999999999993,-62.999999999999986
dqn,5x5,medium,43,15480,-57.81599999999996,-47.799999999999926,-54.899999999999956,-51.09999999999993,-58.29999999999998,-48.39999999999995,-57.19999999999993,-63.09999999999995,-64.99999999999993,-64.6,-54.199999999999925,-67.29999999999997,-57.39999999999995,-61.99999999999996,-60.79999999999993,-60.39999999999998,-58.49999999999996,-55.49999999999993,-67.69999999999992,-67.69999999999995,-56.39999999999997,-46.79999999999994,-48.69999999999994,-64.39999999999998,-51.49999999999994,-55.70000000000002
dqn,5x5,medium,44,15840,-60.08399999999996,-56.3,-55.299999999999955,-57.499999999999936,-73.3,-51.999999999999936,-47.19999999999996,-67.3999999999999,-63.500000000000014,-66.09999999999997,-65.99999999999997,-57.699999999999996,-67.39999999999992,-66.19999999999995,-66.49999999999996,-57.89999999999992,-53.99999999999998,-59.09999999999994,-70.69999999999996,-53.499999999999936,-69.80000000000004,-44.99999999999996,-60.29999999999999,-53.39999999999991,-61.59999999999994,-54.40000000000003
dqn,5x5,medium,45,16200,-60.65199999999996,-52.799999999999976,-58.69999999999999,-53.499999999999986,-61.09999999999992,-57.29999999999995,-57.19999999999996,-80.29999999999997,-64.09999999999998,-54.59999999999993,-61.19999999999999,-56.899999999999956,-72.6,-63.89999999999991,-69.49999999999997,-70.19999999999996,-56.29999999999999,-66.89999999999995,-64.09999999999991,-77.50000000000006,-61.299999999999955,-49.99999999999998,-48.09999999999998,-58.800000000000004,-46.09999999999992,-53.29999999999993
dqn,5x5,medium,46,16560,-59.17599999999996,-55.39999999999995,-50.79999999999997,-64.29999999999997,-71.79999999999994,-47.599999999999945,-57.39999999999996,-62.399999999999906,-56.899999999999885,-72.69999999999999,-53.299999999999926,-62.19999999999998,-61.299999999999955,-65.89999999999998,-59.10000000000001,-61.89999999999996,-64.40000000000005,-59.69999999999993,-62.799999999999955,-65.6,-59.89999999999997,-48.69999999999993,-54.39999999999997,-52.59999999999992,-50.39999999999998,-57.899999999999956
dqn,5x5,medium,47,16920,-60.12399999999998,-53.6,-52.69999999999994,-46.099999999999966,-63.79999999999996,-52.499999999999964,-54.699999999999996,-60.7,-69.00000000000007,-53.79999999999993,-57.79999999999996,-66.89999999999996,-64.8,-68.39999999999995,-81.70000000000006,-60.90000000000002,-49.89999999999995,-67.49999999999999,-73.60000000000004,-63.49999999999998,-63.09999999999995,-47.99999999999994,-54.799999999999926,-55.00000000000002,-67.29999999999998,-52.99999999999998
dqn,5x5,medium,48,17280,-58.55599999999997,-60.29999999999995,-49.59999999999992,-49.0,-56.59999999999999,-40.299999999999955,-58.8,-63.49999999999997,-64.39999999999996,-67.09999999999995,-56.699999999999925,-58.79999999999998,-70.7,-70.69999999999997,-64.09999999999997,-50.99999999999993,-58.79999999999993,-70.99999999999996,-61.99999999999999,-61.099999999999966,-76.59999999999997,-48.79999999999994,-49.49999999999995,-52.39999999999996,-50.09999999999996,-51.99999999999995
dqn,5x5,medium,49,17640,-60.63199999999996,-50.49999999999996,-58.59999999999993,-67.50000000000009,-59.59999999999995,-52.09999999999996,-58.599999999999945,-58.799999999999976,-56.89999999999995,-79.79999999999994,-51.29999999999996,-60.79999999999994,-59.399999999999984,-81.89999999999996,-66.69999999999997,-59.89999999999995,-60.29999999999994,-69.19999999999997,-55.699999999999946,-69.69999999999999,-82.09999999999995,-44.39999999999997,-42.59999999999994,-53.80000000000002,-58.999999999999915,-56.59999999999991
dqn,5x5,medium,50,18000,-58.91199999999995,-52.69999999999994,-48.69999999999994,-59.4,-53.29999999999992,-49.199999999999896,-54.299999999999976,-55.99999999999997,-62.299999999999976,-65.59999999999991,-61.199999999999974,-68.20000000000003,-52.99999999999995,-71.50000000000007,-65.59999999999994,-70.29999999999997,-52.299999999999976,-58.099999999999866,-70.29999999999998,-64.29999999999997,-76.99999999999999,-40.49999999999997,-53.09999999999994,-50.39999999999992,-60.59999999999991,-54.899999999999935
dqn,5x5,medium,51,18360,-59.74399999999997,-53.799999999999955,-47.29999999999996,-63.69999999999999,-61.19999999999998,-51.699999999999925,-54.800000000000004,-77.2,-66.89999999999998,-64.19999999999993,-55.59999999999992,-59.199999999999925,-71.09999999999998,-66.5999999999999,-66.99999999999996,-62.79999999999997,-54.8,-68.30000000000005,-64.70000000000002,-68.19999999999996,-64.89999999999998,-45.89999999999995,-46.29999999999995,-46.79999999999995,-48.19999999999997,-62.39999999999994
dqn,5x5,medium,52,18720,-57.93599999999996,-44.59999999999997,-46.69999999999996,-47.699999999999974,-52.49999999999992,-56.79999999999997,-53.59999999999993,-67.29999999999997,-62.19999999999993,-65.69999999999999,-58.49999999999996,-58.199999999999925,-57.59999999999993,-73.60000000000004,-56.499999999999964,-64.69999999999999,-59.99999999999998,-72.4,-64.09999999999997,-59.89999999999992,-67.29999999999991,-39.699999999999974,-51.899999999999935,-62.69999999999993,-53.099999999999966,-51.09999999999998
dqn,5x5,medium,53,19080,-55.835999999999956,-45.199999999999974,-54.59999999999994,-55.49999999999995,-57.59999999999998,-59.19999999999993,-50.59999999999994,-58.59999999999998,-54.99999999999996,-45.599999999999916,-53.69999999999992,-55.79999999999999,-57.299999999999955,-65.8,-58.09999999999992,-60.59999999999993,-52.0,-74.99999999999994,-61.299999999999976,-64.5,-50.19999999999996,-50.399999999999984,-51.99999999999992,-48.899999999999956,-53.399999999999956,-54.99999999999994
dqn,5x5,medium,54,19440,-56.31199999999997,-40.99999999999998,-44.79999999999993,-54.19999999999997,-51.49999999999993,-51.199999999999925,-54.19999999999997,-55.499999999999964,-62.49999999999994,-50.09999999999996,-63.59999999999991,-51.49999999999999,-64.89999999999996,-63.299999999999976,-62.29999999999996,-64.29999999999998,-53.400000000000006,-63.39999999999998,-66.49999999999997,-68.50000000000001,-57.49999999999998,-54.59999999999998,-55.19999999999992,-49.999999999999986,-50.299999999999955,-53.499999999999915
dqn,5x5,medium,55,19800,-57.09199999999996,-53.199999999999946,-54.09999999999998,-52.199999999999946,-55.39999999999995,-39.699999999999946,-56.99999999999997,-56.90000000000001,-59.09999999999994,-60.89999999999993,-52.0,-52.800000000000026,-59.69999999999995,-65.00000000000001,-66.70000000000002,-62.99999999999993,-62.59999999999994,-66.39999999999996,-53.19999999999999,-66.89999999999999,-66.19999999999996,-45.29999999999993,-52.99999999999997,-60.49999999999998,-54.59999999999992,-50.89999999999997
dqn,5x5,medium,56,20160,-56.091999999999956,-53.09999999999993,-57.499999999999964,-53.29999999999997,-57.89999999999996,-44.199999999999946,-47.299999999999926,-53.49999999999995,-58.39999999999997,-73.19999999999993,-54.49999999999993,-57.59999999999995,-70.29999999999995,-66.6,-63.50000000000002,-64.19999999999995,-52.09999999999993,-50.799999999999955,-58.09999999999995,-61.399999999999984,-63.89999999999996,-42.399999999999935,-55.49999999999995,-46.2,-42.19999999999994,-54.599999999999945
dqn,5x5,medium,57,20520,-53.68399999999996,-46.099999999999966,-39.299999999999926,-54.19999999999995,-55.399999999999906,-41.89999999999995,-48.49999999999995,-61.499999999999986,-49.899999999999984,-53.29999999999995,-58.19999999999991,-64.09999999999994,-58.099999999999994,-57.19999999999999,-52.59999999999999,-49.799999999999976,-55.99999999999999,-60.199999999999946,-65.49999999999996,-62.60000000000002,-53.89999999999995,-44.799999999999955,-44.39999999999996,-59.50000000000001,-55.599999999999945,-49.500000000000014
dqn,5x5,medium,58,20880,-53.42399999999996,-48.79999999999996,-46.39999999999994,-56.89999999999996,-49.199999999999946,-41.20000000000001,-50.39999999999994,-56.2,-65.2,-60.00000000000002,-49.69999999999989,-55.59999999999998,-54.699999999999896,-53.699999999999996,-60.59999999999995,-61.89999999999995,-52.89999999999993,-59.19999999999995,-57.39999999999997,-54.79999999999995,-50.99999999999993,-51.99999999999999,-49.69999999999998,-49.19999999999995,-57.799999999999955,-41.09999999999995
dqn,5x5,medium,59,21240,-55.907999999999966,-45.999999999999936,-57.69999999999993,-47.99999999999997,-52.200000000000024,-54.499999999999915,-51.79999999999994,-50.09999999999992,-50.69999999999998,-61.90000000000001,-54.699999999999974,-60.79999999999994,-54.699999999999946,-59.7,-64.4,-65.99999999999993,-55.599999999999994,-55.69999999999992,-49.39999999999997,-75.19999999999997,-57.89999999999993,-48.19999999999995,-60.19999999999997,-55.00000000000001,-50.69999999999994,-56.59999999999992
dqn,5x5,medium,60,21600,-55.16399999999996,-43.899999999999956,-53.3999999999999,-42.89999999999997,-50.6,-43.899999999999935,-52.699999999999996,-66.19999999999997,-45.99999999999993,-56.89999999999994,-61.59999999999997,-60.09999999999999,-56.49999999999996,-71.9,-55.89999999999993,-63.899999999999935,-54.69999999999994,-50.99999999999995,-67.10000000000001,-57.399999999999906,-65.79999999999997,-48.799999999999955,-49.799999999999955,-52.49999999999996,-54.59999999999997,-50.99999999999995
dqn,5x5,medium,61,21960,-54.00399999999996,-45.69999999999998,-43.999999999999915,-41.89999999999998,-51.599999999999916,-47.899999999999935,-50.999999999999986,-55.699999999999946,-69.4,-58.79999999999996,-60.29999999999995,-50.800000000000004,-59.29999999999994,-70.99999999999997,-58.199999999999974,-57.59999999999992,-53.99999999999994,-49.89999999999993,-61.399999999999935,-58.600000000000016,-59.79999999999996,-41.19999999999996,-49.79999999999991,-45.69999999999996,-53.799999999999955,-52.69999999999996
dqn,5x5,medium,62,22320,-52.76399999999996,-44.89999999999999,-49.599999999999945,-51.59999999999995,-51.0999999999999,-39.19999999999996,-51.89999999999998,-62.99999999999998,-58.09999999999995,-61.999999999999964,-56.399999999999935,-57.79999999999998,-62.09999999999995,-48.199999999999946,-58.39999999999997,-55.69999999999994,-47.89999999999993,-63.39999999999996,-60.60000000000001,-62.29999999999994,-55.09999999999995,-41.29999999999997,-45.69999999999997,-40.39999999999993,-43.399999999999935,-49.00000000000001
dqn,5x5,medium,63,22680,-53.93199999999995,-47.39999999999999,-49.199999999999974,-46.799999999999905,-52.29999999999998,-42.29999999999996,-49.79999999999996,-59.59999999999998,-52.399999999999956,-61.29999999999995,-58.799999999999905,-53.79999999999995,-55.899999999999935,-64.79999999999994,-60.999999999999964,-63.59999999999998,-53.59999999999998,-55.9999999999999,-65.10000000000002,-55.29999999999997,-61.99999999999993,-42.499999999999936,-39.399999999999956,-53.99999999999996,-50.999999999999964,-50.39999999999994
dqn,5x5,medium,64,23040,-52.16399999999995,-47.49999999999997,-48.69999999999995,-44.49999999999995,-48.89999999999995,-40.899999999999956,-62.79999999999999,-53.99999999999993,-58.0,-59.59999999999994,-48.99999999999992,-50.99999999999997,-55.99999999999997,-57.99999999999995,-56.899999999999956,-63.89999999999998,-47.89999999999993,-54.39999999999997,-58.39999999999994,-52.499999999999964,-69.69999999999993,-39.499999999999936,-43.999999999999936,-42.89999999999998,-43.69999999999996,-51.39999999999994
dqn,5x5,medium,65,23400,-53.46399999999996,-38.300000000000004,-42.89999999999994,-46.49999999999995,-46.69999999999997,-54.99999999999998,-49.199999999999996,-56.799999999999955,-64.60000000000001,-49.79999999999997,-60.29999999999994,-47.79999999999995,-57.79999999999993,-60.79999999999996,-72.70000000000002,-52.69999999999996,-44.49999999999996,-55.899999999999956,-57.4,-59.99999999999997,-82.89999999999992,-37.09999999999996,-47.69999999999996,-45.199999999999974,-53.399999999999956,-50.599999999999994
dqn,5x5,medium,66,23760,-52.69999999999995,-39.39999999999998,-47.499999999999936,-37.69999999999994,-49.89999999999991,-44.19999999999997,-52.59999999999999,-59.19999999999994,-55.69999999999998,-54.89999999999992,-51.59999999999997,-52.89999999999995,-53.59999999999996,-67.60000000000001,-51.49999999999994,-61.39999999999998,-57.39999999999999,-62.89999999999991,-60.000000000000014,-62.19999999999997,-56.59999999999995,-34.59999999999998,-50.69999999999996,-51.19999999999993,-55.29999999999994,-46.89999999999994
dqn,5x5,medium,67,24120,-55.21999999999996,-48.199999999999996,-44.29999999999998,-51.19999999999997,-52.399999999999956,-44.29999999999993,-53.09999999999997,-54.19999999999999,-56.999999999999936,-51.99999999999997,-63.69999999999999,-57.49999999999997,-43.59999999999993,-62.099999999999966,-63.999999999999964,-59.79999999999993,-53.49999999999993,-62.19999999999992,-69.19999999999999,-69.50000000000004,-60.800000000000026,-42.99999999999996,-51.19999999999996,-60.1999999999999,-54.79999999999995,-48.69999999999997
dqn,5x5,medium,68,24480,-53.89199999999996,-40.49999999999994,-45.19999999999997,-46.49999999999997,-54.99999999999995,-46.19999999999993,-53.299999999999955,-57.4,-56.89999999999997,-59.89999999999994,-53.29999999999996,-54.09999999999992,-60.79999999999992,-68.69999999999995,-53.09999999999994,-69.39999999999992,-55.299999999999955,-57.99999999999997,-62.399999999999984,-64.79999999999994,-57.499999999999964,-33.29999999999995,-46.29999999999997,-51.999999999999986,-44.799999999999976,-52.59999999999999
dqn,5x5,medium,69,24840,-53.515999999999956,-52.09999999999999,-53.89999999999998,-44.29999999999991,-52.09999999999997,-45.09999999999994,-52.69999999999994,-59.79999999999998,-56.39999999999999,-61.59999999999997,-49.99999999999996,-45.89999999999994,-56.89999999999997,-60.899999999999935,-63.399999999999956,-59.799999999999955,-57.49999999999995,-59.39999999999996,-46.89999999999996,-51.099999999999945,-66.09999999999995,-36.69999999999994,-56.09999999999995,-45.49999999999996,-50.699999999999946,-52.99999999999996
dqn,5x5,medium,70,25200,-50.80799999999995,-46.399999999999935,-48.59999999999996,-53.19999999999994,-45.49999999999995,-38.99999999999993,-45.099999999999945,-55.19999999999994,-53.999999999999936,-52.499999999999936,-55.89999999999995,-49.89999999999994,-52.49999999999996,-55.69999999999996,-52.499999999999986,-54.79999999999996,-47.899999999999935,-50.09999999999996,-54.59999999999996,-57.89999999999993,-61.499999999999986,-45.999999999999964,-46.09999999999997,-50.599999999999966,-50.099999999999945,-44.599999999999945
dqn,5x5,medium,71,25560,-50.89599999999996,-35.79999999999999,-44.39999999999995,-46.69999999999996,-49.800000000000004,-42.49999999999993,-48.60000000000003,-65.59999999999998,-54.799999999999955,-61.8,-48.69999999999993,-49.99999999999996,-73.69999999999996,-56.39999999999998,-57.99999999999999,-60.69999999999991,-43.499999999999964,-55.09999999999994,-49.89999999999991,-62.99999999999999,-53.19999999999997,-39.69999999999994,-46.19999999999993,-43.399999999999935,-43.79999999999992,-37.09999999999995
dqn,5x5,medium,72,25920,-50.21599999999995,-41.59999999999995,-41.999999999999964,-53.1999999999999,-54.599999999999966,-42.69999999999996,-53.699999999999925,-48.499999999999936,-68.89999999999995,-55.699999999999946,-49.499999999999964,-56.19999999999997,-49.19999999999998,-65.79999999999997,-62.99999999999997,-57.69999999999995,-42.49999999999993,-44.799999999999876,-54.29999999999994,-50.899999999999984,-55.59999999999998,-36.39999999999996,-42.79999999999997,-40.79999999999993,-47.09999999999997,-37.89999999999997
dqn,5x5,medium,73,26280,-51.175999999999966,-40.199999999999996,-47.5,-45.69999999999995,-49.19999999999996,-43.29999999999997,-53.59999999999996,-54.89999999999994,-56.19999999999999,-59.8,-52.299999999999955,-47.19999999999993,-53.599999999999966,-66.69999999999999,-43.49999999999996,-55.49999999999998,-47.19999999999995,-47.69999999999995,-56.19999999999998,-61.0999999999999,-60.70000000000001,-37.49999999999996,-46.59999999999997,-52.79999999999999,-49.89999999999997,-50.49999999999996
dqn,5x5,medium,74,26640,-50.68799999999997,-43.59999999999996,-42.3,-48.099999999999945,-54.899999999999956,-48.09999999999992,-45.299999999999976,-49.69999999999993,-47.99999999999996,-53.899999999999984,-47.79999999999994,-46.9,-50.79999999999999,-60.19999999999994,-56.79999999999999,-53.19999999999995,-50.999999999999986,-61.79999999999995,-53.399999999999935,-63.599999999999945,-55.199999999999946,-37.59999999999998,-58.699999999999946,-50.09999999999998,-43.69999999999997,-42.49999999999997
dqn,5x5,medium,75,27000,-50.61199999999995,-43.49999999999996,-39.19999999999996,-48.499999999999936,-55.699999999999925,-47.19999999999995,-43.19999999999995,-60.09999999999997,-57.09999999999998,-51.599999999999916,-42.59999999999992,-41.49999999999995,-56.99999999999994,-54.599999999999945,-63.29999999999992,-46.69999999999996,-56.299999999999976,-70.09999999999997,-56.49999999999997,-56.19999999999998,-53.79999999999995,-40.99999999999998,-41.99999999999994,-38.699999999999946,-51.90000000000001,-46.99999999999995
dqn,5x5,medium,76,27360,-49.21199999999996,-38.89999999999996,-38.89999999999996,-43.09999999999999,-46.09999999999993,-43.8,-38.399999999999935,-61.09999999999994,-51.89999999999998,-56.39999999999993,-48.499999999999936,-52.99999999999996,-49.19999999999999,-55.799999999999976,-54.699999999999996,-61.19999999999996,-47.49999999999998,-47.599999999999966,-47.59999999999994,-53.09999999999993,-72.20000000000003,-42.199999999999974,-39.099999999999966,-47.09999999999998,-49.5999999999999,-43.29999999999996
dqn,5x5,medium,77,27720,-48.479999999999954,-38.19999999999997,-41.29999999999993,-46.99999999999995,-48.099999999999966,-37.79999999999996,-43.19999999999995,-67.09999999999992,-60.199999999999925,-48.399999999999956,-51.199999999999946,-43.39999999999998,-47.499999999999964,-57.89999999999992,-46.79999999999996,-60.2999999999999,-49.49999999999997,-42.399999999999935,-47.79999999999994,-58.499999999999964,-54.59999999999996,-42.09999999999996,-42.299999999999926,-50.59999999999997,-42.79999999999996,-42.99999999999993
dqn,5x5,medium,78,28080,-49.36399999999996,-43.69999999999999,-45.99999999999996,-50.59999999999998,-49.799999999999955,-46.499999999999964,-46.49999999999998,-60.69999999999996,-47.99999999999994,-52.29999999999996,-43.699999999999925,-48.89999999999996,-51.29999999999993,-58.59999999999996,-59.99999999999995,-48.799999999999955,-50.79999999999992,-55.99999999999995,-44.799999999999976,-51.5,-61.19999999999997,-39.599999999999966,-48.69999999999997,-38.099999999999966,-42.79999999999996,-45.19999999999997
dqn,5x5,medium,79,28440,-50.27999999999995,-42.99999999999997,-45.49999999999997,-45.89999999999995,-50.09999999999995,-49.69999999999992,-51.49999999999997,-62.89999999999995,-55.699999999999996,-56.899999999999984,-48.599999999999945,-46.0,-51.09999999999999,-60.19999999999993,-62.899999999999984,-66.09999999999997,-45.79999999999997,-44.29999999999999,-48.59999999999992,-48.89999999999999,-49.19999999999997,-35.69999999999994,-45.099999999999966,-47.19999999999994,-55.29999999999994,-40.79999999999998
dqn,5x5,medium,80,28800,-48.40399999999997,-40.799999999999976,-41.79999999999994,-42.99999999999996,-52.99999999999998,-43.999999999999936,-39.39999999999996,-59.89999999999998,-57.89999999999997,-50.79999999999994,-51.199999999999974,-59.19999999999995,-58.59999999999993,-54.39999999999996,-45.19999999999996,-44.39999999999997,-46.39999999999994,-51.49999999999992,-42.29999999999996,-47.99999999999996,-58.29999999999999,-37.89999999999996,-48.300000000000004,-37.499999999999986,-44.49999999999997,-51.799999999999955
dqn,5x5,medium,81,29160,-48.819999999999965,-40.70000000000001,-35.299999999999926,-46.399999999999935,-44.999999999999915,-43.79999999999996,-41.69999999999997,-53.99999999999994,-56.80000000000002,-55.79999999999996,-51.69999999999996,-51.899999999999984,-54.89999999999995,-60.699999999999946,-56.19999999999995,-61.39999999999998,-38.09999999999995,-49.29999999999996,-57.7,-58.79999999999994,-46.899999999999956,-32.29999999999997,-42.99999999999993,-51.59999999999997,-46.99999999999996,-39.49999999999999
dqn,5x5,medium,82,29520,-47.62399999999996,-45.299999999999955,-39.69999999999997,-42.99999999999993,-53.29999999999995,-37.49999999999997,-48.59999999999995,-49.09999999999992,-52.19999999999994,-53.19999999999994,-52.49999999999995,-56.50000000000001,-49.199999999999925,-52.69999999999996,-47.69999999999998,-45.19999999999994,-39.19999999999997,-49.299999999999976,-58.499999999999936,-54.69999999999999,-55.89999999999996,-38.39999999999994,-39.799999999999955,-41.299999999999976,-46.599999999999966,-41.19999999999998
dqn,5x5,medium,83,29880,-45.667999999999964,-31.399999999999988,-38.49999999999995,-44.79999999999996,-52.69999999999993,-38.49999999999996,-42.299999999999955,-41.49999999999998,-45.39999999999996,-54.599999999999966,-45.899999999999935,-48.69999999999998,-43.89999999999997,-55.59999999999995,-50.899999999999984,-50.59999999999993,-42.19999999999994,-46.29999999999997,-44.999999999999964,-56.799999999999955,-55.599999999999966,-33.899999999999935,-42.29999999999997,-48.19999999999997,-47.59999999999996,-38.49999999999997
dqn,5x5,medium,84,30240,-45.207999999999956,-43.69999999999997,-31.99999999999997,-40.09999999999991,-51.19999999999991,-42.999999999999986,-51.09999999999996,-48.29999999999997,-48.19999999999995,-54.999999999999986,-45.09999999999996,-41.89999999999996,-43.599999999999945,-54.19999999999997,-49.39999999999998,-54.29999999999995,-40.59999999999997,-55.7999999999999,-39.999999999999915,-51.79999999999995,-43.199999999999974,-34.39999999999997,-41.799999999999926,-33.69999999999996,-46.59999999999997,-41.19999999999997
dqn,5x5,medium,85,30600,-45.08399999999996,-37.799999999999955,-37.099999999999994,-37.499999999999964,-39.39999999999995,-41.199999999999925,-42.09999999999996,-44.19999999999991,-60.99999999999993,-45.899999999999935,-50.59999999999998,-46.999999999999964,-38.09999999999992,-48.89999999999998,-52.499999999999986,-49.199999999999946,-40.599999999999966,-50.999999999999964,-44.19999999999996,-52.59999999999998,-51.49999999999996,-40.39999999999995,-45.69999999999996,-41.39999999999995,-43.99999999999998,-43.19999999999998
dqn,5x5,medium,86,30960,-46.85199999999996,-31.399999999999984,-34.099999999999945,-42.99999999999998,-52.3,-34.699999999999996,-45.29999999999993,-54.499999999999964,-43.899999999999935,-50.099999999999966,-49.99999999999998,-51.199999999999946,-53.79999999999994,-54.19999999999993,-52.099999999999966,-44.89999999999997,-49.299999999999955,-68.09999999999992,-39.499999999999936,-46.89999999999996,-58.79999999999999,-31.899999999999977,-40.09999999999994,-44.699999999999946,-47.59999999999994,-48.899999999999956
dqn,5x5,medium,87,31320,-43.747999999999955,-37.599999999999945,-37.99999999999997,-41.49999999999995,-44.599999999999966,-39.89999999999994,-46.299999999999976,-51.19999999999999,-46.29999999999995,-45.299999999999955,-56.29999999999992,-42.39999999999995,-49.79999999999991,-46.89999999999998,-49.099999999999966,-45.59999999999993,-42.19999999999994,-34.89999999999996,-42.49999999999994,-48.599999999999945,-52.799999999999976,-32.99999999999995,-37.59999999999998,-41.59999999999995,-43.399999999999956,-36.29999999999993
dqn,5x5,medium,88,31680,-45.511999999999944,-46.09999999999998,-38.99999999999993,-41.39999999999992,-50.79999999999999,-34.099999999999966,-42.39999999999999,-41.69999999999996,-44.79999999999998,-60.7999999999999,-41.29999999999991,-44.49999999999991,-45.19999999999992,-56.99999999999996,-53.89999999999996,-49.999999999999936,-40.299999999999955,-41.49999999999995,-62.69999999999996,-59.399999999999984,-48.19999999999996,-36.39999999999996,-37.699999999999974,-42.49999999999996,-38.19999999999997,-37.89999999999997
dqn,5x5,medium,89,32040,-46.287999999999954,-36.999999999999964,-42.89999999999999,-38.199999999999946,-36.899999999999956,-41.899999999999956,-47.299999999999976,-53.999999999999986,-49.99999999999997,-48.799999999999926,-45.799999999999926,-44.99999999999995,-51.59999999999998,-53.799999999999955,-55.899999999999984,-51.299999999999926,-48.99999999999996,-58.49999999999998,-46.799999999999955,-49.599999999999916,-54.99999999999992,-34.19999999999996,-32.29999999999998,-44.99999999999996,-47.59999999999997,-38.79999999999996
dqn,5x5,medium,90,32400,-44.60399999999995,-36.499999999999964,-40.19999999999998,-44.799999999999976,-42.79999999999999,-29.999999999999957,-36.799999999999905,-46.29999999999993,-52.19999999999998,-59.7,-42.399999999999935,-45.49999999999993,-52.89999999999994,-53.89999999999997,-47.79999999999994,-55.30000000000001,-38.89999999999995,-48.699999999999996,-46.79999999999994,-53.69999999999996,-45.59999999999993,-32.89999999999996,-37.99999999999995,-46.39999999999997,-37.09999999999999,-39.899999999999956
dqn,5x5,medium,91,32760,-45.22799999999996,-34.29999999999997,-44.99999999999998,-43.59999999999996,-41.19999999999996,-35.599999999999966,-43.79999999999996,-50.19999999999996,-52.999999999999936,-44.79999999999996,-43.099999999999945,-42.999999999999986,-45.09999999999998,-56.29999999999998,-52.299999999999926,-55.39999999999998,-45.199999999999946,-56.1999999999999,-43.59999999999995,-54.59999999999997,-43.09999999999996,-32.99999999999998,-43.899999999999935,-51.89999999999998,-37.999999999999936,-34.49999999999995
dqn,5x5,medium,92,33120,-44.167999999999964,-31.199999999999978,-35.899999999999956,-40.4,-43.49999999999996,-36.09999999999999,-39.19999999999997,-50.6999999999999,-55.799999999999976,-46.69999999999996,-35.59999999999992,-51.79999999999998,-43.89999999999996,-61.79999999999997,-51.29999999999995,-46.49999999999993,-40.599999999999945,-45.59999999999998,-46.59999999999996,-47.79999999999993,-48.199999999999974,-37.39999999999996,-43.49999999999998,-42.69999999999997,-45.09999999999997,-36.29999999999996
dqn,5x5,medium,93,33480,-42.94399999999996,-36.39999999999999,-34.39999999999998,-45.399999999999956,-37.59999999999996,-38.09999999999999,-44.49999999999998,-56.299999999999955,-47.199999999999996,-44.99999999999998,-36.599999999999945,-43.69999999999996,-49.89999999999994,-42.19999999999992,-56.29999999999997,-51.59999999999998,-47.099999999999966,-47.49999999999992,-39.899999999999935,-52.49999999999997,-40.79999999999998,-33.299999999999955,-41.099999999999966,-33.19999999999996,-36.199999999999925,-36.79999999999997
dqn,5x5,medium,94,33840,-42.987999999999964,-37.79999999999995,-40.59999999999993,-31.99999999999998,-38.999999999999964,-32.29999999999994,-45.09999999999997,-47.69999999999994,-43.09999999999995,-46.69999999999996,-44.399999999999956,-38.89999999999998,-48.099999999999916,-55.19999999999996,-44.59999999999992,-50.99999999999992,-52.09999999999996,-45.59999999999997,-44.79999999999999,-44.99999999999993,-42.39999999999997,-28.099999999999994,-42.19999999999995,-42.99999999999996,-46.299999999999955,-38.699999999999946
dqn,5x5,medium,95,34200,-43.13599999999996,-36.29999999999996,-35.89999999999997,-37.79999999999994,-42.59999999999996,-35.19999999999996,-36.09999999999997,-39.29999999999996,-58.400000000000006,-48.49999999999998,-48.89999999999994,-33.99999999999995,-45.800000000000004,-50.09999999999997,-47.19999999999996,-46.89999999999997,-38.69999999999994,-48.99999999999998,-46.59999999999992,-53.99999999999988,-55.29999999999996,-36.299999999999955,-35.89999999999996,-41.99999999999998,-36.19999999999997,-41.39999999999994
dqn,5x5,medium,96,34560,-41.29599999999996,-35.19999999999997,-33.79999999999996,-37.999999999999964,-32.39999999999997,-33.09999999999994,-33.99999999999995,-46.89999999999998,-51.59999999999993,-44.399999999999984,-44.99999999999997,-40.59999999999994,-48.99999999999996,-51.79999999999996,-51.49999999999996,-47.79999999999998,-34.69999999999995,-50.29999999999991,-45.39999999999994,-53.599999999999966,-43.19999999999996,-31.09999999999996,-31.799999999999958,-35.399999999999984,-38.49999999999995,-33.29999999999997
dqn,5x5,medium,97,34920,-41.979999999999954,-36.89999999999997,-40.49999999999996,-32.59999999999994,-44.79999999999996,-33.99999999999998,-34.89999999999995,-50.89999999999994,-41.99999999999992,-50.199999999999946,-43.99999999999995,-43.7,-44.899999999999956,-50.09999999999995,-56.099999999999966,-44.399999999999984,-42.49999999999996,-62.399999999999956,-36.699999999999974,-39.99999999999993,-36.999999999999936,-26.49999999999995,-42.399999999999935,-36.39999999999999,-43.099999999999966,-32.499999999999964
dqn,5x5,medium,98,35280,-41.54399999999996,-33.69999999999999,-39.59999999999997,-37.699999999999946,-39.99999999999996,-40.199999999999974,-42.19999999999994,-43.499999999999964,-51.79999999999997,-47.39999999999998,-36.699999999999925,-38.899999999999935,-49.29999999999996,-48.19999999999998,-47.09999999999995,-53.499999999999986,-44.0,-40.59999999999993,-44.69999999999995,-41.19999999999994,-47.399999999999984,-25.999999999999968,-39.39999999999996,-34.199999999999974,-34.19999999999996,-37.099999999999966
dqn,5x5,medium,99,35640,-43.39999999999996,-36.89999999999997,-36.79999999999993,-36.59999999999996,-49.899999999999935,-32.799999999999976,-40.59999999999996,-53.999999999999964,-48.39999999999998,-51.099999999999994,-48.69999999999996,-40.99999999999998,-42.09999999999996,-48.799999999999955,-52.199999999999974,-44.899999999999956,-34.89999999999997,-43.69999999999993,-47.49999999999992,-53.899999999999984,-44.49999999999997,-29.799999999999994,-33.19999999999994,-44.29999999999993,-45.09999999999998,-43.299999999999955
dqn,5x5,medium,100,36000,-41.75999999999996,-33.8,-36.9,-34.699999999999974,-44.69999999999993,-32.09999999999996,-32.39999999999996,-45.69999999999995,-47.99999999999991,-56.19999999999997,-42.79999999999995,-37.099999999999945,-50.799999999999955,-44.39999999999998,-48.19999999999995,-49.29999999999997,-41.59999999999995,-40.299999999999976,-43.39999999999993,-46.09999999999998,-55.9,-31.29999999999999,-30.499999999999964,-41.69999999999998,-44.19999999999995,-31.899999999999945
dqn,5x5,medium,101,36360,-42.675999999999966,-38.39999999999999,-37.89999999999997,-33.29999999999995,-40.69999999999996,-37.59999999999997,-39.29999999999997,-40.699999999999974,-50.999999999999986,-44.399999999999906,-43.999999999999964,-48.39999999999996,-48.39999999999996,-52.69999999999997,-37.699999999999996,-45.39999999999995,-33.29999999999999,-47.299999999999976,-43.999999999999964,-62.9,-41.49999999999993,-30.499999999999954,-47.39999999999997,-40.30000000000001,-44.899999999999935,-34.899999999999956
dqn,5x5,medium,102,36720,-41.731999999999964,-32.800000000000004,-29.899999999999935,-34.79999999999997,-31.599999999999994,-29.699999999999925,-42.09999999999994,-46.30000000000001,-51.399999999999956,-44.99999999999997,-45.79999999999996,-39.79999999999995,-52.999999999999964,-40.499999999999964,-50.699999999999974,-50.59999999999998,-42.39999999999996,-43.69999999999993,-46.99999999999994,-64.29999999999997,-43.999999999999986,-31.99999999999997,-36.89999999999997,-31.99999999999995,-36.89999999999997,-40.09999999999997
dqn,5x5,medium,103,37080,-40.65199999999996,-38.29999999999999,-31.799999999999983,-42.399999999999984,-36.19999999999996,-29.899999999999984,-49.79999999999993,-40.59999999999995,-47.400000000000006,-49.69999999999996,-43.999999999999964,-38.199999999999946,-37.19999999999998,-45.59999999999993,-45.19999999999997,-45.49999999999994,-36.19999999999995,-42.99999999999995,-46.89999999999994,-42.29999999999994,-54.59999999999998,-22.99999999999999,-32.49999999999996,-35.89999999999994,-38.999999999999964,-41.099999999999966
dqn,5x5,medium,104,37440,-41.875999999999955,-35.499999999999986,-37.49999999999995,-43.099999999999945,-45.09999999999996,-27.199999999999974,-34.599999999999945,-50.89999999999997,-44.79999999999994,-42.99999999999996,-48.89999999999999,-37.999999999999964,-43.99999999999992,-41.799999999999976,-51.59999999999995,-49.59999999999994,-37.49999999999997,-49.299999999999955,-43.79999999999996,-48.99999999999995,-48.89999999999997,-28.39999999999997,-37.599999999999945,-40.599999999999945,-35.79999999999998,-40.399999999999935
dqn,5x5,medium,105,37800,-42.57199999999995,-35.29999999999998,-33.099999999999966,-35.69999999999993,-43.39999999999997,-38.699999999999974,-31.29999999999995,-39.59999999999996,-51.49999999999996,-49.69999999999996,-46.099999999999966,-37.49999999999997,-51.2999999999999,-51.49999999999992,-49.999999999999915,-64.99999999999993,-33.29999999999996,-47.099999999999994,-42.499999999999986,-38.69999999999994,-54.79999999999997,-30.99999999999998,-40.09999999999993,-31.599999999999966,-45.39999999999998,-40.09999999999995
dqn,5x5,medium,106,38160,-42.039999999999964,-38.599999999999966,-39.89999999999996,-46.29999999999997,-44.09999999999995,-33.49999999999999,-44.79999999999996,-44.39999999999996,-49.69999999999995,-45.39999999999995,-41.3999999999999,-41.29999999999997,-46.09999999999998,-44.099999999999945,-47.39999999999994,-47.699999999999996,-37.19999999999996,-52.59999999999998,-45.199999999999974,-47.599999999999945,-47.79999999999991,-26.09999999999998,-32.59999999999995,-38.09999999999994,-37.29999999999997,-31.79999999999996
dqn,5x5,medium,107,38520,-43.79199999999996,-36.59999999999998,-35.89999999999997,-40.499999999999964,-35.799999999999955,-34.19999999999998,-41.199999999999974,-45.99999999999994,-55.59999999999995,-54.499999999999986,-52.19999999999995,-44.49999999999992,-48.59999999999994,-54.09999999999998,-50.199999999999946,-52.09999999999993,-38.09999999999997,-52.799999999999926,-49.69999999999994,-40.69999999999997,-49.39999999999998,-34.69999999999998,-41.59999999999994,-30.59999999999995,-40.99999999999996,-34.19999999999996
dqn,5x5,medium,108,38880,-41.61199999999996,-36.499999999999964,-42.099999999999945,-40.39999999999995,-39.79999999999995,-31.799999999999986,-38.79999999999993,-45.800000000000004,-43.09999999999999,-43.19999999999994,-40.09999999999998,-35.79999999999995,-46.799999999999905,-46.19999999999997,-48.89999999999992,-45.8,-35.999999999999964,-49.099999999999966,-59.29999999999997,-43.599999999999945,-57.39999999999995,-27.79999999999998,-36.199999999999946,-38.19999999999999,-38.299999999999976,-29.299999999999972
dqn,5x5,medium,109,39240,-42.30399999999997,-33.399999999999984,-32.39999999999997,-35.89999999999997,-35.59999999999999,-29.29999999999998,-36.59999999999995,-47.19999999999998,-49.59999999999995,-53.29999999999996,-41.99999999999996,-40.699999999999974,-48.59999999999997,-53.89999999999996,-42.99999999999994,-57.89999999999996,-32.999999999999964,-50.099999999999945,-49.09999999999995,-52.49999999999997,-42.99999999999992,-30.199999999999974,-41.299999999999955,-41.19999999999997,-46.59999999999993,-31.199999999999953
dqn,5x5,medium,110,39600,-41.41599999999996,-30.40000000000001,-37.19999999999995,-36.099999999999945,-38.599999999999966,-35.99999999999994,-41.49999999999998,-49.19999999999995,-43.79999999999993,-48.59999999999992,-36.09999999999998,-38.499999999999936,-37.29999999999995,-49.69999999999993,-54.19999999999995,-43.39999999999997,-37.699999999999974,-50.199999999999974,-52.09999999999996,-46.49999999999997,-57.89999999999996,-24.099999999999987,-40.799999999999905,-37.19999999999999,-28.89999999999995,-39.39999999999994
dqn,5x5,medium,111,39960,-42.76799999999996,-29.49999999999999,-29.799999999999983,-41.69999999999994,-43.89999999999989,-36.4,-40.799999999999955,-51.09999999999997,-48.099999999999945,-47.899999999999935,-44.69999999999994,-43.19999999999995,-43.69999999999993,-51.099999999999945,-51.69999999999996,-51.19999999999996,-36.19999999999994,-48.499999999999986,-49.99999999999998,-46.59999999999998,-54.39999999999997,-38.899999999999956,-38.8,-31.2,-32.79999999999998,-36.99999999999996
dqn,5x5,medium,112,40320,-41.027999999999956,-32.199999999999974,-39.39999999999992,-28.69999999999998,-38.79999999999998,-31.39999999999998,-38.09999999999992,-55.89999999999995,-45.89999999999999,-48.99999999999994,-43.49999999999995,-34.899999999999956,-48.09999999999991,-51.99999999999992,-53.79999999999993,-42.19999999999996,-35.599999999999966,-47.19999999999993,-37.39999999999995,-52.59999999999999,-44.49999999999994,-24.899999999999988,-32.49999999999994,-38.89999999999998,-39.09999999999997,-39.09999999999995
dqn,5x5,medium,113,40680,-43.79199999999997,-37.79999999999996,-40.299999999999976,-33.59999999999997,-43.19999999999996,-35.09999999999999,-44.39999999999994,-40.30000000000001,-55.39999999999999,-51.59999999999996,-44.69999999999995,-40.39999999999994,-48.89999999999998,-41.59999999999997,-53.999999999999964,-60.7,-34.79999999999993,-40.99999999999998,-57.99999999999999,-63.59999999999998,-42.399999999999956,-24.999999999999996,-37.099999999999945,-41.9,-47.299999999999955,-31.69999999999995
dqn,5x5,medium,114,41040,-42.507999999999974,-30.599999999999994,-37.899999999999956,-38.299999999999955,-42.29999999999999,-32.499999999999964,-46.399999999999984,-43.59999999999999,-50.79999999999997,-49.899999999999984,-39.099999999999994,-45.49999999999995,-41.19999999999996,-47.89999999999994,-56.49999999999995,-51.89999999999993,-39.69999999999993,-46.89999999999997,-48.69999999999995,-46.79999999999994,-47.69999999999996,-30.699999999999974,-37.09999999999996,-36.89999999999997,-40.399999999999984,-33.4
dqn,5x5,medium,115,41400,-41.99599999999996,-35.99999999999996,-34.59999999999995,-41.199999999999974,-35.899999999999956,-28.099999999999994,-46.69999999999995,-49.09999999999994,-57.39999999999995,-42.0999999999999,-43.89999999999991,-44.59999999999998,-39.69999999999992,-51.59999999999996,-43.39999999999997,-46.89999999999996,-37.49999999999994,-60.09999999999997,-45.69999999999996,-45.99999999999992,-50.599999999999966,-28.199999999999953,-34.59999999999995,-35.29999999999995,-37.19999999999997,-33.49999999999996
dqn,5x5,medium,116,41760,-41.33199999999995,-30.599999999999962,-27.99999999999998,-39.99999999999998,-46.69999999999997,-40.49999999999999,-41.79999999999993,-52.099999999999945,-46.69999999999997,-44.49999999999996,-43.29999999999996,-34.89999999999996,-41.29999999999999,-46.59999999999994,-55.699999999999925,-52.79999999999988,-42.59999999999997,-49.39999999999997,-34.59999999999993,-41.79999999999996,-48.29999999999997,-19.199999999999992,-40.69999999999996,-33.79999999999996,-38.499999999999986,-38.89999999999998
dqn,5x5,medium,117,42120,-43.07999999999997,-30.79999999999999,-44.09999999999996,-43.299999999999976,-43.899999999999956,-37.89999999999994,-43.89999999999995,-47.89999999999997,-49.19999999999996,-51.899999999999956,-52.39999999999997,-34.09999999999997,-43.39999999999995,-53.199999999999996,-49.79999999999998,-46.29999999999995,-27.699999999999978,-46.299999999999976,-48.500000000000014,-49.999999999999964,-49.69999999999995,-32.499999999999964,-37.800000000000004,-31.79999999999999,-43.59999999999997,-36.99999999999994
dqn,5x5,medium,118,42480,-40.73599999999997,-30.299999999999976,-33.69999999999997,-35.49999999999999,-35.300000000000004,-28.699999999999967,-40.49999999999996,-39.09999999999996,-48.299999999999926,-51.09999999999995,-50.099999999999994,-32.19999999999999,-53.09999999999991,-52.40000000000001,-50.199999999999925,-58.69999999999998,-36.69999999999995,-43.19999999999995,-43.29999999999994,-43.799999999999926,-39.59999999999996,-26.799999999999965,-37.999999999999936,-32.49999999999998,-39.79999999999998,-35.499999999999964
dqn,5x5,medium,119,42840,-41.96399999999996,-38.59999999999997,-39.59999999999996,-45.399999999999956,-37.79999999999998,-35.699999999999974,-38.79999999999998,-53.79999999999997,-48.900000000000006,-38.99999999999997,-44.89999999999992,-41.79999999999993,-42.699999999999925,-52.39999999999995,-36.59999999999998,-41.39999999999998,-44.99999999999999,-46.699999999999974,-46.899999999999984,-45.69999999999994,-45.59999999999995,-30.29999999999996,-31.999999999999957,-43.19999999999996,-34.999999999999964,-41.29999999999994
dqn,5x5,medium,120,43200,-44.20799999999996,-41.39999999999993,-31.299999999999965,-42.299999999999955,-47.099999999999916,-36.79999999999995,-37.69999999999996,-48.89999999999993,-51.49999999999997,-47.79999999999999,-56.59999999999997,-56.49999999999999,-50.999999999999915,-52.89999999999999,-49.399999999999984,-48.499999999999915,-40.09999999999997,-41.69999999999999,-39.39999999999992,-51.699999999999974,-48.199999999999974,-30.89999999999994,-44.99999999999997,-36.59999999999996,-37.39999999999999,-34.499999999999986
dqn,5x5,medium,121,43560,-43.57199999999996,-37.69999999999997,-33.499999999999986,-43.6,-36.89999999999998,-34.79999999999997,-37.299999999999955,-46.69999999999997,-48.999999999999964,-49.99999999999997,-38.79999999999995,-44.2,-43.79999999999993,-63.69999999999997,-47.799999999999926,-52.39999999999994,-44.69999999999994,-42.499999999999936,-42.69999999999993,-52.499999999999964,-57.09999999999995,-30.899999999999974,-37.499999999999986,-39.89999999999996,-37.999999999999964,-43.29999999999996
dqn,5x5,medium,122,43920,-43.83999999999996,-38.89999999999997,-39.59999999999995,-38.89999999999998,-46.09999999999997,-36.299999999999955,-36.09999999999998,-44.59999999999999,-51.19999999999999,-53.79999999999997,-39.29999999999995,-49.99999999999992,-46.599999999999945,-52.49999999999997,-57.39999999999998,-51.49999999999994,-41.199999999999996,-49.59999999999997,-43.89999999999993,-47.299999999999926,-54.699999999999946,-32.199999999999946,-35.19999999999996,-35.79999999999999,-43.09999999999996,-30.199999999999985
dqn,5x5,medium,123,44280,-42.739999999999974,-34.299999999999955,-42.99999999999995,-38.99999999999995,-47.400000000000006,-36.299999999999955,-40.19999999999995,-50.79999999999998,-48.09999999999994,-46.199999999999996,-47.499999999999986,-35.99999999999996,-42.99999999999992,-47.09999999999991,-44.29999999999996,-60.29999999999995,-35.99999999999998,-38.79999999999995,-49.799999999999926,-49.99999999999994,-46.19999999999996,-29.099999999999977,-33.799999999999955,-38.900000000000006,-43.19999999999998,-39.19999999999998
dqn,5x5,medium,124,44640,-42.41599999999996,-35.4,-40.099999999999945,-34.39999999999997,-42.89999999999995,-31.299999999999983,-40.79999999999995,-42.79999999999999,-50.1,-46.79999999999992,-45.09999999999993,-42.09999999999995,-44.699999999999946,-51.399999999999956,-50.89999999999993,-50.59999999999997,-40.599999999999966,-42.89999999999996,-44.899999999999984,-54.499999999999964,-41.09999999999996,-30.599999999999987,-40.99999999999998,-37.3,-40.799999999999955,-37.29999999999996
dqn,5x5,medium,125,45000,-42.44399999999997,-32.00000000000001,-30.999999999999993,-38.89999999999998,-42.19999999999994,-35.29999999999998,-42.19999999999996,-53.800000000000004,-51.99999999999993,-41.99999999999996,-44.19999999999995,-38.19999999999997,-45.79999999999997,-53.59999999999995,-54.69999999999996,-42.99999999999996,-38.59999999999999,-50.699999999999946,-46.299999999999955,-49.49999999999997,-54.79999999999993,-20.89999999999999,-38.29999999999995,-36.19999999999999,-41.09999999999995,-35.79999999999997
dqn,5x5,medium,126,45360,-42.07199999999996,-35.19999999999996,-32.3,-39.999999999999986,-45.49999999999995,-36.19999999999998,-39.99999999999996,-46.399999999999956,-53.999999999999964,-49.699999999999996,-49.89999999999994,-42.39999999999995,-53.59999999999994,-51.59999999999993,-46.899999999999956,-48.79999999999996,-39.49999999999994,-42.49999999999997,-44.099999999999945,-45.99999999999999,-43.999999999999936,-25.399999999999963,-38.49999999999997,-34.99999999999997,-36.19999999999993,-28.099999999999962
dqn,5x5,medium,127,45720,-41.731999999999964,-34.09999999999995,-37.799999999999955,-36.19999999999995,-45.19999999999997,-31.499999999999982,-43.59999999999995,-37.49999999999998,-48.29999999999999,-54.399999999999956,-37.49999999999995,-45.599999999999945,-52.699999999999974,-49.49999999999994,-38.79999999999994,-46.799999999999955,-36.09999999999994,-49.59999999999995,-40.79999999999991,-43.19999999999994,-55.99999999999996,-28.799999999999976,-32.59999999999997,-42.39999999999998,-43.59999999999995,-30.69999999999996
dqn,5x5,medium,128,46080,-40.29199999999996,-35.699999999999946,-35.39999999999996,-39.99999999999997,-36.89999999999997,-31.799999999999965,-42.29999999999996,-34.69999999999998,-46.59999999999997,-41.19999999999995,-46.099999999999916,-39.29999999999996,-39.09999999999997,-48.599999999999945,-45.69999999999996,-44.199999999999974,-36.29999999999997,-38.09999999999991,-52.59999999999997,-40.69999999999997,-47.59999999999992,-27.09999999999998,-34.79999999999999,-39.99999999999994,-51.100000000000016,-31.399999999999988
dqn,5x5,medium,129,46440,-43.03599999999996,-32.999999999999964,-38.19999999999995,-40.89999999999997,-43.39999999999996,-33.099999999999966,-37.49999999999993,-58.99999999999999,-49.899999999999956,-46.99999999999995,-50.79999999999992,-45.19999999999998,-45.199999999999946,-52.199999999999974,-49.89999999999994,-54.899999999999956,-35.29999999999996,-47.799999999999926,-49.39999999999996,-45.29999999999995,-43.09999999999995,-28.899999999999984,-32.59999999999995,-35.599999999999994,-40.79999999999999,-36.89999999999995
dqn,5x5,medium,130,46800,-41.62399999999997,-30.699999999999992,-33.899999999999984,-33.19999999999996,-36.89999999999998,-35.09999999999995,-47.49999999999997,-41.399999999999984,-45.59999999999998,-50.69999999999999,-43.69999999999997,-45.89999999999998,-51.79999999999993,-49.79999999999995,-42.400000000000006,-40.899999999999935,-37.69999999999996,-46.89999999999992,-46.899999999999984,-50.59999999999995,-50.69999999999995,-21.399999999999963,-36.79999999999997,-36.99999999999995,-43.79999999999996,-39.29999999999997
dqn,5x5,medium,131,47160,-40.50799999999997,-30.099999999999973,-26.99999999999998,-34.69999999999995,-45.09999999999995,-34.199999999999974,-39.499999999999986,-43.99999999999994,-41.89999999999994,-40.999999999999964,-37.09999999999992,-46.49999999999994,-49.19999999999999,-45.599999999999966,-44.79999999999996,-52.799999999999955,-38.49999999999995,-47.299999999999905,-46.499999999999964,-50.99999999999999,-46.99999999999997,-27.99999999999999,-35.299999999999976,-32.199999999999974,-43.39999999999995,-29.999999999999986
dqn,5x5,medium,132,47520,-40.50399999999996,-37.899999999999984,-33.799999999999955,-35.19999999999996,-34.599999999999994,-33.499999999999986,-35.09999999999996,-38.099999999999945,-43.09999999999998,-43.69999999999998,-43.799999999999976,-30.599999999999962,-47.099999999999945,-50.09999999999996,-39.699999999999946,-50.99999999999995,-50.09999999999997,-53.39999999999998,-40.89999999999995,-43.399999999999956,-46.99999999999999,-27.299999999999976,-36.39999999999997,-42.799999999999955,-36.499999999999986,-37.49999999999992
dqn,5x5,medium,133,47880,-42.65199999999996,-38.69999999999996,-40.499999999999936,-41.899999999999956,-45.8,-29.699999999999978,-40.19999999999995,-47.39999999999997,-49.09999999999995,-53.999999999999964,-42.39999999999995,-41.0,-43.099999999999945,-43.29999999999995,-54.19999999999997,-48.99999999999995,-40.49999999999995,-48.39999999999995,-44.299999999999976,-51.799999999999976,-43.599999999999945,-19.69999999999997,-33.59999999999998,-38.599999999999966,-49.399999999999956,-36.09999999999996
dqn,5x5,medium,134,48240,-40.94399999999997,-27.800000000000008,-36.19999999999997,-40.399999999999956,-32.099999999999994,-34.399999999999956,-37.099999999999966,-43.199999999999896,-42.99999999999995,-45.09999999999997,-40.50000000000001,-50.99999999999997,-49.799999999999905,-49.999999999999986,-46.59999999999997,-50.59999999999998,-42.49999999999995,-39.89999999999998,-46.49999999999995,-49.29999999999995,-43.7,-26.699999999999964,-36.599999999999966,-33.599999999999966,-40.69999999999996,-36.29999999999996
dqn,5x5,medium,135,48600,-40.99599999999995,-30.399999999999963,-34.29999999999996,-35.99999999999997,-42.99999999999998,-43.09999999999998,-36.699999999999925,-38.89999999999997,-52.899999999999935,-49.59999999999993,-41.69999999999995,-37.89999999999999,-41.19999999999999,-44.69999999999993,-53.69999999999994,-50.09999999999994,-34.699999999999974,-42.799999999999926,-44.699999999999946,-46.299999999999976,-49.69999999999994,-31.199999999999978,-32.89999999999997,-30.899999999999963,-41.59999999999996,-35.89999999999995
dqn,5x5,medium,136,48960,-41.33199999999997,-35.09999999999994,-39.199999999999974,-29.199999999999974,-49.39999999999991,-35.699999999999974,-33.19999999999996,-35.29999999999996,-48.299999999999976,-43.99999999999996,-41.89999999999999,-46.09999999999994,-51.699999999999946,-53.19999999999997,-46.29999999999995,-48.09999999999999,-39.1,-34.09999999999997,-39.39999999999998,-52.79999999999993,-51.89999999999994,-32.09999999999998,-35.6,-38.800000000000004,-35.39999999999997,-37.39999999999998
dqn,5x5,medium,137,49320,-42.107999999999954,-41.09999999999998,-33.999999999999964,-37.999999999999964,-27.599999999999905,-35.999999999999964,-44.89999999999997,-42.79999999999998,-45.49999999999995,-44.39999999999997,-41.79999999999996,-38.89999999999997,-50.49999999999992,-48.099999999999945,-46.89999999999991,-56.59999999999993,-34.69999999999996,-48.799999999999955,-39.79999999999996,-52.39999999999996,-46.299999999999926,-37.099999999999966,-34.39999999999996,-34.69999999999993,-46.09999999999997,-41.29999999999997
dqn,5x5,medium,138,49680,-41.05599999999997,-31.099999999999984,-29.499999999999982,-40.49999999999995,-41.99999999999998,-29.899999999999963,-43.499999999999964,-41.799999999999926,-50.39999999999998,-40.09999999999998,-45.59999999999996,-51.29999999999999,-49.09999999999999,-52.29999999999995,-47.199999999999974,-42.99999999999996,-38.399999999999956,-45.099999999999966,-44.99999999999996,-39.599999999999945,-47.29999999999996,-26.000000000000004,-30.799999999999965,-35.39999999999999,-42.199999999999974,-39.29999999999996
