algorithm,grid,scenario,episode,step,avg_reward,epsilon,reward_B1,reward_B2,reward_B3,reward_B4,reward_B5,reward_C1,reward_C2,reward_C3,reward_C4,reward_C5,reward_D1,reward_D2,reward_D3,reward_D4,reward_D5,reward_E1,reward_E2,reward_E3,reward_E4,reward_E5,reward_F1,reward_F2,reward_F3,reward_F4,reward_F5
dqn,5x5,medium,1,360,-75.78400000000002,0.9902557142857142,-56.59999999999993,-73.30000000000005,-80.90000000000002,-66.59999999999997,-71.50000000000007,-63.89999999999997,-75.69999999999996,-80.10000000000001,-79.10000000000007,-101.60000000000018,-80.19999999999996,-65.39999999999993,-91.00000000000011,-79.80000000000005,-80.9999999999999,-76.40000000000015,-77.00000000000011,-83.40000000000002,-90.40000000000003,-83.90000000000003,-62.69999999999998,-66.29999999999994,-64.39999999999995,-78.5,-64.89999999999993
dqn,5x5,medium,2,720,-70.93199999999999,0.9804842857142857,-61.499999999999964,-62.09999999999995,-68.50000000000001,-69.69999999999996,-78.60000000000002,-62.499999999999964,-80.10000000000001,-70.29999999999995,-68.80000000000003,-61.3999999999999,-61.599999999999966,-67.29999999999997,-76.89999999999999,-76.10000000000008,-81.80000000000007,-69.89999999999998,-79.20000000000006,-89.5,-68.79999999999998,-72.19999999999999,-54.19999999999998,-60.59999999999992,-73.09999999999995,-89.0,-69.59999999999988
dqn,5x5,medium,3,1080,-75.18,0.9707128571428572,-60.800000000000004,-68.5,-78.7,-74.30000000000008,-74.4,-62.199999999999974,-89.60000000000008,-97.19999999999996,-78.00000000000001,-64.59999999999997,-69.10000000000005,-81.79999999999994,-85.10000000000004,-88.80000000000001,-86.19999999999997,-81.50000000000001,-97.69999999999996,-76.79999999999998,-72.80000000000003,-70.49999999999997,-56.1999999999999,-58.399999999999935,-65.60000000000004,-71.80000000000001,-68.90000000000002
dqn,5x5,medium,4,1440,-73.42000000000002,0.9609414285714286,-63.1,-69.60000000000001,-68.80000000000001,-75.30000000000003,-79.0,-65.09999999999994,-66.19999999999997,-72.50000000000001,-70.1,-67.20000000000002,-65.59999999999994,-70.29999999999994,-94.20000000000012,-93.7000000000001,-61.09999999999998,-68.39999999999998,-89.40000000000008,-93.60000000000007,-81.09999999999998,-69.89999999999989,-63.09999999999999,-84.30000000000008,-65.99999999999996,-65.50000000000003,-72.40000000000002
dqn,5x5,medium,5,1800,-72.316,0.95117,-64.60000000000004,-66.80000000000001,-63.199999999999974,-71.39999999999999,-63.699999999999946,-68.80000000000003,-79.70000000000007,-82.80000000000008,-73.4,-72.60000000000001,-73.80000000000005,-69.09999999999995,-86.90000000000005,-65.19999999999995,-88.90000000000003,-75.40000000000003,-67.49999999999994,-70.39999999999995,-78.30000000000001,-79.49999999999997,-69.10000000000002,-65.89999999999993,-66.19999999999989,-75.80000000000004,-68.9
dqn,5x5,medium,6,2160,-70.988,0.9413985714285714,-62.99999999999999,-63.49999999999994,-59.99999999999996,-76.79999999999998,-63.29999999999994,-64.10000000000001,-90.90000000000003,-75.20000000000009,-71.30000000000008,-82.4000000000001,-60.59999999999998,-83.00000000000007,-79.90000000000002,-73.3,-69.79999999999995,-69.59999999999995,-83.19999999999996,-69.6,-83.70000000000002,-81.80000000000005,-55.299999999999955,-59.69999999999994,-64.49999999999994,-66.50000000000004,-63.69999999999995
dqn,5x5,medium,7,2520,-71.94,0.9316271428571429,-58.199999999999974,-64.9,-70.40000000000002,-70.09999999999998,-66.00000000000001,-66.89999999999999,-63.89999999999996,-69.8,-81.39999999999993,-73.70000000000003,-78.90000000000009,-58.29999999999996,-73.79999999999993,-105.99999999999989,-82.49999999999996,-67.5,-73.20000000000003,-73.10000000000001,-77.80000000000004,-72.49999999999997,-64.4,-67.8,-73.50000000000001,-70.9999999999999,-72.9
dqn,5x5,medium,8,2880,-70.45599999999999,0.9218557142857142,-52.699999999999946,-73.4,-59.49999999999998,-73.20000000000005,-54.89999999999998,-62.99999999999999,-75.39999999999988,-73.99999999999993,-84.7,-64.79999999999997,-65.79999999999995,-86.5,-73.60000000000004,-98.10000000000002,-76.49999999999999,-62.999999999999936,-71.60000000000001,-59.799999999999976,-88.30000000000003,-77.80000000000007,-50.49999999999995,-65.40000000000003,-60.39999999999996,-88.79999999999995,-59.699999999999946
dqn,5x5,medium,9,3240,-71.74,0.9120842857142857,-66.30000000000003,-69.10000000000002,-65.29999999999995,-73.4,-69.60000000000001,-60.59999999999998,-74.89999999999999,-82.50000000000001,-59.59999999999996,-67.39999999999995,-75.39999999999993,-80.50000000000003,-75.39999999999996,-79.89999999999998,-94.20000000000012,-74.79999999999993,-80.2,-71.20000000000003,-72.50000000000006,-74.6,-60.09999999999999,-63.19999999999994,-68.60000000000005,-69.40000000000002,-64.79999999999993
dqn,5x5,medium,10,3600,-71.82799999999999,0.9023128571428571,-56.99999999999997,-62.19999999999993,-69.2,-71.09999999999998,-63.39999999999993,-62.0,-80.70000000000003,-71.79999999999994,-66.6,-94.79999999999998,-80.60000000000005,-76.80000000000005,-71.59999999999998,-91.49999999999997,-70.79999999999998,-76.70000000000002,-79.09999999999995,-74.39999999999995,-66.69999999999999,-65.59999999999995,-71.49999999999997,-63.99999999999997,-74.39999999999996,-65.39999999999995,-67.79999999999998
dqn,5x5,medium,11,3960,-71.192,0.8925414285714286,-61.59999999999994,-58.79999999999994,-70.20000000000002,-69.39999999999995,-61.8,-68.99999999999997,-68.49999999999999,-65.59999999999992,-73.10000000000005,-64.89999999999996,-73.39999999999998,-71.00000000000003,-87.30000000000001,-74.19999999999997,-80.69999999999997,-67.19999999999999,-76.30000000000003,-81.80000000000011,-73.50000000000004,-80.99999999999996,-59.800000000000026,-76.4,-66.60000000000001,-78.70000000000006,-69.00000000000001
dqn,5x5,medium,12,4320,-68.71999999999998,0.88277,-73.69999999999997,-59.2,-70.09999999999995,-65.59999999999992,-61.099999999999945,-71.10000000000002,-73.3,-80.29999999999998,-72.6000000000001,-66.79999999999991,-73.59999999999998,-66.1,-76.20000000000002,-79.3,-65.39999999999992,-64.49999999999996,-74.19999999999997,-62.29999999999995,-79.49999999999997,-76.49999999999997,-57.69999999999994,-66.80000000000001,-66.79999999999997,-61.79999999999994,-53.49999999999994
dqn,5x5,medium,13,4680,-70.73999999999997,0.8729985714285714,-63.59999999999996,-57.19999999999997,-71.5,-62.399999999999935,-59.999999999999964,-54.29999999999993,-95.70000000000003,-72.39999999999999,-73.60000000000005,-78.80000000000003,-63.29999999999996,-69.29999999999993,-78.70000000000005,-68.69999999999996,-69.49999999999997,-62.799999999999976,-98.80000000000003,-80.50000000000001,-82.7,-88.70000000000005,-57.19999999999992,-56.89999999999991,-70.70000000000002,-77.49999999999993,-53.69999999999992
dqn,5x5,medium,14,5040,-69.196,0.8632271428571429,-64.19999999999996,-55.89999999999997,-64.99999999999997,-69.89999999999992,-61.59999999999992,-54.19999999999997,-66.99999999999997,-81.7000000000001,-68.69999999999995,-71.29999999999995,-68.40000000000005,-72.20000000000007,-82.09999999999998,-90.60000000000002,-69.40000000000003,-72.39999999999998,-77.00000000000004,-65.79999999999997,-72.90000000000002,-66.10000000000004,-52.69999999999994,-73.00000000000011,-64.50000000000003,-74.4,-68.89999999999998
dqn,5x5,medium,15,5400,-73.49199999999999,0.8534557142857143,-60.59999999999998,-57.49999999999995,-60.50000000000003,-65.39999999999992,-66.8999999999999,-64.39999999999996,-97.39999999999995,-87.0,-76.80000000000008,-70.30000000000001,-63.50000000000003,-79.49999999999993,-94.89999999999998,-109.50000000000006,-90.30000000000008,-79.60000000000011,-62.69999999999994,-71.49999999999996,-73.69999999999999,-87.00000000000007,-64.69999999999999,-75.39999999999999,-59.59999999999994,-58.49999999999997,-60.09999999999999
dqn,5x5,medium,16,5760,-66.51599999999998,0.8436842857142858,-58.300000000000026,-53.699999999999996,-65.09999999999994,-66.99999999999999,-59.0,-66.50000000000004,-74.79999999999998,-67.69999999999995,-66.69999999999995,-57.99999999999994,-70.69999999999996,-67.7,-64.89999999999996,-83.40000000000006,-66.19999999999995,-69.09999999999997,-71.0,-64.3,-74.69999999999995,-70.79999999999995,-60.49999999999994,-65.39999999999993,-63.99999999999996,-66.50000000000001,-66.89999999999993
dqn,5x5,medium,17,6120,-69.89199999999998,0.8339128571428571,-64.39999999999995,-67.49999999999999,-64.09999999999995,-61.79999999999999,-59.599999999999895,-67.60000000000007,-75.99999999999993,-70.60000000000001,-67.9,-70.60000000000001,-84.19999999999999,-83.40000000000003,-83.79999999999995,-68.99999999999994,-74.19999999999997,-72.09999999999992,-78.60000000000001,-79.00000000000003,-72.49999999999994,-78.10000000000007,-55.399999999999984,-61.39999999999993,-59.90000000000001,-69.1,-56.49999999999994
dqn,5x5,medium,18,6480,-68.08399999999997,0.8241414285714286,-59.19999999999996,-66.49999999999997,-58.89999999999999,-58.29999999999998,-49.099999999999945,-66.79999999999997,-78.39999999999999,-73.2,-67.69999999999997,-59.399999999999984,-72.10000000000007,-73.29999999999997,-82.40000000000006,-69.80000000000007,-77.39999999999998,-73.49999999999996,-64.09999999999988,-69.3,-78.20000000000006,-83.8,-51.199999999999974,-69.49999999999994,-65.39999999999999,-64.59999999999995,-70.00000000000007
dqn,5x5,medium,19,6840,-67.35999999999999,0.81437,-66.2,-62.99999999999991,-65.09999999999998,-57.59999999999994,-56.999999999999986,-58.29999999999997,-69.90000000000003,-72.10000000000007,-82.79999999999998,-68.39999999999995,-58.79999999999998,-71.09999999999997,-68.79999999999997,-79.1,-73.19999999999997,-62.69999999999998,-65.3999999999999,-69.29999999999995,-68.40000000000005,-71.2,-56.39999999999997,-52.09999999999997,-87.00000000000006,-64.39999999999992,-75.69999999999996
dqn,5x5,medium,20,7200,-65.52799999999998,0.8045985714285715,-50.49999999999995,-58.19999999999996,-54.69999999999999,-62.19999999999995,-51.799999999999926,-60.39999999999994,-68.20000000000003,-73.50000000000003,-77.50000000000001,-64.29999999999998,-66.39999999999998,-72.39999999999998,-71.8,-82.19999999999997,-67.50000000000001,-61.699999999999925,-70.09999999999994,-66.7,-59.79999999999992,-63.39999999999997,-56.59999999999994,-74.09999999999997,-69.80000000000005,-68.1,-66.30000000000001
dqn,5x5,medium,21,7560,-66.46799999999996,0.7948271428571428,-61.999999999999936,-60.89999999999999,-59.399999999999956,-55.39999999999997,-66.1,-66.19999999999995,-71.79999999999998,-82.99999999999993,-69.49999999999997,-55.19999999999992,-81.00000000000001,-66.39999999999998,-74.19999999999999,-71.7,-60.49999999999992,-65.39999999999998,-58.19999999999996,-66.19999999999996,-62.899999999999906,-89.09999999999997,-56.29999999999998,-62.49999999999991,-65.8,-62.79999999999991,-69.19999999999997
dqn,5x5,medium,22,7920,-68.50399999999998,0.7850557142857143,-59.00000000000003,-70.49999999999996,-61.899999999999906,-74.59999999999998,-56.799999999999955,-58.9,-74.80000000000005,-73.2,-73.19999999999999,-82.20000000000005,-67.29999999999993,-75.49999999999997,-65.99999999999997,-70.29999999999998,-59.79999999999995,-63.299999999999976,-79.99999999999993,-64.69999999999996,-74.79999999999998,-81.39999999999996,-54.79999999999991,-94.70000000000005,-52.79999999999996,-55.19999999999995,-66.9
dqn,5x5,medium,23,8280,-66.82799999999999,0.7752842857142858,-60.599999999999994,-58.89999999999992,-55.099999999999994,-75.80000000000001,-49.899999999999956,-61.00000000000001,-83.50000000000001,-67.10000000000002,-62.999999999999986,-64.1,-65.39999999999999,-69.60000000000002,-90.60000000000007,-81.40000000000002,-69.1,-56.700000000000045,-70.19999999999995,-75.29999999999995,-61.299999999999905,-75.90000000000005,-63.99999999999998,-57.499999999999936,-56.79999999999994,-73.39999999999999,-64.49999999999996
dqn,5x5,medium,24,8640,-65.65199999999996,0.7655128571428571,-55.09999999999995,-52.899999999999935,-68.6,-67.99999999999994,-67.89999999999998,-56.79999999999991,-64.59999999999994,-66.19999999999995,-66.59999999999992,-57.399999999999906,-82.39999999999999,-63.7,-76.2,-80.79999999999998,-70.39999999999996,-61.39999999999998,-69.39999999999996,-63.69999999999995,-78.00000000000003,-76.39999999999999,-53.19999999999993,-55.399999999999984,-61.999999999999964,-62.999999999999915,-61.19999999999997
dqn,5x5,medium,25,9000,-65.336,0.7557414285714286,-65.99999999999996,-60.09999999999992,-51.29999999999994,-66.80000000000003,-61.099999999999966,-52.799999999999926,-75.00000000000007,-72.80000000000001,-63.59999999999994,-71.30000000000001,-59.599999999999945,-61.00000000000001,-71.80000000000008,-61.69999999999995,-69.09999999999998,-70.39999999999999,-72.80000000000005,-75.90000000000008,-59.99999999999995,-75.60000000000002,-52.09999999999993,-57.09999999999995,-61.799999999999955,-68.59999999999997,-75.10000000000005
dqn,5x5,medium,26,9360,-64.27199999999996,0.74597,-54.39999999999991,-58.99999999999996,-60.39999999999997,-71.89999999999996,-57.19999999999993,-64.80000000000001,-71.29999999999995,-65.09999999999997,-59.69999999999993,-58.99999999999998,-78.10000000000004,-73.79999999999994,-66.49999999999991,-89.30000000000001,-56.799999999999955,-61.39999999999997,-82.89999999999998,-60.09999999999992,-66.89999999999999,-67.09999999999997,-49.99999999999995,-65.39999999999998,-56.399999999999956,-56.599999999999945,-52.69999999999994
dqn,5x5,medium,27,9720,-64.92799999999997,0.7361985714285715,-53.0,-58.89999999999995,-57.999999999999915,-60.399999999999906,-47.299999999999955,-57.7,-82.80000000000003,-66.10000000000002,-69.10000000000001,-64.09999999999991,-61.499999999999936,-62.39999999999999,-73.39999999999999,-72.59999999999998,-60.39999999999993,-67.3,-74.90000000000008,-72.00000000000007,-67.80000000000007,-79.29999999999995,-53.69999999999996,-69.39999999999995,-63.39999999999992,-69.19999999999996,-58.49999999999996
dqn,5x5,medium,28,10080,-62.89199999999997,0.7264271428571429,-59.79999999999999,-59.49999999999994,-55.099999999999966,-61.39999999999994,-60.09999999999994,-68.90000000000005,-60.19999999999998,-65.69999999999997,-65.09999999999997,-58.79999999999995,-62.90000000000001,-69.69999999999997,-75.10000000000004,-64.8999999999999,-73.1999999999999,-53.59999999999997,-64.19999999999992,-64.60000000000002,-70.39999999999993,-73.90000000000002,-55.399999999999956,-58.89999999999997,-56.799999999999976,-62.19999999999996,-51.899999999999984
dqn,5x5,medium,29,10440,-64.62399999999997,0.7166557142857144,-60.4,-54.59999999999992,-64.59999999999995,-60.79999999999994,-58.59999999999994,-64.39999999999998,-73.60000000000001,-72.49999999999996,-66.60000000000001,-64.29999999999997,-68.00000000000003,-59.39999999999995,-65.99999999999994,-62.89999999999999,-66.89999999999996,-72.19999999999995,-57.29999999999997,-68.99999999999997,-86.29999999999993,-67.80000000000001,-53.99999999999996,-69.1,-54.899999999999956,-61.09999999999998,-60.299999999999976
dqn,5x5,medium,30,10800,-64.72399999999996,0.7068842857142857,-56.20000000000001,-61.29999999999992,-51.89999999999995,-66.09999999999994,-63.79999999999993,-58.09999999999991,-75.70000000000005,-63.800000000000004,-69.9,-69.59999999999997,-69.69999999999992,-71.99999999999994,-69.90000000000003,-65.29999999999994,-69.59999999999995,-62.39999999999994,-79.09999999999994,-67.19999999999997,-56.49999999999999,-69.99999999999994,-52.89999999999996,-67.79999999999998,-60.899999999999935,-52.39999999999995,-65.99999999999996
dqn,5x5,medium,31,11160,-62.17599999999999,0.6971128571428572,-52.49999999999997,-50.79999999999993,-59.00000000000001,-59.20000000000001,-59.49999999999998,-59.09999999999999,-65.39999999999998,-72.50000000000006,-57.99999999999991,-70.89999999999992,-69.00000000000003,-67.59999999999997,-69.10000000000008,-77.80000000000008,-65.19999999999997,-68.40000000000002,-72.89999999999995,-66.0,-62.899999999999935,-61.99999999999996,-47.59999999999996,-54.49999999999992,-50.19999999999999,-59.999999999999986,-54.29999999999996
dqn,5x5,medium,32,11520,-62.03199999999996,0.6873414285714285,-56.00000000000001,-52.799999999999976,-66.3,-62.799999999999955,-61.79999999999993,-57.29999999999992,-56.19999999999999,-61.300000000000004,-65.69999999999999,-67.99999999999991,-63.099999999999994,-67.09999999999992,-71.10000000000002,-50.19999999999998,-75.59999999999998,-53.59999999999996,-65.79999999999997,-70.09999999999998,-70.59999999999991,-67.79999999999997,-56.39999999999996,-59.29999999999997,-57.69999999999997,-66.89999999999995,-47.300000000000004
dqn,5x5,medium,33,11880,-63.32799999999998,0.67757,-47.09999999999997,-61.199999999999946,-60.299999999999976,-61.699999999999974,-55.599999999999916,-55.69999999999999,-60.9,-74.09999999999998,-75.50000000000017,-54.79999999999992,-60.19999999999994,-71.50000000000007,-71.49999999999996,-75.29999999999998,-57.89999999999995,-56.60000000000001,-58.89999999999998,-65.09999999999995,-64.29999999999997,-80.2,-61.1999999999999,-83.29999999999997,-58.19999999999994,-62.39999999999996,-49.69999999999998
dqn,5x5,medium,34,12240,-62.07199999999998,0.6677985714285715,-59.49999999999997,-62.89999999999993,-68.5,-54.29999999999999,-46.59999999999991,-58.89999999999993,-70.49999999999999,-65.39999999999995,-65.49999999999999,-55.49999999999993,-51.69999999999998,-78.69999999999996,-66.49999999999999,-75.3,-58.1,-52.09999999999998,-73.2,-73.90000000000002,-72.49999999999999,-62.79999999999994,-46.09999999999996,-54.49999999999993,-61.69999999999999,-58.39999999999996,-58.69999999999995
dqn,5x5,medium,35,12600,-62.30399999999997,0.6580271428571429,-50.49999999999994,-55.09999999999993,-49.39999999999993,-48.59999999999996,-60.399999999999956,-58.79999999999994,-60.30000000000001,-74.50000000000004,-65.79999999999991,-68.79999999999997,-61.49999999999997,-80.80000000000004,-66.09999999999994,-60.19999999999995,-68.00000000000004,-66.19999999999999,-63.29999999999997,-59.99999999999996,-62.4999999999999,-87.70000000000003,-56.39999999999993,-57.79999999999992,-58.199999999999974,-54.39999999999994,-62.29999999999995
dqn,5x5,medium,36,12960,-59.82799999999997,0.6482557142857144,-47.299999999999955,-56.19999999999994,-49.59999999999996,-55.99999999999998,-53.99999999999994,-57.19999999999997,-70.30000000000003,-71.79999999999997,-64.09999999999988,-60.0999999999999,-54.09999999999994,-68.09999999999995,-69.9,-71.30000000000001,-63.79999999999997,-56.29999999999994,-59.09999999999991,-67.89999999999996,-68.6,-57.09999999999996,-54.99999999999995,-51.19999999999998,-55.499999999999986,-61.19999999999996,-50.00000000000001
dqn,5x5,medium,37,13320,-60.559999999999974,0.6384842857142857,-65.0,-59.89999999999994,-48.89999999999996,-65.89999999999996,-46.49999999999995,-51.599999999999945,-72.49999999999993,-71.00000000000001,-67.30000000000004,-47.49999999999993,-64.89999999999999,-83.10000000000001,-67.50000000000001,-62.99999999999996,-58.099999999999966,-60.89999999999997,-64.19999999999996,-52.299999999999955,-58.89999999999996,-65.09999999999997,-48.99999999999993,-53.99999999999998,-61.099999999999945,-59.59999999999996,-56.20000000000002
dqn,5x5,medium,38,13680,-63.419999999999966,0.6287128571428572,-42.599999999999966,-56.30000000000001,-70.89999999999995,-74.99999999999997,-52.199999999999925,-58.09999999999994,-85.20000000000002,-65.49999999999999,-65.79999999999997,-71.49999999999996,-57.09999999999995,-73.49999999999996,-69.69999999999992,-62.599999999999945,-61.79999999999997,-63.000000000000014,-67.50000000000001,-55.59999999999996,-63.19999999999997,-89.69999999999999,-41.39999999999994,-52.09999999999995,-61.299999999999955,-60.59999999999999,-63.3
dqn,5x5,medium,39,14040,-62.88799999999998,0.6189414285714285,-51.399999999999956,-64.29999999999994,-60.099999999999966,-68.39999999999996,-51.39999999999992,-56.39999999999998,-64.49999999999997,-57.59999999999995,-71.10000000000002,-70.89999999999995,-77.90000000000002,-65.09999999999994,-72.00000000000001,-75.59999999999997,-66.30000000000003,-56.49999999999997,-49.499999999999986,-64.49999999999994,-71.19999999999996,-80.10000000000004,-48.39999999999994,-55.19999999999994,-63.599999999999966,-53.29999999999997,-56.89999999999998
dqn,5x5,medium,40,14400,-61.65199999999997,0.60917,-52.900000000000006,-56.999999999999964,-61.89999999999995,-58.899999999999956,-56.69999999999993,-61.09999999999996,-68.79999999999998,-68.70000000000005,-61.99999999999996,-58.19999999999999,-66.89999999999996,-53.59999999999999,-72.1,-81.10000000000004,-65.69999999999996,-68.60000000000001,-76.59999999999997,-56.1999999999999,-57.39999999999999,-74.69999999999996,-41.59999999999998,-51.99999999999994,-60.30000000000001,-59.39999999999998,-48.89999999999998
dqn,5x5,medium,41,14760,-58.93999999999996,0.5993985714285714,-51.699999999999946,-57.199999999999974,-58.59999999999999,-60.99999999999997,-53.89999999999995,-54.19999999999998,-56.39999999999995,-62.79999999999997,-63.49999999999994,-64.09999999999992,-55.09999999999995,-58.49999999999995,-61.599999999999966,-61.89999999999997,-58.99999999999993,-57.89999999999999,-66.19999999999995,-63.29999999999996,-65.69999999999992,-73.09999999999998,-49.79999999999997,-52.89999999999998,-50.89999999999992,-60.09999999999998,-54.09999999999999
dqn,5x5,medium,42,15120,-60.81599999999997,0.5896271428571429,-56.59999999999999,-51.89999999999995,-59.49999999999997,-55.29999999999993,-63.89999999999993,-62.29999999999998,-57.79999999999997,-75.90000000000008,-60.499999999999915,-59.099999999999966,-59.89999999999999,-69.79999999999995,-70.80000000000004,-73.50000000000004,-69.19999999999995,-57.09999999999998,-56.09999999999999,-62.399999999999956,-65.59999999999997,-60.79999999999993,-46.299999999999955,-57.899999999999956,-56.99999999999993,-54.399999999999956,-56.799999999999926
dqn,5x5,medium,43,15480,-59.91199999999996,0.5798557142857144,-49.59999999999996,-61.39999999999995,-55.99999999999996,-51.69999999999993,-45.49999999999993,-61.099999999999994,-67.19999999999992,-59.79999999999999,-56.799999999999976,-56.399999999999935,-62.49999999999995,-73.19999999999995,-70.30000000000001,-72.89999999999999,-60.79999999999995,-60.699999999999996,-76.69999999999996,-63.99999999999998,-78.40000000000006,-59.09999999999997,-54.799999999999955,-50.899999999999984,-50.99999999999995,-50.199999999999974,-46.799999999999955
dqn,5x5,medium,44,15840,-59.51599999999995,0.5700842857142858,-46.399999999999984,-52.09999999999992,-64.29999999999994,-60.699999999999946,-52.49999999999998,-59.099999999999966,-60.399999999999956,-61.29999999999991,-62.999999999999936,-65.39999999999995,-60.99999999999991,-55.89999999999995,-79.1,-62.09999999999996,-60.699999999999946,-65.40000000000002,-61.29999999999993,-60.09999999999998,-60.29999999999994,-61.79999999999994,-50.599999999999916,-52.999999999999936,-56.69999999999999,-55.29999999999993,-59.39999999999998
dqn,5x5,medium,45,16200,-62.211999999999954,0.5603128571428572,-53.49999999999996,-61.899999999999935,-62.999999999999986,-60.99999999999994,-42.499999999999936,-54.59999999999993,-70.59999999999994,-65.79999999999993,-71.50000000000003,-64.99999999999996,-60.89999999999995,-74.29999999999988,-66.49999999999994,-66.19999999999996,-69.49999999999994,-55.699999999999996,-70.29999999999994,-64.5,-73.20000000000009,-73.60000000000002,-51.39999999999999,-46.39999999999995,-54.19999999999994,-61.5,-57.69999999999993
dqn,5x5,medium,46,16560,-57.11599999999996,0.5505414285714285,-49.39999999999999,-49.2999999999999,-54.69999999999995,-52.999999999999936,-42.499999999999936,-53.39999999999997,-70.70000000000002,-61.49999999999997,-59.89999999999995,-54.299999999999905,-66.09999999999998,-60.19999999999999,-64.99999999999996,-65.19999999999993,-60.2999999999999,-59.79999999999996,-69.4,-54.39999999999996,-61.19999999999993,-65.79999999999997,-41.69999999999996,-56.399999999999956,-49.49999999999996,-54.499999999999964,-49.699999999999996
dqn,5x5,medium,47,16920,-59.21199999999996,0.54077,-54.899999999999984,-59.69999999999998,-62.59999999999996,-64.89999999999995,-49.29999999999991,-56.899999999999935,-56.29999999999993,-66.79999999999994,-61.19999999999992,-62.89999999999996,-61.39999999999998,-55.399999999999935,-80.10000000000002,-63.29999999999996,-52.99999999999991,-59.499999999999986,-61.69999999999996,-64.60000000000004,-61.49999999999997,-66.3,-50.59999999999995,-54.59999999999998,-49.3,-51.69999999999993,-51.800000000000004
dqn,5x5,medium,48,17280,-55.527999999999956,0.5309985714285714,-50.099999999999945,-46.99999999999996,-63.2,-64.19999999999992,-49.69999999999994,-49.59999999999995,-47.79999999999995,-61.699999999999946,-65.49999999999994,-52.29999999999994,-62.899999999999956,-55.99999999999996,-61.99999999999997,-65.30000000000001,-59.29999999999994,-61.69999999999996,-59.899999999999984,-48.69999999999996,-53.599999999999994,-56.0999999999999,-44.09999999999996,-49.39999999999998,-56.49999999999996,-53.599999999999945,-47.99999999999994
dqn,5x5,medium,49,17640,-57.55199999999995,0.5212271428571429,-53.49999999999997,-58.29999999999998,-49.49999999999999,-54.59999999999993,-51.199999999999925,-54.69999999999997,-70.29999999999997,-69.79999999999993,-61.49999999999997,-55.49999999999995,-55.49999999999989,-61.19999999999995,-69.00000000000004,-64.6,-53.09999999999995,-58.699999999999946,-57.999999999999936,-63.59999999999997,-56.99999999999997,-56.79999999999995,-48.19999999999994,-48.79999999999996,-62.199999999999996,-54.19999999999991,-48.99999999999999
dqn,5x5,medium,50,18000,-58.91999999999995,0.5114557142857143,-48.899999999999935,-59.99999999999996,-59.59999999999993,-59.89999999999998,-50.09999999999994,-52.89999999999998,-67.09999999999998,-59.699999999999925,-71.89999999999995,-60.39999999999997,-49.599999999999945,-52.09999999999997,-72.4,-65.99999999999991,-60.79999999999994,-54.09999999999997,-70.29999999999993,-57.099999999999945,-57.1,-58.99999999999997,-51.89999999999997,-57.39999999999999,-54.0,-60.29999999999994,-60.39999999999993
dqn,5x5,medium,51,18360,-57.21999999999996,0.5016842857142858,-49.49999999999998,-54.29999999999996,-55.79999999999997,-56.199999999999974,-45.89999999999996,-52.99999999999997,-57.29999999999995,-61.19999999999998,-60.599999999999895,-61.199999999999946,-57.69999999999999,-65.69999999999997,-65.19999999999995,-66.29999999999997,-68.69999999999996,-58.49999999999997,-58.49999999999994,-56.69999999999993,-64.59999999999998,-55.99999999999994,-43.39999999999994,-50.499999999999936,-55.19999999999996,-58.299999999999976,-50.199999999999996
dqn,5x5,medium,52,18720,-56.41599999999997,0.49191285714285715,-55.999999999999964,-47.29999999999994,-52.69999999999998,-60.29999999999997,-51.79999999999995,-56.09999999999996,-61.59999999999994,-60.59999999999995,-60.99999999999994,-51.699999999999946,-52.3,-54.99999999999997,-71.59999999999997,-60.299999999999976,-58.59999999999998,-60.79999999999999,-58.599999999999916,-59.699999999999996,-53.39999999999995,-55.89999999999996,-45.39999999999998,-54.399999999999935,-63.099999999999994,-56.099999999999994,-46.09999999999997
dqn,5x5,medium,53,19080,-56.879999999999974,0.4821414285714286,-42.999999999999964,-56.49999999999992,-59.69999999999996,-56.399999999999956,-49.399999999999984,-50.19999999999998,-54.49999999999997,-68.69999999999995,-61.19999999999994,-50.29999999999994,-49.499999999999936,-67.29999999999993,-58.99999999999999,-55.49999999999996,-67.49999999999999,-50.10000000000001,-66.0,-71.9,-63.39999999999999,-66.50000000000001,-42.69999999999996,-53.599999999999945,-50.099999999999994,-51.79999999999994,-57.199999999999946
dqn,5x5,medium,54,19440,-56.63999999999996,0.47237000000000007,-46.199999999999974,-52.99999999999996,-48.29999999999995,-61.99999999999998,-46.89999999999992,-51.39999999999994,-61.599999999999945,-68.69999999999996,-61.59999999999998,-45.999999999999936,-54.59999999999994,-57.999999999999964,-64.99999999999996,-63.99999999999997,-50.99999999999996,-50.89999999999996,-65.29999999999994,-64.1,-74.09999999999997,-58.399999999999956,-47.79999999999996,-52.39999999999989,-58.69999999999993,-62.799999999999976,-43.199999999999946
dqn,5x5,medium,55,19800,-57.54399999999996,0.4625985714285715,-44.799999999999976,-50.89999999999997,-47.49999999999994,-57.8,-46.999999999999986,-58.49999999999997,-60.299999999999955,-68.99999999999991,-59.099999999999945,-63.499999999999936,-57.29999999999993,-61.59999999999995,-62.899999999999956,-69.19999999999996,-71.10000000000001,-53.499999999999964,-61.39999999999992,-47.999999999999986,-66.19999999999997,-58.19999999999995,-57.79999999999997,-54.19999999999999,-57.89999999999994,-53.99999999999997,-46.89999999999997
dqn,5x5,medium,56,20160,-54.427999999999955,0.4528271428571429,-45.999999999999936,-52.89999999999996,-50.99999999999997,-51.69999999999996,-53.199999999999974,-50.69999999999994,-50.0999999999999,-65.09999999999994,-59.19999999999996,-48.899999999999935,-65.79999999999993,-56.79999999999998,-59.59999999999995,-59.59999999999998,-61.59999999999993,-58.39999999999999,-52.599999999999994,-53.29999999999994,-55.09999999999995,-58.29999999999999,-49.89999999999995,-46.09999999999997,-59.09999999999996,-45.59999999999992,-50.09999999999996
dqn,5x5,medium,57,20520,-55.951999999999956,0.44305571428571433,-49.29999999999997,-42.69999999999991,-48.89999999999996,-52.09999999999993,-51.19999999999996,-59.99999999999997,-77.19999999999997,-67.99999999999997,-59.59999999999998,-57.59999999999998,-59.299999999999926,-50.899999999999935,-64.19999999999999,-65.19999999999997,-55.90000000000001,-54.699999999999925,-66.99999999999994,-58.5999999999999,-65.89999999999993,-53.69999999999996,-48.899999999999935,-46.19999999999995,-48.79999999999998,-49.89999999999995,-42.99999999999996
dqn,5x5,medium,58,20880,-56.079999999999956,0.4332842857142857,-57.899999999999956,-46.49999999999996,-56.69999999999997,-52.29999999999998,-37.799999999999976,-52.79999999999994,-75.59999999999998,-61.199999999999946,-59.39999999999991,-58.69999999999998,-59.39999999999998,-56.99999999999999,-66.8,-68.49999999999993,-57.09999999999995,-51.89999999999995,-57.99999999999994,-56.49999999999995,-62.19999999999994,-47.599999999999916,-51.29999999999995,-50.49999999999997,-48.899999999999956,-50.89999999999995,-56.49999999999997
dqn,5x5,medium,59,21240,-56.29199999999996,0.42351285714285725,-45.69999999999999,-43.39999999999994,-56.19999999999996,-51.29999999999996,-44.79999999999996,-53.99999999999996,-59.79999999999993,-62.69999999999997,-57.699999999999925,-61.79999999999994,-59.900000000000006,-54.09999999999996,-60.79999999999991,-67.3,-62.799999999999926,-62.99999999999996,-68.3,-66.29999999999997,-65.09999999999997,-51.899999999999984,-44.19999999999996,-49.89999999999994,-54.69999999999994,-51.299999999999976,-50.29999999999995
dqn,5x5,medium,60,21600,-54.723999999999954,0.4137414285714286,-38.199999999999974,-48.299999999999976,-51.699999999999974,-52.699999999999925,-43.6999999999999,-47.39999999999995,-66.29999999999994,-65.19999999999996,-63.39999999999998,-46.199999999999974,-53.799999999999976,-57.299999999999976,-69.69999999999992,-57.399999999999935,-65.79999999999994,-52.49999999999997,-57.49999999999996,-57.89999999999993,-61.49999999999996,-51.19999999999994,-46.09999999999995,-47.99999999999997,-56.299999999999976,-51.09999999999994,-58.89999999999997
dqn,5x5,medium,61,21960,-56.663999999999966,0.40397000000000005,-43.09999999999998,-47.19999999999998,-51.59999999999993,-61.79999999999994,-47.199999999999946,-49.899999999999984,-66.99999999999994,-63.09999999999999,-56.899999999999956,-49.99999999999998,-55.69999999999994,-54.8,-63.799999999999955,-67.89999999999993,-71.29999999999994,-51.79999999999996,-54.199999999999974,-51.09999999999997,-72.4,-70.00000000000004,-49.399999999999956,-53.89999999999992,-55.09999999999993,-58.89999999999998,-48.49999999999997
dqn,5x5,medium,62,22320,-54.14799999999995,0.3941985714285714,-47.099999999999945,-45.79999999999997,-44.09999999999992,-48.19999999999997,-50.69999999999996,-53.1,-62.49999999999997,-71.30000000000003,-56.49999999999997,-57.19999999999995,-48.29999999999996,-58.699999999999946,-58.99999999999999,-70.5,-56.1999999999999,-53.299999999999976,-53.79999999999992,-53.49999999999997,-64.79999999999994,-55.29999999999996,-46.79999999999995,-52.29999999999995,-42.49999999999993,-54.099999999999916,-48.099999999999916
dqn,5x5,medium,63,22680,-53.31199999999996,0.38442714285714297,-50.00000000000001,-52.89999999999993,-39.69999999999997,-50.89999999999994,-47.49999999999997,-48.99999999999995,-56.799999999999976,-67.69999999999995,-58.8,-51.39999999999994,-50.80000000000001,-56.09999999999996,-60.79999999999995,-67.69999999999997,-51.39999999999991,-48.80000000000001,-67.99999999999996,-58.399999999999984,-57.29999999999993,-59.300000000000004,-42.49999999999998,-37.79999999999998,-51.2,-48.799999999999976,-49.1999999999999
dqn,5x5,medium,64,23040,-54.51199999999995,0.3746557142857143,-49.29999999999995,-41.299999999999955,-46.69999999999996,-53.29999999999993,-45.39999999999991,-53.89999999999998,-62.79999999999997,-72.89999999999996,-57.299999999999976,-56.69999999999995,-53.89999999999995,-56.899999999999956,-59.799999999999976,-54.79999999999991,-68.19999999999999,-55.299999999999955,-67.89999999999989,-56.199999999999974,-53.599999999999966,-59.89999999999995,-37.99999999999998,-47.199999999999946,-52.49999999999999,-50.99999999999994,-47.99999999999996
dqn,5x5,medium,65,23400,-53.47599999999996,0.36488428571428577,-44.099999999999945,-51.199999999999946,-45.19999999999994,-47.59999999999998,-50.79999999999995,-52.29999999999993,-50.69999999999996,-51.99999999999994,-53.09999999999996,-60.60000000000001,-52.39999999999998,-63.69999999999996,-60.69999999999994,-65.79999999999995,-46.799999999999905,-62.599999999999966,-52.89999999999995,-58.59999999999991,-55.79999999999994,-52.59999999999996,-48.699999999999974,-52.99999999999994,-57.099999999999966,-47.69999999999994,-50.89999999999999
dqn,5x5,medium,66,23760,-51.81599999999996,0.3551128571428571,-38.99999999999994,-46.39999999999995,-48.79999999999997,-52.49999999999998,-39.49999999999998,-50.39999999999999,-58.80000000000001,-57.099999999999966,-52.19999999999997,-51.79999999999997,-57.699999999999946,-59.39999999999996,-59.19999999999995,-64.19999999999997,-58.099999999999945,-50.299999999999955,-54.29999999999995,-56.19999999999996,-57.29999999999993,-62.499999999999964,-36.49999999999996,-43.699999999999946,-42.59999999999996,-50.19999999999995,-46.699999999999974
dqn,5x5,medium,67,24120,-52.64799999999995,0.3453414285714287,-46.599999999999945,-53.899999999999956,-59.39999999999997,-55.89999999999991,-37.59999999999996,-49.99999999999993,-58.99999999999997,-57.29999999999998,-51.19999999999995,-45.19999999999993,-58.29999999999998,-41.99999999999997,-71.60000000000001,-55.699999999999946,-55.799999999999926,-57.09999999999995,-51.899999999999984,-60.79999999999997,-56.99999999999997,-64.09999999999995,-45.699999999999946,-39.499999999999936,-43.49999999999992,-53.39999999999996,-43.69999999999998
dqn,5x5,medium,68,24480,-53.51999999999995,0.33557000000000003,-48.69999999999999,-53.199999999999896,-49.19999999999995,-54.1,-41.99999999999996,-47.49999999999996,-61.899999999999984,-61.89999999999997,-58.59999999999992,-47.49999999999996,-53.3,-47.59999999999994,-54.59999999999995,-63.89999999999993,-73.0,-47.59999999999996,-55.89999999999995,-52.699999999999974,-61.799999999999926,-58.39999999999996,-42.19999999999997,-45.49999999999996,-52.79999999999993,-52.199999999999925,-51.89999999999995
dqn,5x5,medium,69,24840,-52.90399999999997,0.3257985714285715,-43.99999999999993,-51.40000000000001,-48.899999999999956,-46.99999999999995,-47.59999999999995,-53.10000000000001,-59.2,-55.89999999999991,-55.99999999999993,-43.79999999999993,-51.49999999999996,-54.49999999999993,-59.099999999999945,-68.99999999999991,-55.69999999999994,-49.50000000000001,-63.999999999999964,-49.99999999999997,-69.60000000000002,-58.799999999999976,-38.49999999999999,-47.19999999999999,-47.199999999999974,-41.29999999999999,-59.79999999999998
dqn,5x5,medium,70,25200,-50.48399999999996,0.31602714285714284,-38.59999999999995,-46.799999999999926,-49.99999999999996,-46.79999999999994,-41.999999999999986,-50.29999999999996,-52.999999999999964,-46.299999999999955,-52.39999999999993,-52.99999999999997,-53.0,-46.39999999999996,-57.799999999999926,-63.59999999999998,-52.99999999999995,-47.39999999999995,-53.89999999999996,-43.79999999999993,-58.19999999999995,-57.999999999999936,-41.39999999999994,-45.499999999999964,-46.49999999999989,-51.39999999999998,-62.99999999999998
dqn,5x5,medium,71,25560,-51.17599999999996,0.3062557142857143,-55.59999999999996,-40.19999999999998,-39.09999999999995,-53.39999999999996,-49.59999999999993,-57.199999999999974,-57.29999999999998,-51.89999999999998,-55.09999999999998,-45.99999999999996,-50.49999999999994,-51.79999999999993,-63.29999999999988,-71.79999999999997,-53.39999999999991,-51.09999999999997,-69.09999999999997,-50.29999999999997,-46.29999999999999,-55.29999999999995,-31.899999999999984,-38.09999999999997,-45.49999999999996,-44.999999999999964,-50.59999999999998
dqn,5x5,medium,72,25920,-50.03199999999996,0.29648428571428576,-37.89999999999998,-49.099999999999916,-42.89999999999995,-50.499999999999964,-60.699999999999925,-44.69999999999996,-50.2,-51.59999999999999,-51.199999999999946,-52.899999999999956,-44.29999999999995,-50.29999999999995,-53.59999999999995,-59.19999999999998,-54.29999999999995,-47.499999999999936,-58.59999999999996,-51.19999999999999,-57.69999999999997,-47.70000000000001,-43.699999999999974,-37.89999999999997,-45.699999999999974,-59.89999999999997,-47.49999999999994
dqn,5x5,medium,73,26280,-51.60799999999994,0.2867128571428572,-37.59999999999995,-44.79999999999993,-41.69999999999997,-58.09999999999993,-41.19999999999993,-54.299999999999926,-52.99999999999996,-59.599999999999945,-50.699999999999946,-52.69999999999992,-54.89999999999998,-58.89999999999993,-56.89999999999996,-59.99999999999994,-57.79999999999994,-41.29999999999992,-60.299999999999926,-57.59999999999997,-61.09999999999994,-56.89999999999995,-39.79999999999996,-54.49999999999994,-46.69999999999997,-45.69999999999995,-44.09999999999991
dqn,5x5,medium,74,26640,-50.647999999999946,0.27694142857142856,-41.19999999999995,-43.19999999999993,-46.099999999999945,-51.39999999999995,-41.69999999999994,-47.59999999999995,-54.49999999999996,-50.49999999999998,-46.69999999999994,-47.099999999999916,-55.69999999999996,-55.19999999999995,-64.49999999999996,-63.999999999999986,-60.99999999999994,-50.29999999999995,-55.199999999999946,-47.099999999999994,-62.49999999999996,-51.09999999999997,-42.49999999999993,-49.19999999999996,-46.99999999999994,-44.39999999999996,-46.499999999999964
dqn,5x5,medium,75,27000,-50.41199999999996,0.26717,-42.59999999999997,-42.19999999999993,-47.19999999999997,-49.59999999999997,-33.99999999999996,-48.79999999999992,-48.19999999999995,-64.59999999999998,-57.599999999999945,-50.29999999999998,-45.89999999999993,-52.29999999999997,-63.09999999999994,-60.69999999999999,-59.499999999999936,-50.39999999999997,-53.899999999999956,-51.0,-64.99999999999996,-51.899999999999935,-38.699999999999946,-44.79999999999993,-45.70000000000002,-46.599999999999945,-45.699999999999946
dqn,5x5,medium,76,27360,-52.279999999999966,0.2573985714285715,-44.699999999999974,-36.899999999999984,-52.499999999999986,-49.69999999999997,-38.00000000000001,-50.19999999999996,-48.09999999999997,-65.39999999999995,-63.89999999999995,-51.09999999999989,-53.49999999999995,-66.09999999999995,-57.099999999999966,-53.399999999999935,-61.199999999999946,-46.89999999999998,-60.69999999999994,-51.89999999999992,-55.59999999999995,-67.1,-43.49999999999998,-47.699999999999946,-47.199999999999974,-49.899999999999956,-44.69999999999997
dqn,5x5,medium,77,27720,-51.41599999999996,0.24762714285714293,-35.99999999999996,-42.5999999999999,-54.89999999999997,-51.19999999999994,-41.39999999999995,-49.59999999999996,-54.39999999999997,-53.39999999999997,-52.099999999999966,-58.39999999999993,-52.49999999999995,-58.599999999999916,-57.799999999999955,-54.79999999999994,-60.19999999999994,-55.60000000000003,-67.89999999999998,-50.19999999999992,-54.699999999999946,-57.79999999999997,-37.699999999999974,-46.09999999999996,-45.29999999999996,-52.499999999999986,-39.69999999999997
dqn,5x5,medium,78,28080,-49.85999999999996,0.23785571428571428,-45.199999999999974,-39.39999999999995,-41.899999999999956,-57.49999999999994,-47.499999999999964,-45.79999999999996,-52.299999999999926,-58.89999999999996,-50.999999999999915,-58.39999999999998,-50.79999999999998,-49.99999999999997,-52.49999999999991,-45.49999999999997,-51.699999999999925,-54.599999999999945,-55.199999999999896,-51.79999999999998,-59.69999999999999,-55.59999999999995,-45.199999999999946,-43.09999999999995,-44.89999999999999,-47.3,-40.69999999999994
dqn,5x5,medium,79,28440,-49.447999999999965,0.22808428571428574,-43.599999999999994,-47.29999999999993,-41.49999999999997,-42.299999999999926,-41.999999999999964,-42.89999999999997,-52.300000000000026,-64.5,-56.19999999999998,-44.89999999999994,-50.29999999999996,-47.99999999999997,-67.49999999999997,-54.89999999999998,-53.499999999999936,-44.19999999999993,-57.69999999999997,-54.19999999999995,-48.99999999999999,-48.59999999999991,-37.999999999999986,-37.89999999999996,-55.099999999999966,-52.69999999999995,-47.09999999999996
dqn,5x5,medium,80,28800,-48.13999999999996,0.2183128571428572,-41.89999999999993,-39.49999999999998,-47.29999999999993,-36.09999999999997,-41.49999999999997,-41.699999999999946,-47.19999999999993,-55.29999999999996,-56.19999999999996,-54.19999999999993,-47.79999999999997,-53.19999999999993,-52.99999999999996,-63.89999999999998,-58.099999999999945,-49.09999999999998,-50.600000000000016,-48.799999999999955,-56.09999999999993,-53.59999999999991,-36.29999999999994,-43.69999999999998,-41.29999999999998,-43.29999999999995,-43.79999999999995
dqn,5x5,medium,81,29160,-49.04799999999996,0.20854142857142866,-36.50000000000001,-37.899999999999935,-48.09999999999994,-54.49999999999996,-35.79999999999996,-45.59999999999996,-49.399999999999956,-52.699999999999996,-55.89999999999996,-48.29999999999991,-53.09999999999996,-51.19999999999994,-56.99999999999997,-57.79999999999993,-56.799999999999955,-42.79999999999998,-48.999999999999964,-48.099999999999945,-51.39999999999996,-63.89999999999998,-34.9,-51.399999999999935,-45.299999999999976,-55.19999999999995,-43.59999999999994
dqn,5x5,medium,82,29520,-47.26399999999996,0.19877,-32.29999999999997,-35.09999999999997,-43.599999999999945,-39.79999999999998,-39.29999999999995,-48.39999999999995,-57.599999999999966,-47.499999999999986,-54.29999999999991,-47.399999999999984,-59.29999999999993,-51.899999999999956,-49.49999999999995,-47.59999999999995,-58.79999999999991,-39.799999999999976,-63.19999999999994,-45.19999999999994,-50.69999999999996,-52.699999999999946,-37.59999999999996,-41.69999999999996,-48.1,-52.69999999999996,-37.49999999999997
dqn,5x5,medium,83,29880,-46.68399999999996,0.18899857142857146,-47.70000000000001,-36.199999999999974,-50.59999999999995,-46.09999999999993,-40.59999999999994,-49.900000000000006,-52.39999999999993,-49.99999999999995,-59.59999999999996,-54.699999999999946,-39.89999999999995,-45.999999999999964,-48.399999999999935,-56.699999999999946,-44.49999999999997,-37.49999999999995,-51.49999999999993,-52.29999999999997,-53.09999999999993,-52.19999999999993,-30.89999999999997,-39.29999999999996,-44.39999999999999,-40.50000000000001,-42.09999999999996
dqn,5x5,medium,84,30240,-46.39199999999996,0.1792271428571428,-36.299999999999976,-37.199999999999946,-43.49999999999995,-45.69999999999996,-42.099999999999966,-40.400000000000006,-44.49999999999998,-53.899999999999956,-48.79999999999995,-43.89999999999993,-45.99999999999991,-49.69999999999993,-54.09999999999995,-47.19999999999995,-58.29999999999996,-46.29999999999994,-65.59999999999995,-40.89999999999994,-48.09999999999994,-60.59999999999997,-39.49999999999996,-39.999999999999964,-44.29999999999994,-46.19999999999991,-36.69999999999998
dqn,5x5,medium,85,30600,-46.93199999999996,0.16945571428571438,-34.59999999999997,-38.79999999999998,-42.39999999999993,-49.599999999999945,-32.69999999999996,-53.39999999999993,-50.699999999999974,-56.09999999999995,-52.39999999999999,-51.299999999999976,-44.29999999999996,-52.69999999999991,-57.19999999999994,-59.39999999999999,-50.69999999999996,-35.09999999999997,-57.799999999999976,-52.69999999999995,-49.499999999999964,-59.59999999999997,-28.399999999999967,-43.69999999999995,-40.19999999999998,-42.899999999999956,-37.09999999999996
dqn,5x5,medium,86,30960,-46.47599999999997,0.15968428571428572,-35.69999999999999,-43.599999999999966,-41.599999999999966,-46.69999999999995,-36.49999999999998,-41.89999999999998,-54.89999999999994,-54.69999999999995,-44.69999999999997,-41.99999999999997,-45.499999999999964,-43.99999999999995,-67.0,-55.89999999999994,-51.999999999999936,-41.49999999999994,-55.29999999999997,-49.29999999999994,-49.29999999999998,-57.699999999999946,-42.69999999999995,-39.89999999999998,-32.399999999999956,-40.9999999999999,-46.09999999999999
dqn,5x5,medium,87,31320,-46.77599999999996,0.14991285714285718,-40.59999999999996,-36.199999999999946,-38.49999999999995,-45.89999999999995,-33.299999999999976,-46.19999999999997,-61.59999999999993,-59.99999999999999,-46.69999999999997,-55.199999999999996,-44.09999999999994,-54.29999999999994,-56.79999999999994,-46.09999999999995,-49.49999999999998,-43.39999999999995,-49.79999999999992,-49.29999999999997,-56.89999999999996,-47.89999999999994,-31.999999999999957,-42.399999999999956,-45.59999999999999,-44.9,-42.19999999999998
dqn,5x5,medium,88,31680,-45.72399999999997,0.14014142857142853,-39.69999999999998,-38.299999999999976,-36.79999999999992,-45.69999999999998,-36.69999999999993,-48.999999999999986,-48.79999999999996,-47.09999999999994,-50.49999999999995,-47.19999999999999,-46.09999999999997,-50.199999999999946,-57.299999999999955,-61.49999999999993,-40.59999999999996,-45.29999999999996,-52.19999999999998,-52.89999999999998,-40.699999999999974,-50.79999999999993,-33.39999999999996,-30.499999999999936,-50.1,-45.4,-46.299999999999976
dqn,5x5,medium,89,32040,-44.47999999999996,0.1303700000000001,-33.79999999999998,-38.099999999999966,-44.099999999999945,-46.999999999999964,-34.899999999999956,-40.99999999999993,-48.79999999999995,-57.1,-51.69999999999991,-44.79999999999993,-41.49999999999995,-41.699999999999974,-55.69999999999997,-47.499999999999936,-52.39999999999997,-43.09999999999996,-54.49999999999997,-43.299999999999955,-53.49999999999994,-42.699999999999974,-32.69999999999999,-29.999999999999947,-41.09999999999995,-42.8,-48.199999999999946
dqn,5x5,medium,90,32400,-46.29999999999996,0.12059857142857144,-41.799999999999976,-37.19999999999997,-51.399999999999956,-45.29999999999993,-39.89999999999997,-41.09999999999997,-49.89999999999996,-49.699999999999946,-46.799999999999976,-41.79999999999997,-40.49999999999993,-47.49999999999997,-52.199999999999974,-56.89999999999995,-51.29999999999996,-43.19999999999998,-49.29999999999992,-48.19999999999998,-56.29999999999997,-57.399999999999984,-32.39999999999998,-41.59999999999992,-44.59999999999996,-46.59999999999993,-44.59999999999995
dqn,5x5,medium,91,32760,-45.047999999999945,0.1108271428571429,-41.999999999999964,-30.199999999999974,-42.199999999999946,-41.399999999999935,-38.59999999999992,-37.19999999999996,-46.59999999999991,-51.69999999999997,-50.499999999999865,-48.599999999999966,-47.29999999999996,-57.999999999999964,-53.29999999999997,-49.39999999999995,-52.89999999999996,-36.69999999999997,-43.499999999999936,-52.09999999999995,-51.79999999999991,-59.69999999999996,-35.89999999999995,-41.49999999999993,-39.800000000000004,-42.30000000000001,-32.99999999999997
dqn,5x5,medium,92,33120,-44.20399999999995,0.10105571428571425,-40.79999999999996,-31.299999999999944,-36.89999999999998,-37.199999999999974,-35.09999999999995,-45.79999999999999,-48.89999999999995,-55.399999999999935,-44.79999999999999,-45.79999999999998,-42.29999999999996,-46.299999999999926,-55.299999999999926,-43.49999999999994,-54.19999999999995,-38.29999999999991,-54.29999999999999,-50.199999999999974,-45.89999999999993,-54.599999999999945,-32.29999999999994,-30.499999999999957,-45.49999999999996,-42.19999999999996,-47.699999999999946
dqn,5x5,medium,93,33480,-42.87199999999997,0.0912842857142857,-39.299999999999976,-29.999999999999993,-38.49999999999996,-46.29999999999993,-38.699999999999946,-45.89999999999994,-45.7,-45.89999999999997,-43.89999999999994,-48.29999999999994,-34.49999999999997,-54.79999999999995,-51.29999999999998,-45.49999999999999,-43.29999999999996,-36.49999999999997,-45.19999999999994,-45.999999999999986,-55.299999999999955,-52.699999999999996,-30.099999999999973,-39.79999999999996,-39.09999999999996,-40.19999999999994,-34.99999999999996
dqn,5x5,medium,94,33840,-44.25999999999996,0.08151285714285716,-37.39999999999999,-33.29999999999998,-46.699999999999996,-36.59999999999996,-34.69999999999999,-42.799999999999976,-48.59999999999995,-49.29999999999998,-56.19999999999994,-50.89999999999998,-40.599999999999945,-47.09999999999992,-54.69999999999998,-52.59999999999993,-51.39999999999996,-35.49999999999997,-53.59999999999994,-52.29999999999996,-50.499999999999986,-46.19999999999995,-32.59999999999996,-39.49999999999996,-41.59999999999997,-38.29999999999994,-33.49999999999994
dqn,5x5,medium,95,34200,-42.82799999999997,0.07174142857142862,-36.799999999999976,-36.89999999999995,-32.39999999999998,-40.699999999999946,-35.599999999999966,-45.89999999999994,-43.89999999999995,-48.900000000000006,-43.29999999999994,-42.49999999999993,-44.29999999999996,-47.39999999999993,-49.499999999999964,-44.5,-50.19999999999998,-40.39999999999996,-52.09999999999995,-53.699999999999946,-44.69999999999997,-52.09999999999991,-31.09999999999997,-36.699999999999946,-37.2,-43.39999999999996,-36.49999999999997
dqn,5x5,medium,96,34560,-44.343999999999966,0.06196999999999997,-37.999999999999964,-42.09999999999996,-44.99999999999997,-38.99999999999997,-33.39999999999998,-43.999999999999964,-45.99999999999996,-51.899999999999984,-55.49999999999997,-38.69999999999993,-45.59999999999998,-42.39999999999996,-51.000000000000014,-58.49999999999997,-58.19999999999994,-39.59999999999994,-52.09999999999995,-47.09999999999995,-43.79999999999996,-44.39999999999995,-31.79999999999999,-33.899999999999984,-46.29999999999998,-45.89999999999996,-34.39999999999996
dqn,5x5,medium,97,34920,-42.72399999999996,0.05219857142857143,-34.59999999999997,-31.19999999999999,-34.799999999999976,-42.09999999999997,-34.69999999999997,-37.399999999999956,-49.59999999999997,-41.199999999999974,-51.699999999999946,-44.999999999999964,-52.199999999999974,-47.39999999999994,-46.19999999999997,-51.99999999999995,-42.899999999999956,-40.29999999999997,-49.49999999999994,-47.59999999999998,-44.59999999999992,-55.39999999999995,-30.19999999999997,-34.29999999999997,-43.19999999999995,-42.399999999999935,-37.59999999999997
dqn,5x5,medium,98,35280,-43.97599999999996,0.05,-36.09999999999995,-29.799999999999994,-37.500000000000014,-46.09999999999994,-37.199999999999974,-41.79999999999998,-57.09999999999996,-53.69999999999998,-56.99999999999998,-55.599999999999966,-41.89999999999995,-58.39999999999997,-47.3999999999999,-46.69999999999999,-45.09999999999997,-39.79999999999995,-44.39999999999998,-41.29999999999996,-50.79999999999998,-48.29999999999995,-29.399999999999956,-33.09999999999998,-38.99999999999995,-38.49999999999993,-43.39999999999995
dqn,5x5,medium,99,35640,-42.679999999999964,0.05,-32.19999999999997,-28.09999999999998,-33.09999999999997,-41.799999999999926,-35.499999999999986,-42.29999999999998,-49.799999999999955,-55.19999999999998,-41.29999999999998,-49.19999999999996,-47.299999999999926,-39.399999999999956,-59.99999999999997,-56.800000000000004,-42.499999999999936,-36.399999999999956,-51.399999999999956,-44.299999999999955,-40.699999999999946,-50.3,-27.99999999999997,-41.29999999999999,-40.89999999999998,-40.09999999999994,-39.09999999999995
dqn,5x5,medium,100,36000,-41.21999999999996,0.05,-29.999999999999986,-34.099999999999966,-34.69999999999995,-39.89999999999995,-38.79999999999998,-42.59999999999995,-39.299999999999955,-49.19999999999997,-42.89999999999997,-51.499999999999964,-40.49999999999995,-45.099999999999966,-58.19999999999997,-51.299999999999955,-49.399999999999956,-41.399999999999935,-42.49999999999997,-41.09999999999996,-40.499999999999986,-46.59999999999996,-23.399999999999977,-38.39999999999996,-33.79999999999996,-42.79999999999999,-32.49999999999996
dqn,5x5,medium,101,36360,-42.687999999999946,0.05,-35.49999999999995,-30.59999999999996,-38.69999999999995,-45.09999999999998,-35.499999999999964,-44.099999999999945,-42.199999999999925,-44.39999999999999,-50.49999999999996,-43.69999999999998,-50.099999999999945,-43.59999999999994,-49.29999999999999,-47.59999999999993,-47.39999999999994,-39.99999999999995,-45.99999999999993,-43.89999999999993,-46.699999999999974,-58.99999999999994,-30.399999999999974,-30.699999999999935,-36.59999999999996,-44.29999999999994,-41.29999999999997
dqn,5x5,medium,102,36720,-41.83999999999996,0.05,-28.99999999999999,-31.19999999999996,-34.09999999999995,-44.09999999999994,-27.89999999999998,-42.89999999999996,-46.49999999999997,-56.399999999999935,-43.89999999999998,-47.39999999999997,-52.39999999999994,-44.09999999999995,-51.699999999999925,-53.899999999999906,-46.39999999999993,-40.09999999999996,-38.09999999999994,-33.799999999999976,-48.00000000000003,-53.899999999999984,-24.79999999999998,-44.29999999999998,-37.69999999999998,-40.69999999999993,-32.699999999999996
dqn,5x5,medium,103,37080,-42.33599999999997,0.05,-34.99999999999999,-37.699999999999946,-40.69999999999997,-39.699999999999946,-29.699999999999985,-42.69999999999996,-32.199999999999946,-43.99999999999999,-59.499999999999936,-48.4999999999999,-35.49999999999996,-50.09999999999995,-51.99999999999999,-51.29999999999996,-47.99999999999998,-38.19999999999999,-46.8,-46.69999999999998,-51.39999999999992,-53.39999999999998,-28.699999999999985,-42.899999999999984,-35.49999999999997,-37.59999999999997,-30.599999999999962
dqn,5x5,medium,104,37440,-43.64399999999996,0.05,-29.49999999999997,-30.999999999999982,-36.799999999999955,-52.09999999999996,-35.299999999999976,-37.29999999999995,-39.09999999999995,-56.09999999999992,-51.19999999999997,-50.79999999999997,-51.09999999999998,-43.79999999999991,-53.89999999999993,-55.09999999999996,-47.399999999999906,-48.99999999999997,-45.79999999999997,-37.699999999999925,-46.19999999999994,-51.29999999999997,-30.19999999999997,-35.29999999999995,-37.79999999999996,-50.799999999999976,-36.499999999999964
dqn,5x5,medium,105,37800,-41.51999999999995,0.05,-31.599999999999994,-29.49999999999997,-36.899999999999956,-43.49999999999995,-30.79999999999997,-46.19999999999994,-42.79999999999991,-53.99999999999998,-39.699999999999974,-43.09999999999996,-44.29999999999994,-46.29999999999995,-49.399999999999935,-49.39999999999991,-45.59999999999995,-40.19999999999997,-47.09999999999995,-43.09999999999996,-45.89999999999995,-48.29999999999996,-27.799999999999965,-39.09999999999994,-35.99999999999996,-37.29999999999998,-40.09999999999995
dqn,5x5,medium,106,38160,-42.95599999999996,0.05,-37.399999999999984,-33.09999999999999,-33.79999999999996,-50.19999999999996,-28.29999999999996,-39.39999999999997,-58.09999999999993,-46.69999999999998,-49.69999999999993,-48.799999999999955,-45.599999999999945,-49.39999999999993,-50.39999999999995,-42.4999999999999,-50.59999999999996,-39.499999999999964,-42.59999999999995,-44.39999999999999,-46.99999999999995,-51.59999999999995,-25.29999999999998,-31.599999999999966,-40.99999999999998,-46.99999999999994,-39.899999999999984
dqn,5x5,medium,107,38520,-41.131999999999955,0.05,-39.0,-31.59999999999998,-37.09999999999996,-39.599999999999966,-33.899999999999984,-43.39999999999995,-46.399999999999935,-47.89999999999995,-43.19999999999996,-36.99999999999994,-38.69999999999995,-47.69999999999996,-51.69999999999999,-49.89999999999993,-44.69999999999996,-37.79999999999992,-40.19999999999996,-44.69999999999995,-48.09999999999992,-46.699999999999925,-32.599999999999945,-39.39999999999995,-33.99999999999997,-36.39999999999996,-36.59999999999997
dqn,5x5,medium,108,38880,-41.87999999999997,0.05,-29.099999999999987,-34.49999999999994,-31.599999999999973,-43.899999999999956,-29.59999999999996,-44.79999999999996,-43.89999999999995,-51.199999999999974,-46.399999999999906,-44.29999999999992,-37.499999999999964,-52.89999999999994,-53.399999999999956,-47.99999999999996,-53.49999999999996,-41.599999999999966,-38.39999999999998,-43.89999999999992,-51.79999999999997,-47.10000000000001,-28.999999999999964,-34.19999999999996,-40.29999999999993,-38.79999999999995,-37.299999999999955
dqn,5x5,medium,109,39240,-41.515999999999956,0.05,-34.59999999999997,-37.29999999999994,-38.59999999999995,-42.499999999999964,-33.09999999999996,-42.299999999999955,-43.899999999999956,-43.29999999999995,-49.89999999999998,-45.19999999999994,-39.29999999999994,-44.59999999999995,-44.699999999999946,-53.99999999999999,-45.599999999999966,-37.59999999999996,-49.49999999999995,-42.69999999999996,-42.199999999999974,-57.49999999999996,-27.099999999999966,-32.49999999999996,-36.29999999999995,-35.99999999999999,-37.59999999999995
dqn,5x5,medium,110,39600,-42.05999999999997,0.05,-36.29999999999998,-30.699999999999953,-35.09999999999997,-37.3,-33.199999999999974,-43.49999999999997,-55.49999999999998,-62.500000000000014,-42.49999999999997,-45.699999999999946,-33.099999999999966,-41.89999999999996,-50.599999999999945,-56.10000000000002,-49.69999999999997,-43.59999999999996,-49.29999999999993,-39.39999999999997,-38.099999999999966,-49.09999999999995,-26.899999999999963,-39.79999999999994,-31.79999999999997,-38.19999999999996,-41.599999999999966
dqn,5x5,medium,111,39960,-42.31999999999996,0.05,-36.09999999999997,-36.19999999999996,-35.69999999999997,-42.29999999999995,-34.299999999999955,-43.59999999999995,-40.399999999999935,-54.3,-42.59999999999996,-47.199999999999946,-41.09999999999998,-41.499999999999936,-50.699999999999925,-41.19999999999996,-52.799999999999955,-34.59999999999997,-51.69999999999995,-40.199999999999974,-43.69999999999991,-53.899999999999935,-29.599999999999962,-37.09999999999991,-48.49999999999998,-42.79999999999999,-35.89999999999993
dqn,5x5,medium,112,40320,-41.93599999999996,0.05,-31.499999999999993,-36.79999999999997,-37.19999999999995,-38.799999999999926,-26.9,-36.59999999999997,-37.19999999999996,-51.09999999999997,-49.19999999999997,-45.69999999999994,-46.99999999999996,-47.299999999999955,-50.2,-54.59999999999997,-52.09999999999995,-36.29999999999998,-43.59999999999997,-40.39999999999991,-52.69999999999995,-49.69999999999992,-28.49999999999998,-36.79999999999994,-35.09999999999996,-45.19999999999998,-37.89999999999996
dqn,5x5,medium,113,40680,-43.179999999999964,0.05,-40.40000000000001,-35.09999999999999,-39.49999999999995,-39.89999999999997,-32.89999999999997,-41.29999999999998,-44.4,-50.69999999999998,-47.299999999999955,-38.19999999999997,-46.599999999999966,-51.7999999999999,-51.09999999999992,-41.89999999999996,-58.099999999999945,-42.09999999999993,-53.999999999999964,-44.39999999999995,-44.899999999999984,-48.69999999999993,-32.59999999999994,-43.699999999999974,-36.29999999999999,-40.399999999999984,-33.19999999999996
dqn,5x5,medium,114,41040,-42.58399999999996,0.05,-39.499999999999986,-29.59999999999998,-38.39999999999998,-39.09999999999993,-37.799999999999976,-36.699999999999946,-45.19999999999995,-51.79999999999996,-54.19999999999997,-38.89999999999996,-43.99999999999993,-46.69999999999994,-60.699999999999946,-53.69999999999995,-49.39999999999992,-34.699999999999946,-49.99999999999997,-40.199999999999946,-36.29999999999997,-46.3,-28.599999999999998,-39.89999999999997,-43.899999999999935,-42.59999999999995,-36.399999999999984
dqn,5x5,medium,115,41400,-42.19999999999996,0.05,-40.79999999999998,-32.699999999999974,-37.399999999999984,-41.29999999999998,-42.79999999999997,-38.099999999999945,-47.999999999999964,-44.099999999999966,-37.699999999999925,-46.69999999999999,-44.49999999999996,-38.099999999999945,-45.19999999999991,-51.39999999999999,-48.99999999999996,-42.59999999999999,-49.899999999999956,-46.79999999999993,-44.09999999999998,-52.799999999999955,-31.099999999999962,-33.399999999999984,-34.099999999999966,-43.49999999999999,-38.89999999999996
dqn,5x5,medium,116,41760,-41.24399999999995,0.05,-34.99999999999995,-31.599999999999973,-37.69999999999997,-44.99999999999998,-32.499999999999964,-36.59999999999996,-37.49999999999996,-44.69999999999996,-45.39999999999995,-45.199999999999925,-35.69999999999997,-53.69999999999993,-54.09999999999994,-52.699999999999946,-48.89999999999991,-41.199999999999974,-51.39999999999993,-42.099999999999966,-46.199999999999946,-45.19999999999997,-26.79999999999996,-27.099999999999977,-38.799999999999955,-44.499999999999964,-31.499999999999993
dqn,5x5,medium,117,42120,-43.25199999999995,0.05,-39.399999999999984,-36.699999999999996,-40.09999999999997,-39.999999999999964,-35.49999999999997,-42.29999999999997,-44.599999999999994,-47.399999999999935,-52.19999999999994,-44.59999999999998,-50.29999999999994,-51.19999999999996,-51.599999999999994,-46.69999999999994,-47.999999999999915,-42.79999999999992,-48.49999999999995,-49.39999999999992,-43.49999999999995,-46.399999999999956,-25.399999999999988,-33.799999999999976,-42.29999999999995,-38.199999999999974,-40.39999999999998
dqn,5x5,medium,118,42480,-41.74399999999996,0.05,-32.49999999999998,-30.599999999999945,-35.59999999999997,-40.49999999999995,-31.899999999999988,-40.49999999999992,-43.49999999999993,-44.4,-32.4,-48.69999999999993,-52.49999999999999,-51.299999999999976,-48.800000000000004,-48.99999999999992,-45.49999999999995,-44.49999999999994,-57.29999999999996,-43.89999999999995,-43.89999999999994,-40.899999999999956,-27.699999999999974,-38.09999999999995,-34.99999999999995,-39.89999999999994,-44.69999999999998
dqn,5x5,medium,119,42840,-44.47599999999996,0.05,-43.39999999999997,-23.39999999999998,-45.69999999999997,-51.499999999999915,-35.19999999999997,-45.299999999999976,-45.99999999999997,-46.69999999999994,-49.79999999999991,-41.599999999999945,-41.299999999999955,-60.499999999999964,-63.7,-44.69999999999996,-44.79999999999994,-48.09999999999996,-53.8,-43.6999999999999,-51.69999999999995,-51.79999999999999,-27.79999999999997,-33.19999999999996,-37.69999999999995,-42.89999999999998,-37.59999999999998
dqn,5x5,medium,120,43200,-42.19599999999997,0.05,-36.599999999999994,-28.799999999999983,-35.09999999999993,-39.09999999999994,-46.399999999999935,-40.599999999999966,-50.99999999999997,-55.90000000000001,-40.69999999999995,-41.899999999999984,-48.09999999999995,-56.699999999999946,-51.39999999999993,-52.59999999999996,-46.69999999999995,-38.69999999999994,-42.09999999999996,-42.79999999999993,-38.899999999999956,-49.79999999999999,-27.899999999999977,-35.999999999999964,-37.799999999999976,-35.299999999999955,-33.99999999999997
dqn,5x5,medium,121,43560,-41.56399999999995,0.05,-30.699999999999967,-31.299999999999983,-34.89999999999999,-39.499999999999964,-33.69999999999995,-44.59999999999997,-45.69999999999994,-46.600000000000016,-48.499999999999964,-45.39999999999996,-37.89999999999999,-45.89999999999992,-46.89999999999994,-48.09999999999996,-55.899999999999935,-38.59999999999992,-44.09999999999994,-44.999999999999936,-40.899999999999956,-48.7999999999999,-24.999999999999986,-34.399999999999984,-43.599999999999966,-44.19999999999993,-38.89999999999995
dqn,5x5,medium,122,43920,-43.499999999999964,0.05,-38.09999999999999,-31.49999999999999,-33.39999999999999,-39.29999999999994,-33.99999999999997,-45.89999999999998,-54.29999999999998,-45.099999999999966,-44.89999999999993,-47.19999999999997,-53.89999999999998,-55.79999999999998,-51.399999999999984,-53.499999999999915,-53.09999999999993,-39.49999999999997,-50.19999999999994,-42.89999999999997,-47.59999999999994,-52.39999999999995,-30.19999999999998,-34.69999999999997,-37.19999999999997,-44.499999999999915,-26.89999999999999
dqn,5x5,medium,123,44280,-42.81599999999997,0.05,-40.19999999999996,-40.499999999999986,-35.69999999999996,-41.899999999999935,-31.599999999999962,-40.69999999999996,-51.19999999999995,-46.59999999999996,-43.7,-45.49999999999995,-42.49999999999996,-45.29999999999994,-45.89999999999996,-57.59999999999993,-51.29999999999993,-38.79999999999998,-45.49999999999997,-42.49999999999997,-50.8,-46.99999999999998,-26.89999999999997,-35.49999999999997,-39.099999999999966,-45.999999999999936,-38.099999999999945
dqn,5x5,medium,124,44640,-41.13199999999996,0.05,-33.09999999999997,-31.399999999999977,-37.199999999999974,-41.999999999999964,-36.79999999999996,-36.59999999999995,-48.3,-37.79999999999998,-42.39999999999995,-40.19999999999994,-32.299999999999955,-47.099999999999945,-50.69999999999996,-49.89999999999994,-44.69999999999991,-36.49999999999997,-50.499999999999936,-50.39999999999998,-48.79999999999996,-45.200000000000024,-31.39999999999999,-37.099999999999945,-42.79999999999999,-44.09999999999995,-30.999999999999964
dqn,5x5,medium,125,45000,-42.407999999999966,0.05,-36.59999999999998,-31.699999999999978,-35.59999999999996,-44.299999999999955,-32.799999999999955,-40.59999999999996,-47.699999999999974,-50.89999999999997,-48.39999999999996,-43.09999999999996,-38.899999999999956,-53.799999999999976,-42.599999999999945,-53.59999999999996,-45.79999999999997,-43.599999999999994,-48.29999999999995,-53.29999999999993,-45.29999999999994,-41.19999999999995,-29.199999999999967,-36.099999999999945,-41.60000000000001,-47.899999999999935,-27.300000000000008
dqn,5x5,medium,126,45360,-41.60399999999997,0.05,-33.29999999999999,-25.29999999999997,-33.89999999999996,-46.50000000000001,-30.499999999999982,-43.89999999999996,-45.29999999999995,-40.499999999999964,-53.49999999999997,-37.89999999999995,-44.39999999999994,-44.999999999999936,-47.899999999999956,-41.89999999999998,-43.19999999999995,-38.399999999999984,-47.49999999999996,-44.59999999999999,-42.999999999999936,-57.79999999999994,-31.099999999999984,-37.09999999999997,-46.999999999999986,-36.699999999999974,-43.899999999999984
dqn,5x5,medium,127,45720,-42.86799999999996,0.05,-37.99999999999998,-35.599999999999945,-39.19999999999999,-43.599999999999966,-39.49999999999996,-39.699999999999946,-45.79999999999994,-47.29999999999998,-53.399999999999935,-42.399999999999935,-46.699999999999946,-41.99999999999997,-52.69999999999996,-46.499999999999986,-55.999999999999986,-42.59999999999995,-45.59999999999998,-42.69999999999996,-41.69999999999994,-43.59999999999995,-28.599999999999945,-38.39999999999998,-36.59999999999996,-43.99999999999994,-39.49999999999997
dqn,5x5,medium,128,46080,-41.34399999999996,0.05,-30.599999999999987,-27.899999999999963,-42.79999999999996,-41.39999999999997,-31.399999999999956,-38.999999999999964,-45.199999999999974,-56.89999999999997,-48.69999999999999,-43.39999999999997,-41.09999999999998,-49.199999999999925,-42.19999999999994,-46.89999999999998,-47.09999999999992,-41.09999999999997,-49.79999999999993,-43.09999999999996,-40.4999999999999,-42.09999999999997,-29.899999999999984,-33.39999999999998,-40.899999999999956,-41.99999999999998,-36.99999999999997
dqn,5x5,medium,129,46440,-42.107999999999954,0.05,-34.69999999999996,-26.099999999999987,-42.299999999999955,-40.29999999999996,-34.79999999999996,-40.399999999999956,-40.399999999999935,-46.49999999999996,-51.999999999999964,-41.29999999999996,-43.49999999999996,-50.099999999999966,-50.89999999999996,-49.999999999999915,-58.499999999999964,-40.19999999999997,-49.199999999999946,-42.49999999999992,-48.599999999999945,-36.29999999999996,-31.19999999999998,-33.09999999999996,-39.59999999999999,-45.699999999999946,-34.49999999999996
dqn,5x5,medium,130,46800,-42.79599999999996,0.05,-30.999999999999982,-32.49999999999998,-37.29999999999998,-43.59999999999994,-32.299999999999976,-50.3,-39.199999999999974,-47.39999999999994,-54.19999999999994,-43.69999999999996,-46.69999999999993,-42.19999999999994,-58.79999999999996,-50.69999999999994,-51.79999999999994,-38.39999999999995,-45.999999999999964,-47.09999999999997,-48.99999999999993,-52.599999999999966,-26.899999999999967,-34.399999999999956,-36.09999999999996,-41.99999999999995,-35.69999999999999
dqn,5x5,medium,131,47160,-40.795999999999964,0.05,-27.199999999999967,-35.499999999999986,-32.69999999999996,-39.899999999999984,-38.79999999999996,-39.89999999999997,-38.39999999999994,-43.39999999999995,-46.099999999999994,-43.599999999999945,-41.899999999999984,-35.39999999999996,-49.79999999999997,-46.99999999999992,-50.09999999999992,-39.699999999999974,-38.49999999999996,-49.19999999999994,-46.599999999999966,-49.09999999999995,-26.59999999999998,-38.19999999999997,-40.59999999999996,-44.59999999999995,-37.09999999999999
dqn,5x5,medium,132,47520,-42.27199999999996,0.05,-31.999999999999982,-36.49999999999998,-35.49999999999997,-40.89999999999998,-40.79999999999994,-32.69999999999997,-35.49999999999995,-44.09999999999999,-40.79999999999996,-35.29999999999998,-35.49999999999994,-57.699999999999946,-51.99999999999996,-51.899999999999956,-54.79999999999994,-38.49999999999993,-52.49999999999996,-40.39999999999996,-47.89999999999997,-55.099999999999916,-26.699999999999985,-37.89999999999996,-42.49999999999995,-48.199999999999946,-41.09999999999998
dqn,5x5,medium,133,47880,-42.847999999999956,0.05,-34.399999999999956,-36.199999999999946,-34.29999999999995,-39.399999999999956,-32.7,-44.099999999999945,-52.99999999999995,-46.99999999999997,-44.69999999999994,-46.09999999999993,-44.59999999999994,-54.09999999999995,-46.79999999999991,-49.899999999999984,-52.19999999999994,-45.49999999999997,-45.59999999999998,-37.59999999999994,-50.39999999999992,-46.999999999999936,-36.49999999999995,-34.299999999999976,-32.999999999999964,-42.69999999999997,-39.09999999999997
dqn,5x5,medium,134,48240,-42.43999999999996,0.05,-32.099999999999994,-29.79999999999995,-39.09999999999993,-35.29999999999998,-39.29999999999995,-38.29999999999999,-44.09999999999995,-53.599999999999945,-48.99999999999996,-44.4,-50.29999999999996,-52.89999999999995,-42.99999999999996,-56.99999999999997,-47.39999999999996,-38.69999999999997,-41.199999999999946,-44.79999999999993,-44.09999999999992,-40.89999999999998,-34.399999999999935,-40.299999999999955,-32.99999999999998,-45.79999999999999,-42.199999999999946
dqn,5x5,medium,135,48600,-41.97599999999996,0.05,-34.199999999999974,-29.199999999999964,-35.399999999999956,-43.69999999999995,-25.8,-38.599999999999945,-41.699999999999974,-59.199999999999974,-55.399999999999935,-37.59999999999995,-48.29999999999999,-49.39999999999994,-51.99999999999998,-47.79999999999995,-50.19999999999995,-37.19999999999999,-45.199999999999974,-40.09999999999995,-50.89999999999994,-45.299999999999926,-35.299999999999955,-35.69999999999998,-41.49999999999999,-38.19999999999996,-31.499999999999957
dqn,5x5,medium,136,48960,-42.78799999999997,0.05,-36.199999999999996,-31.799999999999983,-37.79999999999997,-35.09999999999995,-33.09999999999997,-45.49999999999995,-48.69999999999996,-43.999999999999986,-45.999999999999936,-47.69999999999993,-42.09999999999999,-45.899999999999956,-56.99999999999993,-47.49999999999994,-52.49999999999996,-43.09999999999997,-43.49999999999994,-48.49999999999999,-46.69999999999993,-54.59999999999998,-25.099999999999998,-40.899999999999956,-41.09999999999995,-39.79999999999994,-35.49999999999998
dqn,5x5,medium,137,49320,-41.73599999999997,0.05,-31.39999999999996,-32.49999999999996,-30.899999999999963,-34.29999999999998,-38.499999999999964,-37.89999999999995,-46.39999999999995,-46.59999999999998,-41.79999999999995,-34.299999999999976,-44.09999999999997,-47.69999999999995,-55.59999999999997,-47.599999999999945,-52.99999999999993,-38.90000000000001,-46.19999999999996,-41.09999999999997,-50.79999999999997,-57.00000000000001,-26.499999999999993,-36.29999999999995,-46.59999999999998,-40.69999999999995,-36.69999999999998
dqn,5x5,medium,138,49680,-40.795999999999964,0.05,-31.799999999999983,-36.99999999999999,-38.799999999999955,-40.99999999999997,-31.499999999999982,-40.39999999999994,-57.19999999999995,-51.39999999999994,-47.999999999999915,-45.299999999999976,-45.09999999999997,-42.79999999999993,-45.99999999999993,-39.49999999999993,-48.39999999999997,-36.79999999999995,-44.29999999999994,-45.29999999999999,-40.59999999999995,-50.299999999999976,-27.199999999999996,-30.69999999999997,-30.599999999999962,-36.99999999999996,-32.89999999999995
