controller,scenario,seed,time,intersection,queue_length,waiting_time,vehicle_count
dqn,high,13,5,B1,0,0.0,0
dqn,high,13,5,B2,0,0.0,0
dqn,high,13,5,C1,0,0.0,0
dqn,high,13,5,C2,0,0.0,1
dqn,high,13,10,B1,0,0.0,1
dqn,high,13,10,B2,0,0.0,1
dqn,high,13,10,C1,0,0.0,2
dqn,high,13,10,C2,0,0.0,1
dqn,high,13,15,B1,0,0.0,3
dqn,high,13,15,B2,0,0.0,1
dqn,high,13,15,C1,0,0.0,3
dqn,high,13,15,C2,0,0.0,1
dqn,high,13,20,B1,0,0.0,4
dqn,high,13,20,B2,0,0.0,4
dqn,high,13,20,C1,0,0.0,4
dqn,high,13,20,C2,0,0.0,2
dqn,high,13,25,B1,0,0.0,6
dqn,high,13,25,B2,0,0.0,5
dqn,high,13,25,C1,0,0.0,5
dqn,high,13,25,C2,1,5.0,4
dqn,high,13,30,B1,0,0.0,5
dqn,high,13,30,B2,0,0.0,5
dqn,high,13,30,C1,2,4.0,6
dqn,high,13,30,C2,1,10.0,4
dqn,high,13,35,B1,1,5.0,5
dqn,high,13,35,B2,0,0.0,8
dqn,high,13,35,C1,2,14.0,9
dqn,high,13,35,C2,2,16.0,4
dqn,high,13,40,B1,2,12.0,5
dqn,high,13,40,B2,3,9.0,7
dqn,high,13,40,C1,4,32.0,8
dqn,high,13,40,C2,3,27.0,9
dqn,high,13,45,B1,2,22.0,7
dqn,high,13,45,B2,0,0.0,8
dqn,high,13,45,C1,4,52.0,9
dqn,high,13,45,C2,3,42.0,11
dqn,high,13,50,B1,0,0.0,9
dqn,high,13,50,B2,2,2.0,8
dqn,high,13,50,C1,1,2.0,10
dqn,high,13,50,C2,0,0.0,8
dqn,high,13,55,B1,0,0.0,13
dqn,high,13,55,B2,2,12.0,10
dqn,high,13,55,C1,1,1.0,9
dqn,high,13,55,C2,1,1.0,9
dqn,high,13,60,B1,0,0.0,12
dqn,high,13,60,B2,1,1.0,9
dqn,high,13,60,C1,2,11.0,11
dqn,high,13,60,C2,4,14.0,11
dqn,high,13,65,B1,3,6.0,17
dqn,high,13,65,B2,3,8.0,8
dqn,high,13,65,C1,3,22.0,13
dqn,high,13,65,C2,4,34.0,11
dqn,high,13,70,B1,5,26.0,17
dqn,high,13,70,B2,5,31.0,9
dqn,high,13,70,C1,5,45.0,12
dqn,high,13,70,C2,5,57.0,9
dqn,high,13,75,B1,6,56.0,20
dqn,high,13,75,B2,1,9.0,10
dqn,high,13,75,C1,7,76.0,13
dqn,high,13,75,C2,5,82.0,12
dqn,high,13,80,B1,13,104.0,24
dqn,high,13,80,B2,4,10.0,13
dqn,high,13,80,C1,9,118.0,17
dqn,high,13,80,C2,7,114.0,12
dqn,high,13,85,B1,15,177.0,24
dqn,high,13,85,B2,4,30.0,15
dqn,high,13,85,C1,4,32.0,16
dqn,high,13,85,C2,7,149.0,15
dqn,high,13,90,B1,18,258.0,25
dqn,high,13,90,B2,2,4.0,14
dqn,high,13,90,C1,3,15.0,16
dqn,high,13,90,C2,7,184.0,20
dqn,high,13,95,B1,10,101.0,28
dqn,high,13,95,B2,5,25.0,13
dqn,high,13,95,C1,8,44.0,18
dqn,high,13,95,C2,2,5.0,20
dqn,high,13,100,B1,11,44.0,26
dqn,high,13,100,B2,8,60.0,17
dqn,high,13,100,C1,5,41.0,20
dqn,high,13,100,C2,8,34.0,20
dqn,high,13,105,B1,9,70.0,25
dqn,high,13,105,B2,6,45.0,19
dqn,high,13,105,C1,2,9.0,19
dqn,high,13,105,C2,10,61.0,21
dqn,high,13,110,B1,14,129.0,25
dqn,high,13,110,B2,0,0.0,17
dqn,high,13,110,C1,6,35.0,20
dqn,high,13,110,C2,12,111.0,23
dqn,high,13,115,B1,17,210.0,26
dqn,high,13,115,B2,0,0.0,17
dqn,high,13,115,C1,4,25.0,21
dqn,high,13,115,C2,14,177.0,25
dqn,high,13,120,B1,18,299.0,26
dqn,high,13,120,B2,2,4.0,16
dqn,high,13,120,C1,6,17.0,20
dqn,high,13,120,C2,15,252.0,28
dqn,high,13,125,B1,20,393.0,30
dqn,high,13,125,B2,7,32.0,19
dqn,high,13,125,C1,8,47.0,21
dqn,high,13,125,C2,17,334.0,28
dqn,high,13,130,B1,20,493.0,32
dqn,high,13,130,B2,11,76.0,20
dqn,high,13,130,C1,10,89.0,20
dqn,high,13,130,C2,19,424.0,30
dqn,high,13,135,B1,21,522.0,36
dqn,high,13,135,B2,9,71.0,19
dqn,high,13,135,C1,12,146.0,22
dqn,high,13,135,C2,21,522.0,31
dqn,high,13,140,B1,14,185.0,36
dqn,high,13,140,B2,5,21.0,20
dqn,high,13,140,C1,8,90.0,21
dqn,high,13,140,C2,14,229.0,34
dqn,high,13,145,B1,16,108.0,39
dqn,high,13,145,B2,7,31.0,20
dqn,high,13,145,C1,2,10.0,21
dqn,high,13,145,C2,11,59.0,36
dqn,high,13,150,B1,20,134.0,39
dqn,high,13,150,B2,7,57.0,22
dqn,high,13,150,C1,6,25.0,23
dqn,high,13,150,C2,12,83.0,39
dqn,high,13,155,B1,23,215.0,39
dqn,high,13,155,B2,9,81.0,22
dqn,high,13,155,C1,4,17.0,24
dqn,high,13,155,C2,19,163.0,42
dqn,high,13,160,B1,28,341.0,40
dqn,high,13,160,B2,13,136.0,23
dqn,high,13,160,C1,8,28.0,26
dqn,high,13,160,C2,24,255.0,43
dqn,high,13,165,B1,33,497.0,44
dqn,high,13,165,B2,10,80.0,24
dqn,high,13,165,C1,14,86.0,26
dqn,high,13,165,C2,25,292.0,42
dqn,high,13,170,B1,37,677.0,45
dqn,high,13,170,B2,7,27.0,24
dqn,high,13,170,C1,12,75.0,26
dqn,high,13,170,C2,27,364.0,42
dqn,high,13,175,B1,39,867.0,45
dqn,high,13,175,B2,12,78.0,24
dqn,high,13,175,C1,8,36.0,27
dqn,high,13,175,C2,26,429.0,42
dqn,high,13,180,B1,39,989.0,46
dqn,high,13,180,B2,12,77.0,26
dqn,high,13,180,C1,10,56.0,26
dqn,high,13,180,C2,26,501.0,43
dqn,high,13,185,B1,31,614.0,48
dqn,high,13,185,B2,9,38.0,25
dqn,high,13,185,C1,10,54.0,27
dqn,high,13,185,C2,15,189.0,43
dqn,high,13,190,B1,23,453.0,48
dqn,high,13,190,B2,13,82.0,27
dqn,high,13,190,C1,6,20.0,27
dqn,high,13,190,C2,16,84.0,42
dqn,high,13,195,B1,20,322.0,47
dqn,high,13,195,B2,11,91.0,28
dqn,high,13,195,C1,12,64.0,30
dqn,high,13,195,C2,15,112.0,44
dqn,high,13,200,B1,21,277.0,50
dqn,high,13,200,B2,9,43.0,28
dqn,high,13,200,C1,12,67.0,31
dqn,high,13,200,C2,22,207.0,43
dqn,high,13,205,B1,25,264.0,52
dqn,high,13,205,B2,12,60.0,25
dqn,high,13,205,C1,12,47.0,33
dqn,high,13,205,C2,27,333.0,47
dqn,high,13,210,B1,29,373.0,52
dqn,high,13,210,B2,13,72.0,27
dqn,high,13,210,C1,11,76.0,31
dqn,high,13,210,C2,33,489.0,46
dqn,high,13,215,B1,37,543.0,54
dqn,high,13,215,B2,10,55.0,27
dqn,high,13,215,C1,8,64.0,32
dqn,high,13,215,C2,35,659.0,46
dqn,high,13,220,B1,44,749.0,54
dqn,high,13,220,B2,12,81.0,30
dqn,high,13,220,C1,9,30.0,35
dqn,high,13,220,C2,38,843.0,49
dqn,high,13,225,B1,49,961.0,53
dqn,high,13,225,B2,9,70.0,29
dqn,high,13,225,C1,19,101.0,37
dqn,high,13,225,C2,42,1042.0,52
dqn,high,13,230,B1,39,725.0,51
dqn,high,13,230,B2,5,13.0,31
dqn,high,13,230,C1,18,132.0,40
dqn,high,13,230,C2,31,642.0,50
dqn,high,13,235,B1,31,567.0,52
dqn,high,13,235,B2,12,52.0,32
dqn,high,13,235,C1,13,56.0,43
dqn,high,13,235,C2,25,381.0,50
dqn,high,13,240,B1,30,474.0,52
dqn,high,13,240,B2,16,96.0,34
dqn,high,13,240,C1,13,66.0,40
dqn,high,13,240,C2,21,306.0,49
dqn,high,13,245,B1,26,317.0,51
dqn,high,13,245,B2,21,138.0,34
dqn,high,13,245,C1,14,56.0,40
dqn,high,13,245,C2,22,254.0,51
dqn,high,13,250,B1,24,294.0,55
dqn,high,13,250,B2,20,193.0,34
dqn,high,13,250,C1,13,48.0,39
dqn,high,13,250,C2,22,235.0,52
dqn,high,13,255,B1,32,383.0,55
dqn,high,13,255,B2,16,172.0,36
dqn,high,13,255,C1,16,91.0,40
dqn,high,13,255,C2,24,304.0,50
dqn,high,13,260,B1,37,556.0,57
dqn,high,13,260,B2,11,77.0,35
dqn,high,13,260,C1,17,120.0,39
dqn,high,13,260,C2,29,441.0,49
dqn,high,13,265,B1,41,755.0,58
dqn,high,13,265,B2,11,85.0,34
dqn,high,13,265,C1,17,87.0,41
dqn,high,13,265,C2,32,601.0,49
dqn,high,13,270,B1,48,924.0,60
dqn,high,13,270,B2,13,87.0,36
dqn,high,13,270,C1,20,118.0,40
dqn,high,13,270,C2,34,765.0,52
dqn,high,13,275,B1,45,700.0,58
dqn,high,13,275,B2,16,77.0,39
dqn,high,13,275,C1,17,105.0,40
dqn,high,13,275,C2,27,528.0,54
dqn,high,13,280,B1,37,587.0,55
dqn,high,13,280,B2,23,135.0,41
dqn,high,13,280,C1,12,55.0,40
dqn,high,13,280,C2,25,377.0,55
dqn,high,13,285,B1,34,521.0,55
dqn,high,13,285,B2,17,123.0,40
dqn,high,13,285,C1,14,85.0,40
dqn,high,13,285,C2,19,262.0,53
dqn,high,13,290,B1,34,403.0,54
dqn,high,13,290,B2,12,40.0,40
dqn,high,13,290,C1,19,126.0,44
dqn,high,13,290,C2,18,198.0,50
dqn,high,13,295,B1,29,358.0,55
dqn,high,13,295,B2,13,63.0,40
dqn,high,13,295,C1,19,107.0,45
dqn,high,13,295,C2,20,229.0,47
dqn,high,13,300,B1,31,467.0,56
dqn,high,13,300,B2,17,59.0,38
dqn,high,13,300,C1,19,108.0,47
dqn,high,13,300,C2,22,338.0,43
dqn,high,13,305,B1,33,613.0,54
dqn,high,13,305,B2,17,65.0,41
dqn,high,13,305,C1,17,93.0,48
dqn,high,13,305,C2,25,454.0,41
dqn,high,13,310,B1,34,779.0,55
dqn,high,13,310,B2,17,107.0,40
dqn,high,13,310,C1,16,82.0,48
dqn,high,13,310,C2,28,586.0,41
dqn,high,13,315,B1,37,958.0,55
dqn,high,13,315,B2,15,101.0,43
dqn,high,13,315,C1,17,114.0,48
dqn,high,13,315,C2,31,736.0,41
dqn,high,13,320,B1,30,708.0,55
dqn,high,13,320,B2,15,68.0,44
dqn,high,13,320,C1,19,139.0,51
dqn,high,13,320,C2,25,510.0,43
dqn,high,13,325,B1,27,526.0,55
dqn,high,13,325,B2,18,102.0,47
dqn,high,13,325,C1,23,116.0,51
dqn,high,13,325,C2,24,467.0,45
dqn,high,13,330,B1,25,464.0,54
dqn,high,13,330,B2,19,92.0,46
dqn,high,13,330,C1,27,149.0,51
dqn,high,13,330,C2,22,391.0,49
dqn,high,13,335,B1,24,389.0,55
dqn,high,13,335,B2,17,72.0,50
dqn,high,13,335,C1,23,128.0,50
dqn,high,13,335,C2,24,375.0,52
dqn,high,13,340,B1,24,362.0,56
dqn,high,13,340,B2,17,115.0,51
dqn,high,13,340,C1,18,81.0,49
dqn,high,13,340,C2,32,498.0,51
dqn,high,13,345,B1,26,411.0,51
dqn,high,13,345,B2,18,127.0,52
dqn,high,13,345,C1,18,91.0,52
dqn,high,13,345,C2,39,682.0,56
dqn,high,13,350,B1,29,550.0,51
dqn,high,13,350,B2,16,68.0,55
dqn,high,13,350,C1,21,115.0,54
dqn,high,13,350,C2,42,852.0,58
dqn,high,13,355,B1,31,699.0,51
dqn,high,13,355,B2,25,120.0,56
dqn,high,13,355,C1,19,85.0,53
dqn,high,13,355,C2,43,976.0,56
dqn,high,13,360,B1,35,860.0,56
dqn,high,13,360,B2,22,127.0,56
dqn,high,13,360,C1,20,106.0,53
dqn,high,13,360,C2,45,1133.0,59
dqn,high,13,365,B1,29,567.0,58
dqn,high,13,365,B2,21,96.0,56
dqn,high,13,365,C1,20,92.0,54
dqn,high,13,365,C2,42,1080.0,61
dqn,high,13,370,B1,30,387.0,58
dqn,high,13,370,B2,23,127.0,57
dqn,high,13,370,C1,18,69.0,54
dqn,high,13,370,C2,40,1060.0,64
dqn,high,13,375,B1,32,374.0,58
dqn,high,13,375,B2,32,223.0,58
dqn,high,13,375,C1,24,121.0,54
dqn,high,13,375,C2,40,1044.0,64
dqn,high,13,380,B1,35,356.0,58
dqn,high,13,380,B2,28,224.0,58
dqn,high,13,380,C1,20,124.0,56
dqn,high,13,380,C2,37,847.0,62
dqn,high,13,385,B1,33,362.0,57
dqn,high,13,385,B2,30,284.0,61
dqn,high,13,385,C1,22,96.0,59
dqn,high,13,385,C2,34,631.0,64
dqn,high,13,390,B1,37,473.0,57
dqn,high,13,390,B2,30,393.0,66
dqn,high,13,390,C1,27,126.0,63
dqn,high,13,390,C2,36,585.0,65
dqn,high,13,395,B1,39,620.0,59
dqn,high,13,395,B2,42,568.0,69
dqn,high,13,395,C1,22,108.0,63
dqn,high,13,395,C2,34,495.0,66
dqn,high,13,400,B1,41,790.0,58
dqn,high,13,400,B2,50,779.0,72
dqn,high,13,400,C1,22,83.0,64
dqn,high,13,400,C2,39,613.0,68
dqn,high,13,405,B1,41,983.0,57
dqn,high,13,405,B2,54,1011.0,72
dqn,high,13,405,C1,28,142.0,66
dqn,high,13,405,C2,45,795.0,70
dqn,high,13,410,B1,42,979.0,59
dqn,high,13,410,B2,56,1221.0,73
dqn,high,13,410,C1,29,153.0,66
dqn,high,13,410,C2,41,710.0,70
dqn,high,13,415,B1,43,992.0,60
dqn,high,13,415,B2,58,1461.0,71
dqn,high,13,415,C1,26,119.0,67
dqn,high,13,415,C2,44,701.0,73
dqn,high,13,420,B1,45,1059.0,63
dqn,high,13,420,B2,59,1705.0,71
dqn,high,13,420,C1,25,149.0,64
dqn,high,13,420,C2,53,788.0,77
dqn,high,13,425,B1,45,1077.0,62
dqn,high,13,425,B2,59,1972.0,72
dqn,high,13,425,C1,28,162.0,64
dqn,high,13,425,C2,56,908.0,80
dqn,high,13,430,B1,43,1152.0,61
dqn,high,13,430,B2,60,2241.0,72
dqn,high,13,430,C1,26,113.0,68
dqn,high,13,430,C2,64,1061.0,81
dqn,high,13,435,B1,43,1331.0,62
dqn,high,13,435,B2,60,2434.0,74
dqn,high,13,435,C1,24,121.0,70
dqn,high,13,435,C2,66,1197.0,81
dqn,high,13,440,B1,43,1546.0,62
dqn,high,13,440,B2,54,2454.0,73
dqn,high,13,440,C1,33,182.0,74
dqn,high,13,440,C2,63,1380.0,82
dqn,high,13,445,B1,48,1772.0,64
dqn,high,13,445,B2,51,2479.0,70
dqn,high,13,445,C1,40,297.0,76
dqn,high,13,445,C2,62,1606.0,77
dqn,high,13,450,B1,51,2020.0,65
dqn,high,13,450,B2,47,2533.0,73
dqn,high,13,450,C1,49,470.0,78
dqn,high,13,450,C2,61,1843.0,75
dqn,high,13,455,B1,51,2076.0,67
dqn,high,13,455,B2,50,2714.0,73
dqn,high,13,455,C1,55,675.0,80
dqn,high,13,455,C2,50,1493.0,74
dqn,high,13,460,B1,50,2245.0,71
dqn,high,13,460,B2,53,2957.0,73
dqn,high,13,460,C1,65,878.0,83
dqn,high,13,460,C2,52,1281.0,74
dqn,high,13,465,B1,57,2517.0,72
dqn,high,13,465,B2,56,3190.0,73
dqn,high,13,465,C1,72,1146.0,85
dqn,high,13,465,C2,50,1061.0,75
dqn,high,13,470,B1,66,2829.0,75
dqn,high,13,470,B2,52,3356.0,71
dqn,high,13,470,C1,81,1478.0,86
dqn,high,13,470,C2,57,938.0,78
dqn,high,13,475,B1,67,2922.0,74
dqn,high,13,475,B2,51,3551.0,69
dqn,high,13,475,C1,81,1807.0,87
dqn,high,13,475,C2,55,792.0,81
dqn,high,13,480,B1,65,2864.0,75
dqn,high,13,480,B2,48,3746.0,71
dqn,high,13,480,C1,84,2183.0,89
dqn,high,13,480,C2,59,782.0,84
dqn,high,13,485,B1,61,2781.0,74
dqn,high,13,485,B2,47,3939.0,75
dqn,high,13,485,C1,89,2586.0,91
dqn,high,13,485,C2,73,1034.0,84
dqn,high,13,490,B1,55,2644.0,73
dqn,high,13,490,B2,57,4207.0,79
dqn,high,13,490,C1,91,3038.0,92
dqn,high,13,490,C2,82,1385.0,84
dqn,high,13,495,B1,49,2498.0,74
dqn,high,13,495,B2,60,4447.0,80
dqn,high,13,495,C1,92,3497.0,93
dqn,high,13,495,C2,80,1716.0,84
dqn,high,13,500,B1,44,2014.0,75
dqn,high,13,500,B2,57,4621.0,81
dqn,high,13,500,C1,92,3957.0,94
dqn,high,13,500,C2,70,1598.0,81
dqn,high,13,505,B1,47,1611.0,78
dqn,high,13,505,B2,62,4850.0,83
dqn,high,13,505,C1,94,4423.0,95
dqn,high,13,505,C2,65,1570.0,80
dqn,high,13,510,B1,53,1518.0,78
dqn,high,13,510,B2,64,5105.0,85
dqn,high,13,510,C1,94,4893.0,95
dqn,high,13,510,C2,62,1688.0,78
dqn,high,13,515,B1,62,1632.0,79
dqn,high,13,515,B2,63,5377.0,86
dqn,high,13,515,C1,95,5368.0,96
dqn,high,13,515,C2,61,1851.0,78
dqn,high,13,520,B1,69,1949.0,81
dqn,high,13,520,B2,69,5698.0,88
dqn,high,13,520,C1,95,5843.0,96
dqn,high,13,520,C2,60,1977.0,76
dqn,high,13,525,B1,78,2317.0,82
dqn,high,13,525,B2,71,5977.0,87
dqn,high,13,525,C1,96,6323.0,96
dqn,high,13,525,C2,60,2242.0,76
dqn,high,13,530,B1,82,2715.0,82
dqn,high,13,530,B2,70,6159.0,86
dqn,high,13,530,C1,96,6803.0,97
dqn,high,13,530,C2,61,2545.0,77
dqn,high,13,535,B1,82,3125.0,82
dqn,high,13,535,B2,67,6374.0,83
dqn,high,13,535,C1,97,7285.0,98
dqn,high,13,535,C2,65,2861.0,78
dqn,high,13,540,B1,82,3535.0,83
dqn,high,13,540,B2,58,5877.0,81
dqn,high,13,540,C1,98,7775.0,98
dqn,high,13,540,C2,68,3194.0,79
dqn,high,13,545,B1,80,3718.0,83
dqn,high,13,545,B2,49,4355.0,79
dqn,high,13,545,C1,98,8265.0,98
dqn,high,13,545,C2,72,3545.0,81
dqn,high,13,550,B1,80,3956.0,84
dqn,high,13,550,B2,48,3199.0,77
dqn,high,13,550,C1,98,8755.0,98
dqn,high,13,550,C2,74,3911.0,84
dqn,high,13,555,B1,82,4197.0,84
dqn,high,13,555,B2,42,2041.0,74
dqn,high,13,555,C1,98,9245.0,98
dqn,high,13,555,C2,78,4294.0,85
dqn,high,13,560,B1,83,4507.0,85
dqn,high,13,560,B2,32,912.0,73
dqn,high,13,560,C1,98,9735.0,98
dqn,high,13,560,C2,83,4696.0,86
dqn,high,13,565,B1,84,4919.0,85
dqn,high,13,565,B2,28,265.0,73
dqn,high,13,565,C1,98,10225.0,98
dqn,high,13,565,C2,85,5114.0,88
dqn,high,13,570,B1,82,5047.0,86
dqn,high,13,570,B2,32,194.0,74
dqn,high,13,570,C1,98,10715.0,98
dqn,high,13,570,C2,88,5551.0,89
dqn,high,13,575,B1,84,5250.0,86
dqn,high,13,575,B2,43,272.0,77
dqn,high,13,575,C1,98,11205.0,98
dqn,high,13,575,C2,88,5991.0,89
dqn,high,13,580,B1,85,5390.0,86
dqn,high,13,580,B2,44,371.0,77
dqn,high,13,580,C1,98,11695.0,98
dqn,high,13,580,C2,89,6434.0,89
dqn,high,13,585,B1,85,5607.0,86
dqn,high,13,585,B2,59,573.0,78
dqn,high,13,585,C1,98,12185.0,98
dqn,high,13,585,C2,89,6879.0,90
dqn,high,13,590,B1,84,5684.0,87
dqn,high,13,590,B2,63,777.0,79
dqn,high,13,590,C1,98,12675.0,98
dqn,high,13,590,C2,89,7324.0,90
dqn,high,13,595,B1,85,5896.0,87
dqn,high,13,595,B2,63,1002.0,81
dqn,high,13,595,C1,98,13165.0,98
dqn,high,13,595,C2,90,7774.0,90
dqn,high,13,600,B1,86,6184.0,87
dqn,high,13,600,B2,69,1278.0,82
dqn,high,13,600,C1,98,13655.0,98
dqn,high,13,600,C2,90,8224.0,90
dqn,high,13,605,B1,87,6619.0,87
dqn,high,13,605,B2,77,1648.0,84
dqn,high,13,605,C1,98,14145.0,98
dqn,high,13,605,C2,90,8674.0,91
dqn,high,13,610,B1,87,7054.0,88
dqn,high,13,610,B2,81,2043.0,84
dqn,high,13,610,C1,98,14635.0,98
dqn,high,13,610,C2,91,9126.0,91
dqn,high,13,615,B1,88,7491.0,88
dqn,high,13,615,B2,84,2459.0,85
dqn,high,13,615,C1,98,15125.0,98
dqn,high,13,615,C2,91,9581.0,92
dqn,high,13,620,B1,89,7931.0,89
dqn,high,13,620,B2,84,2879.0,86
dqn,high,13,620,C1,98,15615.0,98
dqn,high,13,620,C2,91,10036.0,93
dqn,high,13,625,B1,89,8371.0,90
dqn,high,13,625,B2,86,3304.0,86
dqn,high,13,625,C1,98,16105.0,98
dqn,high,13,625,C2,92,10494.0,94
dqn,high,13,630,B1,89,8815.0,91
dqn,high,13,630,B2,86,3734.0,86
dqn,high,13,630,C1,98,16595.0,98
dqn,high,13,630,C2,93,10959.0,95
dqn,high,13,635,B1,91,9265.0,91
dqn,high,13,635,B2,86,4164.0,86
dqn,high,13,635,C1,98,17085.0,98
dqn,high,13,635,C2,94,11429.0,96
dqn,high,13,640,B1,91,9720.0,91
dqn,high,13,640,B2,86,4594.0,86
dqn,high,13,640,C1,98,17575.0,98
dqn,high,13,640,C2,96,11904.0,97
dqn,high,13,645,B1,91,10175.0,91
dqn,high,13,645,B2,87,5024.0,87
dqn,high,13,645,C1,98,18065.0,98
dqn,high,13,645,C2,96,12384.0,97
dqn,high,13,650,B1,91,10630.0,93
dqn,high,13,650,B2,86,5454.0,87
dqn,high,13,650,C1,98,18555.0,98
dqn,high,13,650,C2,97,12869.0,97
dqn,high,13,655,B1,92,11089.0,93
dqn,high,13,655,B2,86,5884.0,88
dqn,high,13,655,C1,98,19045.0,98
dqn,high,13,655,C2,98,13356.0,98
dqn,high,13,660,B1,94,11555.0,94
dqn,high,13,660,B2,88,6321.0,88
dqn,high,13,660,C1,98,19535.0,98
dqn,high,13,660,C2,98,13846.0,98
dqn,high,13,665,B1,94,12025.0,94
dqn,high,13,665,B2,88,6761.0,88
dqn,high,13,665,C1,98,20025.0,98
dqn,high,13,665,C2,98,14336.0,98
dqn,high,13,670,B1,94,12495.0,94
dqn,high,13,670,B2,88,7201.0,88
dqn,high,13,670,C1,98,20515.0,98
dqn,high,13,670,C2,98,14826.0,98
dqn,high,13,675,B1,94,12965.0,95
dqn,high,13,675,B2,88,7641.0,88
dqn,high,13,675,C1,98,21005.0,98
dqn,high,13,675,C2,98,15316.0,98
dqn,high,13,680,B1,95,13436.0,95
dqn,high,13,680,B2,88,8081.0,88
dqn,high,13,680,C1,98,21495.0,98
dqn,high,13,680,C2,98,15806.0,98
dqn,high,13,685,B1,95,13911.0,95
dqn,high,13,685,B2,88,8521.0,88
dqn,high,13,685,C1,98,21985.0,98
dqn,high,13,685,C2,98,16296.0,98
dqn,high,13,690,B1,95,14386.0,95
dqn,high,13,690,B2,88,8961.0,88
dqn,high,13,690,C1,98,22475.0,98
dqn,high,13,690,C2,98,16786.0,98
dqn,high,13,695,B1,95,14861.0,95
dqn,high,13,695,B2,88,9401.0,89
dqn,high,13,695,C1,98,22965.0,98
dqn,high,13,695,C2,98,17276.0,98
dqn,high,13,700,B1,95,15336.0,95
dqn,high,13,700,B2,88,9841.0,91
dqn,high,13,700,C1,98,23455.0,98
dqn,high,13,700,C2,98,17766.0,98
dqn,high,13,705,B1,95,15811.0,96
dqn,high,13,705,B2,89,10284.0,91
dqn,high,13,705,C1,98,23945.0,98
dqn,high,13,705,C2,98,18256.0,98
dqn,high,13,710,B1,96,16290.0,96
dqn,high,13,710,B2,90,10732.0,91
dqn,high,13,710,C1,98,24435.0,98
dqn,high,13,710,C2,98,18746.0,98
dqn,high,13,715,B1,96,16770.0,96
dqn,high,13,715,B2,91,11187.0,91
dqn,high,13,715,C1,98,24925.0,98
dqn,high,13,715,C2,98,19236.0,98
dqn,high,13,720,B1,96,17250.0,96
dqn,high,13,720,B2,91,11642.0,91
dqn,high,13,720,C1,98,25415.0,98
dqn,high,13,720,C2,98,19726.0,98
dqn,high,13,725,B1,96,17730.0,96
dqn,high,13,725,B2,91,12097.0,91
dqn,high,13,725,C1,95,25001.0,97
dqn,high,13,725,C2,98,20216.0,98
dqn,high,13,730,B1,96,18210.0,96
dqn,high,13,730,B2,91,12552.0,91
dqn,high,13,730,C1,92,23978.0,97
dqn,high,13,730,C2,98,20706.0,98
dqn,high,13,735,B1,96,18690.0,96
dqn,high,13,735,B2,91,13007.0,91
dqn,high,13,735,C1,90,22653.0,96
dqn,high,13,735,C2,98,21196.0,98
dqn,high,13,740,B1,96,19170.0,96
dqn,high,13,740,B2,91,13462.0,91
dqn,high,13,740,C1,83,20153.0,95
dqn,high,13,740,C2,98,21686.0,98
dqn,high,13,745,B1,94,19047.0,95
dqn,high,13,745,B2,91,13917.0,91
dqn,high,13,745,C1,75,16898.0,94
dqn,high,13,745,C2,98,22176.0,98
dqn,high,13,750,B1,90,18014.0,95
dqn,high,13,750,B2,91,14372.0,91
dqn,high,13,750,C1,73,13962.0,94
dqn,high,13,750,C2,98,22666.0,98
dqn,high,13,755,B1,89,17279.0,95
dqn,high,13,755,B2,91,14827.0,91
dqn,high,13,755,C1,70,11421.0,94
dqn,high,13,755,C2,98,23156.0,98
dqn,high,13,760,B1,88,16547.0,95
dqn,high,13,760,B2,91,15282.0,92
dqn,high,13,760,C1,66,8228.0,94
dqn,high,13,760,C2,93,22141.0,96
dqn,high,13,765,B1,89,15820.0,96
dqn,high,13,765,B2,91,15737.0,92
dqn,high,13,765,C1,68,5855.0,95
dqn,high,13,765,C2,90,21121.0,96
dqn,high,13,770,B1,87,14809.0,96
dqn,high,13,770,B2,92,16195.0,94
dqn,high,13,770,C1,69,4099.0,96
dqn,high,13,770,C2,83,18590.0,95
dqn,high,13,775,B1,91,15257.0,97
dqn,high,13,775,B2,93,16656.0,94
dqn,high,13,775,C1,76,3568.0,98
dqn,high,13,775,C2,70,14377.0,93
dqn,high,13,780,B1,94,15720.0,98
dqn,high,13,780,B2,94,17125.0,95
dqn,high,13,780,C1,79,2466.0,98
dqn,high,13,780,C2,61,10693.0,93
dqn,high,13,785,B1,98,16202.0,98
dqn,high,13,785,B2,96,17597.0,96
dqn,high,13,785,C1,84,1985.0,98
dqn,high,13,785,C2,57,7405.0,94
dqn,high,13,790,B1,97,16613.0,98
dqn,high,13,790,B2,95,18072.0,96
dqn,high,13,790,C1,92,2428.0,99
dqn,high,13,790,C2,58,5077.0,95
dqn,high,13,795,B1,93,16020.0,98
dqn,high,13,795,B2,96,18552.0,97
dqn,high,13,795,C1,96,2897.0,99
dqn,high,13,795,C2,61,2103.0,95
dqn,high,13,800,B1,86,14020.0,98
dqn,high,13,800,B2,89,17309.0,94
dqn,high,13,800,C1,99,3388.0,99
dqn,high,13,800,C2,65,844.0,96
dqn,high,13,805,B1,81,11992.0,99
dqn,high,13,805,B2,80,15615.0,94
dqn,high,13,805,C1,96,3748.0,99
dqn,high,13,805,C2,78,1176.0,96
dqn,high,13,810,B1,81,9998.0,99
dqn,high,13,810,B2,73,14104.0,94
dqn,high,13,810,C1,94,4016.0,99
dqn,high,13,810,C2,89,1566.0,97
dqn,high,13,815,B1,79,7870.0,99
dqn,high,13,815,B2,73,13136.0,95
dqn,high,13,815,C1,89,4202.0,97
dqn,high,13,815,C2,91,1859.0,95
dqn,high,13,820,B1,80,6993.0,99
dqn,high,13,820,B2,70,12048.0,95
dqn,high,13,820,C1,81,4187.0,97
dqn,high,13,820,C2,88,2173.0,95
dqn,high,13,825,B1,84,7197.0,100
dqn,high,13,825,B2,71,12085.0,94
dqn,high,13,825,C1,74,4168.0,96
dqn,high,13,825,C2,87,2513.0,95
dqn,high,13,830,B1,92,7627.0,100
dqn,high,13,830,B2,76,12403.0,97
dqn,high,13,830,C1,68,4169.0,96
dqn,high,13,830,C2,86,2848.0,95
dqn,high,13,835,B1,97,8090.0,100
dqn,high,13,835,B2,82,12766.0,98
dqn,high,13,835,C1,68,4325.0,97
dqn,high,13,835,C2,85,3176.0,95
dqn,high,13,840,B1,100,8586.0,100
dqn,high,13,840,B2,89,13158.0,98
dqn,high,13,840,C1,62,3836.0,95
dqn,high,13,840,C2,87,3558.0,96
dqn,high,13,845,B1,96,7586.0,99
dqn,high,13,845,B2,90,13575.0,98
dqn,high,13,845,C1,61,3116.0,95
dqn,high,13,845,C2,91,4005.0,96
dqn,high,13,850,B1,94,6585.0,99
dqn,high,13,850,B2,92,14011.0,98
dqn,high,13,850,C1,62,2722.0,96
dqn,high,13,850,C2,94,4467.0,97
dqn,high,13,855,B1,93,5876.0,99
dqn,high,13,855,B2,95,14477.0,98
dqn,high,13,855,C1,60,1938.0,96
dqn,high,13,855,C2,98,4950.0,98
dqn,high,13,860,B1,91,4889.0,99
dqn,high,13,860,B2,94,13759.0,96
dqn,high,13,860,C1,60,1480.0,96
dqn,high,13,860,C2,98,5440.0,98
dqn,high,13,865,B1,90,4362.0,99
dqn,high,13,865,B2,89,12732.0,95
dqn,high,13,865,C1,60,944.0,97
dqn,high,13,865,C2,98,5930.0,98
dqn,high,13,870,B1,92,4393.0,99
dqn,high,13,870,B2,86,11693.0,95
dqn,high,13,870,C1,68,923.0,97
dqn,high,13,870,C2,98,6420.0,98
dqn,high,13,875,B1,95,4863.0,99
dqn,high,13,875,B2,81,9446.0,94
dqn,high,13,875,C1,76,1255.0,97
dqn,high,13,875,C2,95,6646.0,98
dqn,high,13,880,B1,96,5166.0,98
dqn,high,13,880,B2,77,6924.0,94
dqn,high,13,880,C1,85,1656.0,98
dqn,high,13,880,C2,93,6769.0,98
dqn,high,13,885,B1,92,5110.0,97
dqn,high,13,885,B2,75,5544.0,94
dqn,high,13,885,C1,91,2094.0,99
dqn,high,13,885,C2,88,6869.0,98
dqn,high,13,890,B1,86,4796.0,97
dqn,high,13,890,B2,77,4739.0,95
dqn,high,13,890,C1,95,2566.0,99
dqn,high,13,890,C2,87,6964.0,98
dqn,high,13,895,B1,83,4383.0,97
dqn,high,13,895,B2,79,3663.0,96
dqn,high,13,895,C1,99,3054.0,99
dqn,high,13,895,C2,87,6980.0,98
dqn,high,13,900,B1,81,4132.0,97
dqn,high,13,900,B2,86,3784.0,97
dqn,high,13,900,C1,99,3549.0,99
dqn,high,13,900,C2,88,7147.0,98
dqn,high,13,905,B1,79,3872.0,97
dqn,high,13,905,B2,91,4229.0,98
dqn,high,13,905,C1,99,4044.0,99
dqn,high,13,905,C2,90,7487.0,98
dqn,high,13,910,B1,81,3877.0,97
dqn,high,13,910,B2,94,4696.0,98
dqn,high,13,910,C1,99,4539.0,99
dqn,high,13,910,C2,93,7941.0,99
dqn,high,13,915,B1,87,4144.0,97
dqn,high,13,915,B2,98,5183.0,98
dqn,high,13,915,C1,96,4794.0,98
dqn,high,13,915,C2,97,8418.0,99
dqn,high,13,920,B1,92,4592.0,98
dqn,high,13,920,B2,98,5673.0,98
dqn,high,13,920,C1,90,4730.0,98
dqn,high,13,920,C2,99,8908.0,99
dqn,high,13,925,B1,97,5069.0,98
dqn,high,13,925,B2,98,6163.0,98
dqn,high,13,925,C1,86,4437.0,98
dqn,high,13,925,C2,99,9403.0,99
dqn,high,13,930,B1,98,5558.0,98
dqn,high,13,930,B2,98,6653.0,98
dqn,high,13,930,C1,83,4287.0,98
dqn,high,13,930,C2,99,9898.0,99
dqn,high,13,935,B1,98,6048.0,98
dqn,high,13,935,B2,98,7143.0,98
dqn,high,13,935,C1,78,3934.0,96
dqn,high,13,935,C2,99,10393.0,99
dqn,high,13,940,B1,98,6538.0,98
dqn,high,13,940,B2,98,7633.0,98
dqn,high,13,940,C1,68,3207.0,96
dqn,high,13,940,C2,99,10888.0,99
dqn,high,13,945,B1,98,7028.0,98
dqn,high,13,945,B2,98,8123.0,98
dqn,high,13,945,C1,69,2844.0,96
dqn,high,13,945,C2,99,11383.0,99
dqn,high,13,950,B1,98,7518.0,98
dqn,high,13,950,B2,98,8613.0,98
dqn,high,13,950,C1,75,2851.0,96
dqn,high,13,950,C2,99,11878.0,99
dqn,high,13,955,B1,98,8008.0,98
dqn,high,13,955,B2,98,9103.0,98
dqn,high,13,955,C1,79,2903.0,96
dqn,high,13,955,C2,99,12373.0,99
dqn,high,13,960,B1,98,8498.0,98
dqn,high,13,960,B2,98,9593.0,98
dqn,high,13,960,C1,80,2972.0,96
dqn,high,13,960,C2,99,12868.0,99
dqn,high,13,965,B1,98,8988.0,98
dqn,high,13,965,B2,98,10083.0,98
dqn,high,13,965,C1,84,3299.0,97
dqn,high,13,965,C2,99,13363.0,99
dqn,high,13,970,B1,94,9148.0,96
dqn,high,13,970,B2,98,10573.0,98
dqn,high,13,970,C1,90,3739.0,98
dqn,high,13,970,C2,99,13858.0,99
dqn,high,13,975,B1,86,8799.0,96
dqn,high,13,975,B2,98,11063.0,98
dqn,high,13,975,C1,98,4214.0,99
dqn,high,13,975,C2,99,14353.0,99
dqn,high,13,980,B1,83,8672.0,96
dqn,high,13,980,B2,98,11553.0,98
dqn,high,13,980,C1,99,4708.0,99
dqn,high,13,980,C2,99,14848.0,99
dqn,high,13,985,B1,80,8467.0,96
dqn,high,13,985,B2,98,12043.0,98
dqn,high,13,985,C1,99,5203.0,99
dqn,high,13,985,C2,99,15343.0,99
dqn,high,13,990,B1,79,8185.0,96
dqn,high,13,990,B2,98,12533.0,98
dqn,high,13,990,C1,99,5698.0,99
dqn,high,13,990,C2,99,15838.0,99
dqn,high,13,995,B1,80,8059.0,96
dqn,high,13,995,B2,98,13023.0,98
dqn,high,13,995,C1,99,6193.0,99
dqn,high,13,995,C2,99,16333.0,99
dqn,high,13,1000,B1,83,8169.0,97
dqn,high,13,1000,B2,98,13513.0,98
dqn,high,13,1000,C1,99,6688.0,99
dqn,high,13,1000,C2,99,16828.0,99
dqn,high,13,1005,B1,89,8594.0,98
dqn,high,13,1005,B2,98,14003.0,98
dqn,high,13,1005,C1,99,7183.0,99
dqn,high,13,1005,C2,99,17323.0,99
dqn,high,13,1010,B1,96,9055.0,98
dqn,high,13,1010,B2,98,14493.0,98
dqn,high,13,1010,C1,99,7678.0,99
dqn,high,13,1010,C2,99,17818.0,99
dqn,high,13,1015,B1,98,9542.0,98
dqn,high,13,1015,B2,98,14983.0,98
dqn,high,13,1015,C1,99,8173.0,99
dqn,high,13,1015,C2,99,18313.0,99
dqn,high,13,1020,B1,98,10032.0,98
dqn,high,13,1020,B2,98,15473.0,98
dqn,high,13,1020,C1,99,8668.0,99
dqn,high,13,1020,C2,99,18808.0,99
dqn,high,13,1025,B1,98,10522.0,98
dqn,high,13,1025,B2,98,15963.0,98
dqn,high,13,1025,C1,99,9163.0,99
dqn,high,13,1025,C2,99,19303.0,99
dqn,high,13,1030,B1,98,11012.0,98
dqn,high,13,1030,B2,98,16453.0,98
dqn,high,13,1030,C1,99,9658.0,99
dqn,high,13,1030,C2,99,19798.0,99
dqn,high,13,1035,B1,98,11502.0,98
dqn,high,13,1035,B2,98,16943.0,98
dqn,high,13,1035,C1,99,10153.0,99
dqn,high,13,1035,C2,99,20293.0,99
dqn,high,13,1040,B1,98,11992.0,98
dqn,high,13,1040,B2,98,17433.0,98
dqn,high,13,1040,C1,99,10648.0,99
dqn,high,13,1040,C2,99,20788.0,99
dqn,high,13,1045,B1,98,12482.0,98
dqn,high,13,1045,B2,98,17923.0,98
dqn,high,13,1045,C1,99,11143.0,99
dqn,high,13,1045,C2,99,21283.0,99
dqn,high,13,1050,B1,98,12972.0,98
dqn,high,13,1050,B2,98,18413.0,98
dqn,high,13,1050,C1,99,11638.0,99
dqn,high,13,1050,C2,99,21778.0,99
dqn,high,13,1055,B1,98,13462.0,98
dqn,high,13,1055,B2,98,18903.0,98
dqn,high,13,1055,C1,99,12133.0,99
dqn,high,13,1055,C2,99,22273.0,99
dqn,high,13,1060,B1,98,13952.0,98
dqn,high,13,1060,B2,98,19393.0,98
dqn,high,13,1060,C1,99,12628.0,99
dqn,high,13,1060,C2,99,22768.0,99
dqn,high,13,1065,B1,98,14442.0,98
dqn,high,13,1065,B2,98,19883.0,98
dqn,high,13,1065,C1,99,13123.0,99
dqn,high,13,1065,C2,96,22359.0,98
dqn,high,13,1070,B1,98,14932.0,98
dqn,high,13,1070,B2,98,20373.0,98
dqn,high,13,1070,C1,99,13618.0,99
dqn,high,13,1070,C2,93,21346.0,98
dqn,high,13,1075,B1,98,15422.0,98
dqn,high,13,1075,B2,98,20863.0,98
dqn,high,13,1075,C1,99,14113.0,99
dqn,high,13,1075,C2,92,20631.0,98
dqn,high,13,1080,B1,98,15912.0,98
dqn,high,13,1080,B2,98,21353.0,98
dqn,high,13,1080,C1,99,14608.0,99
dqn,high,13,1080,C2,91,19626.0,98
dqn,high,13,1085,B1,98,16402.0,98
dqn,high,13,1085,B2,98,21843.0,98
dqn,high,13,1085,C1,99,15103.0,99
dqn,high,13,1085,C2,86,17720.0,97
dqn,high,13,1090,B1,98,16892.0,98
dqn,high,13,1090,B2,98,22333.0,98
dqn,high,13,1090,C1,99,15598.0,99
dqn,high,13,1090,C2,84,16075.0,97
dqn,high,13,1095,B1,98,17382.0,98
dqn,high,13,1095,B2,98,22823.0,98
dqn,high,13,1095,C1,99,16093.0,99
dqn,high,13,1095,C2,86,15320.0,98
dqn,high,13,1100,B1,98,17872.0,98
dqn,high,13,1100,B2,98,23313.0,98
dqn,high,13,1100,C1,99,16588.0,99
dqn,high,13,1100,C2,88,14286.0,99
dqn,high,13,1105,B1,98,18362.0,98
dqn,high,13,1105,B2,98,23803.0,98
dqn,high,13,1105,C1,99,17083.0,99
dqn,high,13,1105,C2,91,13558.0,99
dqn,high,13,1110,B1,94,17344.0,97
dqn,high,13,1110,B2,94,22787.0,97
dqn,high,13,1110,C1,99,17578.0,99
dqn,high,13,1110,C2,90,12836.0,99
dqn,high,13,1115,B1,91,16318.0,97
dqn,high,13,1115,B2,86,20623.0,96
dqn,high,13,1115,C1,99,18073.0,99
dqn,high,13,1115,C2,94,13295.0,99
dqn,high,13,1120,B1,90,15587.0,97
dqn,high,13,1120,B2,81,18457.0,96
dqn,high,13,1120,C1,99,18568.0,99
dqn,high,13,1120,C2,96,13172.0,98
dqn,high,13,1125,B1,89,14852.0,97
dqn,high,13,1125,B2,77,16243.0,96
dqn,high,13,1125,C1,99,19063.0,99
dqn,high,13,1125,C2,94,12156.0,98
dqn,high,13,1130,B1,89,14119.0,97
dqn,high,13,1130,B2,70,13712.0,96
dqn,high,13,1130,C1,99,19558.0,99
dqn,high,13,1130,C2,88,11250.0,96
dqn,high,13,1135,B1,85,13047.0,95
dqn,high,13,1135,B2,71,12624.0,96
dqn,high,13,1135,C1,99,20053.0,99
dqn,high,13,1135,C2,83,10065.0,96
dqn,high,13,1140,B1,82,11927.0,96
dqn,high,13,1140,B2,75,12423.0,97
dqn,high,13,1140,C1,99,20548.0,99
dqn,high,13,1140,C2,81,9142.0,96
dqn,high,13,1145,B1,83,11127.0,96
dqn,high,13,1145,B2,83,12801.0,98
dqn,high,13,1145,C1,99,21043.0,99
dqn,high,13,1145,C2,79,8254.0,96
dqn,high,13,1150,B1,82,10039.0,96
dqn,high,13,1150,B2,88,13205.0,98
dqn,high,13,1150,C1,99,21538.0,99
dqn,high,13,1150,C2,80,8236.0,96
dqn,high,13,1155,B1,80,9260.0,96
dqn,high,13,1155,B2,98,13657.0,100
dqn,high,13,1155,C1,99,22033.0,99
dqn,high,13,1155,C2,86,8594.0,97
dqn,high,13,1160,B1,78,8480.0,96
dqn,high,13,1160,B2,95,13981.0,99
dqn,high,13,1160,C1,99,22528.0,99
dqn,high,13,1160,C2,92,9041.0,99
dqn,high,13,1165,B1,83,8876.0,97
dqn,high,13,1165,B2,93,14318.0,99
dqn,high,13,1165,C1,99,22722.0,99
dqn,high,13,1165,C2,97,9516.0,99
dqn,high,13,1170,B1,92,9321.0,98
dqn,high,13,1170,B2,87,13748.0,98
dqn,high,13,1170,C1,91,21371.0,96
dqn,high,13,1170,C2,99,10006.0,99
dqn,high,13,1175,B1,98,9798.0,98
dqn,high,13,1175,B2,83,12617.0,98
dqn,high,13,1175,C1,82,19153.0,96
dqn,high,13,1175,C2,99,10501.0,99
dqn,high,13,1180,B1,98,10288.0,98
dqn,high,13,1180,B2,81,10853.0,97
dqn,high,13,1180,C1,81,17460.0,96
dqn,high,13,1180,C2,99,10996.0,99
dqn,high,13,1185,B1,98,10778.0,98
dqn,high,13,1185,B2,76,8512.0,97
dqn,high,13,1185,C1,78,15765.0,96
dqn,high,13,1185,C2,99,11491.0,99
dqn,high,13,1190,B1,98,11268.0,98
dqn,high,13,1190,B2,77,6548.0,97
dqn,high,13,1190,C1,76,13552.0,96
dqn,high,13,1190,C2,95,10475.0,98
dqn,high,13,1195,B1,98,11758.0,98
dqn,high,13,1195,B2,76,4216.0,97
dqn,high,13,1195,C1,77,12380.0,96
dqn,high,13,1195,C2,92,9449.0,98
dqn,high,13,1200,B1,98,12248.0,98
dqn,high,13,1200,B2,80,3414.0,97
dqn,high,13,1200,C1,85,12789.0,98
dqn,high,13,1200,C2,90,8657.0,98
dqn,high,13,1205,B1,98,12738.0,98
dqn,high,13,1205,B2,83,2601.0,97
dqn,high,13,1205,C1,91,13231.0,98
dqn,high,13,1205,C2,83,7427.0,98
dqn,high,13,1210,B1,98,13228.0,98
dqn,high,13,1210,B2,88,2971.0,98
dqn,high,13,1210,C1,98,13706.0,98
dqn,high,13,1210,C2,75,5649.0,97
dqn,high,13,1215,B1,98,13718.0,98
dqn,high,13,1215,B2,91,3382.0,98
dqn,high,13,1215,C1,98,14196.0,98
dqn,high,13,1215,C2,74,4895.0,97
dqn,high,13,1220,B1,98,14208.0,98
dqn,high,13,1220,B2,94,3802.0,98
dqn,high,13,1220,C1,98,14686.0,98
dqn,high,13,1220,C2,74,4626.0,97
dqn,high,13,1225,B1,98,14698.0,98
dqn,high,13,1225,B2,94,4240.0,98
dqn,high,13,1225,C1,98,14875.0,99
dqn,high,13,1225,C2,73,4476.0,97
dqn,high,13,1230,B1,98,15188.0,98
dqn,high,13,1230,B2,96,4690.0,98
dqn,high,13,1230,C1,99,15370.0,99
dqn,high,13,1230,C2,76,4395.0,97
dqn,high,13,1235,B1,98,15678.0,98
dqn,high,13,1235,B2,95,4996.0,97
dqn,high,13,1235,C1,99,15865.0,99
dqn,high,13,1235,C2,79,4678.0,97
dqn,high,13,1240,B1,98,16168.0,98
dqn,high,13,1240,B2,92,5232.0,97
dqn,high,13,1240,C1,97,15758.0,98
dqn,high,13,1240,C2,83,5068.0,97
dqn,high,13,1245,B1,98,16658.0,98
dqn,high,13,1245,B2,86,5006.0,95
dqn,high,13,1245,C1,94,14742.0,98
dqn,high,13,1245,C2,90,5497.0,98
dqn,high,13,1250,B1,98,17148.0,98
dqn,high,13,1250,B2,78,4228.0,95
dqn,high,13,1250,C1,93,14026.0,98
dqn,high,13,1250,C2,94,5956.0,98
dqn,high,13,1255,B1,98,17638.0,98
dqn,high,13,1255,B2,75,3638.0,95
dqn,high,13,1255,C1,88,12703.0,98
dqn,high,13,1255,C2,97,6430.0,98
dqn,high,13,1260,B1,97,18008.0,97
dqn,high,13,1260,B2,73,2857.0,96
dqn,high,13,1260,C1,86,11605.0,98
dqn,high,13,1260,C2,98,6919.0,98
dqn,high,13,1265,B1,93,17890.0,97
dqn,high,13,1265,B2,73,2472.0,96
dqn,high,13,1265,C1,85,10578.0,98
dqn,high,13,1265,C2,98,7409.0,98
dqn,high,13,1270,B1,86,16311.0,97
dqn,high,13,1270,B2,77,2102.0,96
dqn,high,13,1270,C1,86,10429.0,99
dqn,high,13,1270,C2,97,7695.0,97
dqn,high,13,1275,B1,82,13954.0,97
dqn,high,13,1275,B2,84,2396.0,97
dqn,high,13,1275,C1,89,10583.0,99
dqn,high,13,1275,C2,93,7165.0,97
dqn,high,13,1280,B1,80,11309.0,97
dqn,high,13,1280,B2,89,2831.0,97
dqn,high,13,1280,C1,92,10829.0,99
dqn,high,13,1280,C2,90,6633.0,97
dqn,high,13,1285,B1,80,8956.0,97
dqn,high,13,1285,B2,96,3299.0,97
dqn,high,13,1285,C1,98,11307.0,100
dqn,high,13,1285,C2,91,6303.0,97
dqn,high,13,1290,B1,80,7123.0,97
dqn,high,13,1290,B2,97,3784.0,97
dqn,high,13,1290,C1,100,11804.0,100
dqn,high,13,1290,C2,89,5785.0,97
dqn,high,13,1295,B1,84,5526.0,97
dqn,high,13,1295,B2,97,4269.0,97
dqn,high,13,1295,C1,100,12304.0,100
dqn,high,13,1295,C2,88,5462.0,97
dqn,high,13,1300,B1,89,4524.0,97
dqn,high,13,1300,B2,97,4754.0,97
dqn,high,13,1300,C1,100,12804.0,100
dqn,high,13,1300,C2,90,5714.0,97
dqn,high,13,1305,B1,94,4987.0,97
dqn,high,13,1305,B2,97,5239.0,97
dqn,high,13,1305,C1,100,13304.0,100
dqn,high,13,1305,C2,93,6173.0,97
dqn,high,13,1310,B1,98,5471.0,98
dqn,high,13,1310,B2,97,5724.0,97
dqn,high,13,1310,C1,100,13804.0,100
dqn,high,13,1310,C2,97,6648.0,97
dqn,high,13,1315,B1,98,5961.0,98
dqn,high,13,1315,B2,97,6209.0,97
dqn,high,13,1315,C1,100,14304.0,100
dqn,high,13,1315,C2,97,7133.0,97
dqn,high,13,1320,B1,98,6451.0,98
dqn,high,13,1320,B2,97,6694.0,97
dqn,high,13,1320,C1,100,14804.0,100
dqn,high,13,1320,C2,97,7618.0,97
dqn,high,13,1325,B1,98,6941.0,98
dqn,high,13,1325,B2,97,7179.0,97
dqn,high,13,1325,C1,100,15304.0,100
dqn,high,13,1325,C2,97,8103.0,97
dqn,high,13,1330,B1,98,7431.0,98
dqn,high,13,1330,B2,97,7664.0,97
dqn,high,13,1330,C1,100,15804.0,100
dqn,high,13,1330,C2,97,8588.0,97
dqn,high,13,1335,B1,98,7921.0,98
dqn,high,13,1335,B2,97,8149.0,97
dqn,high,13,1335,C1,100,16304.0,100
dqn,high,13,1335,C2,97,9073.0,97
dqn,high,13,1340,B1,94,8154.0,97
dqn,high,13,1340,B2,97,8634.0,97
dqn,high,13,1340,C1,100,16804.0,100
dqn,high,13,1340,C2,97,9558.0,97
dqn,high,13,1345,B1,89,7905.0,97
dqn,high,13,1345,B2,97,9119.0,98
dqn,high,13,1345,C1,100,17304.0,100
dqn,high,13,1345,C2,97,10043.0,97
dqn,high,13,1350,B1,88,7305.0,97
dqn,high,13,1350,B2,98,9607.0,98
dqn,high,13,1350,C1,100,17804.0,100
dqn,high,13,1350,C2,97,10528.0,97
dqn,high,13,1355,B1,88,6703.0,97
dqn,high,13,1355,B2,98,10097.0,98
dqn,high,13,1355,C1,100,18304.0,100
dqn,high,13,1355,C2,97,11013.0,97
dqn,high,13,1360,B1,87,6103.0,97
dqn,high,13,1360,B2,98,10587.0,98
dqn,high,13,1360,C1,100,18804.0,100
dqn,high,13,1360,C2,97,11498.0,97
dqn,high,13,1365,B1,88,5709.0,97
dqn,high,13,1365,B2,96,10842.0,98
dqn,high,13,1365,C1,100,19304.0,100
dqn,high,13,1365,C2,97,11983.0,97
dqn,high,13,1370,B1,90,5145.0,97
dqn,high,13,1370,B2,93,10969.0,97
dqn,high,13,1370,C1,100,19804.0,100
dqn,high,13,1370,C2,97,12468.0,97
dqn,high,13,1375,B1,95,5204.0,97
dqn,high,13,1375,B2,90,10860.0,97
dqn,high,13,1375,C1,100,20304.0,100
dqn,high,13,1375,C2,97,12953.0,97
dqn,high,13,1380,B1,98,5693.0,98
dqn,high,13,1380,B2,89,10861.0,97
dqn,high,13,1380,C1,100,20804.0,100
dqn,high,13,1380,C2,97,13438.0,97
dqn,high,13,1385,B1,98,6183.0,98
dqn,high,13,1385,B2,90,10856.0,97
dqn,high,13,1385,C1,100,21304.0,100
dqn,high,13,1385,C2,97,13923.0,97
dqn,high,13,1390,B1,98,6673.0,98
dqn,high,13,1390,B2,91,10856.0,97
dqn,high,13,1390,C1,100,21804.0,100
dqn,high,13,1390,C2,97,14408.0,97
dqn,high,13,1395,B1,98,7163.0,98
dqn,high,13,1395,B2,92,11082.0,98
dqn,high,13,1395,C1,100,22304.0,100
dqn,high,13,1395,C2,97,14893.0,97
dqn,high,13,1400,B1,98,7653.0,98
dqn,high,13,1400,B2,95,11540.0,98
dqn,high,13,1400,C1,100,22804.0,100
dqn,high,13,1400,C2,97,15378.0,97
dqn,high,13,1405,B1,98,8143.0,98
dqn,high,13,1405,B2,98,12021.0,98
dqn,high,13,1405,C1,100,23304.0,100
dqn,high,13,1405,C2,97,15863.0,97
dqn,high,13,1410,B1,98,8633.0,98
dqn,high,13,1410,B2,98,12511.0,98
dqn,high,13,1410,C1,96,23189.0,99
dqn,high,13,1410,C2,97,16348.0,97
dqn,high,13,1415,B1,98,9123.0,98
dqn,high,13,1415,B2,98,13001.0,98
dqn,high,13,1415,C1,94,23064.0,99
dqn,high,13,1415,C2,97,16833.0,97
dqn,high,13,1420,B1,98,9613.0,98
dqn,high,13,1420,B2,98,13491.0,98
dqn,high,13,1420,C1,93,22790.0,99
dqn,high,13,1420,C2,97,17318.0,97
dqn,high,13,1425,B1,98,10103.0,98
dqn,high,13,1425,B2,98,13981.0,98
dqn,high,13,1425,C1,93,22664.0,99
dqn,high,13,1425,C2,97,17803.0,97
dqn,high,13,1430,B1,98,10593.0,98
dqn,high,13,1430,B2,98,14471.0,98
dqn,high,13,1430,C1,92,22540.0,99
dqn,high,13,1430,C2,97,18288.0,97
dqn,high,13,1435,B1,98,11083.0,98
dqn,high,13,1435,B2,98,14961.0,98
dqn,high,13,1435,C1,90,22408.0,99
dqn,high,13,1435,C2,97,18773.0,97
dqn,high,13,1440,B1,95,11282.0,98
dqn,high,13,1440,B2,98,15451.0,98
dqn,high,13,1440,C1,94,22871.0,99
dqn,high,13,1440,C2,97,19258.0,97
dqn,high,13,1445,B1,93,11284.0,98
dqn,high,13,1445,B2,98,15941.0,98
dqn,high,13,1445,C1,99,23354.0,99
dqn,high,13,1445,C2,97,19743.0,97
dqn,high,13,1450,B1,91,11366.0,98
dqn,high,13,1450,B2,98,16431.0,98
dqn,high,13,1450,C1,99,23847.0,99
dqn,high,13,1450,C2,97,20228.0,97
dqn,high,13,1455,B1,89,11426.0,98
dqn,high,13,1455,B2,98,16921.0,98
dqn,high,13,1455,C1,99,24342.0,99
dqn,high,13,1455,C2,97,20713.0,97
dqn,high,13,1460,B1,91,11502.0,98
dqn,high,13,1460,B2,98,17411.0,98
dqn,high,13,1460,C1,99,24837.0,99
dqn,high,13,1460,C2,97,21198.0,97
dqn,high,13,1465,B1,89,11576.0,98
dqn,high,13,1465,B2,98,17901.0,98
dqn,high,13,1465,C1,99,25332.0,99
dqn,high,13,1465,C2,97,21683.0,97
dqn,high,13,1470,B1,92,12007.0,98
dqn,high,13,1470,B2,98,18391.0,98
dqn,high,13,1470,C1,99,25827.0,99
dqn,high,13,1470,C2,97,22168.0,97
dqn,high,13,1475,B1,96,12469.0,98
dqn,high,13,1475,B2,98,18881.0,98
dqn,high,13,1475,C1,99,26322.0,99
dqn,high,13,1475,C2,97,22653.0,97
dqn,high,13,1480,B1,98,12945.0,99
dqn,high,13,1480,B2,98,19371.0,98
dqn,high,13,1480,C1,97,26208.0,97
dqn,high,13,1480,C2,97,23138.0,97
dqn,high,13,1485,B1,99,13440.0,99
dqn,high,13,1485,B2,98,19861.0,98
dqn,high,13,1485,C1,93,25173.0,97
dqn,high,13,1485,C2,97,23623.0,97
dqn,high,13,1490,B1,99,13935.0,99
dqn,high,13,1490,B2,98,20351.0,98
dqn,high,13,1490,C1,91,24134.0,97
dqn,high,13,1490,C2,96,23807.0,96
dqn,high,13,1495,B1,99,14430.0,99
dqn,high,13,1495,B2,98,20841.0,98
dqn,high,13,1495,C1,89,23391.0,97
dqn,high,13,1495,C2,92,22789.0,96
dqn,high,13,1500,B1,99,14925.0,99
dqn,high,13,1500,B2,97,21030.0,97
dqn,high,13,1500,C1,88,22354.0,97
dqn,high,13,1500,C2,90,21774.0,96
dqn,high,13,1505,B1,99,15420.0,99
dqn,high,13,1505,B2,93,20011.0,97
dqn,high,13,1505,C1,88,21613.0,97
dqn,high,13,1505,C2,89,21056.0,96
dqn,high,13,1510,B1,99,15915.0,99
dqn,high,13,1510,B2,90,18989.0,97
dqn,high,13,1510,C1,91,22061.0,98
dqn,high,13,1510,C2,89,20039.0,96
dqn,high,13,1515,B1,99,16410.0,99
dqn,high,13,1515,B2,90,18262.0,97
dqn,high,13,1515,C1,93,22521.0,98
dqn,high,13,1515,C2,88,19316.0,96
dqn,high,13,1520,B1,99,16905.0,99
dqn,high,13,1520,B2,89,17536.0,97
dqn,high,13,1520,C1,97,22999.0,98
dqn,high,13,1520,C2,90,19178.0,96
dqn,high,13,1525,B1,99,17400.0,99
dqn,high,13,1525,B2,88,16799.0,97
dqn,high,13,1525,C1,98,23188.0,98
dqn,high,13,1525,C2,89,18135.0,95
dqn,high,13,1530,B1,99,17895.0,99
dqn,high,13,1530,B2,90,16653.0,97
dqn,high,13,1530,C1,98,23678.0,98
dqn,high,13,1530,C2,89,17109.0,95
dqn,high,13,1535,B1,99,18390.0,99
dqn,high,13,1535,B2,93,17112.0,97
dqn,high,13,1535,C1,98,24168.0,98
dqn,high,13,1535,C2,85,15070.0,95
dqn,high,13,1540,B1,99,18885.0,99
dqn,high,13,1540,B2,95,16986.0,96
dqn,high,13,1540,C1,98,24658.0,98
dqn,high,13,1540,C2,84,13061.0,95
dqn,high,13,1545,B1,99,19380.0,99
dqn,high,13,1545,B2,92,15963.0,96
dqn,high,13,1545,C1,96,24545.0,97
dqn,high,13,1545,C2,83,10768.0,95
dqn,high,13,1550,B1,99,19875.0,99
dqn,high,13,1550,B2,89,14940.0,96
dqn,high,13,1550,C1,92,23525.0,97
dqn,high,13,1550,C2,88,9960.0,96
dqn,high,13,1555,B1,99,20370.0,99
dqn,high,13,1555,B2,79,11986.0,94
dqn,high,13,1555,C1,91,22800.0,97
dqn,high,13,1555,C2,90,9143.0,96
dqn,high,13,1560,B1,99,20865.0,99
dqn,high,13,1560,B2,71,8520.0,94
dqn,high,13,1560,C1,87,21482.0,97
dqn,high,13,1560,C2,95,8660.0,96
dqn,high,13,1565,B1,96,20461.0,99
dqn,high,13,1565,B2,67,6057.0,95
dqn,high,13,1565,C1,85,20023.0,97
dqn,high,13,1565,C2,97,8827.0,97
dqn,high,13,1570,B1,94,19460.0,99
dqn,high,13,1570,B2,70,4322.0,95
dqn,high,13,1570,C1,84,18422.0,97
dqn,high,13,1570,C2,97,9312.0,97
dqn,high,13,1575,B1,90,17249.0,98
dqn,high,13,1575,B2,75,2961.0,95
dqn,high,13,1575,C1,86,18277.0,97
dqn,high,13,1575,C2,96,9496.0,97
dqn,high,13,1580,B1,87,15029.0,98
dqn,high,13,1580,B2,75,1962.0,95
dqn,high,13,1580,C1,88,18149.0,97
dqn,high,13,1580,C2,97,9981.0,97
dqn,high,13,1585,B1,83,12499.0,98
dqn,high,13,1585,B2,82,2323.0,96
dqn,high,13,1585,C1,92,18040.0,97
dqn,high,13,1585,C2,97,10466.0,97
dqn,high,13,1590,B1,85,11158.0,98
dqn,high,13,1590,B2,92,2740.0,97
dqn,high,13,1590,C1,94,18361.0,97
dqn,high,13,1590,C2,97,10951.0,97
dqn,high,13,1595,B1,87,10113.0,99
dqn,high,13,1595,B2,97,3217.0,97
dqn,high,13,1595,C1,97,18838.0,97
dqn,high,13,1595,C2,97,11436.0,97
dqn,high,13,1600,B1,91,9966.0,99
dqn,high,13,1600,B2,97,3702.0,97
dqn,high,13,1600,C1,97,19323.0,97
dqn,high,13,1600,C2,97,11921.0,97
dqn,high,13,1605,B1,96,10436.0,99
dqn,high,13,1605,B2,97,4187.0,97
dqn,high,13,1605,C1,97,19808.0,97
dqn,high,13,1605,C2,97,12406.0,97
dqn,high,13,1610,B1,99,10922.0,99
dqn,high,13,1610,B2,97,4672.0,97
dqn,high,13,1610,C1,97,20293.0,97
dqn,high,13,1610,C2,97,12891.0,97
dqn,high,13,1615,B1,99,11417.0,99
dqn,high,13,1615,B2,97,5157.0,97
dqn,high,13,1615,C1,97,20778.0,97
dqn,high,13,1615,C2,97,13376.0,97
dqn,high,13,1620,B1,99,11912.0,99
dqn,high,13,1620,B2,97,5642.0,97
dqn,high,13,1620,C1,97,21263.0,97
dqn,high,13,1620,C2,97,13861.0,97
dqn,high,13,1625,B1,99,12407.0,99
dqn,high,13,1625,B2,97,6127.0,97
dqn,high,13,1625,C1,97,21748.0,97
dqn,high,13,1625,C2,97,14346.0,97
dqn,high,13,1630,B1,99,12902.0,99
dqn,high,13,1630,B2,97,6612.0,97
dqn,high,13,1630,C1,97,22233.0,97
dqn,high,13,1630,C2,97,14831.0,97
dqn,high,13,1635,B1,99,13397.0,99
dqn,high,13,1635,B2,97,7097.0,97
dqn,high,13,1635,C1,97,22718.0,97
dqn,high,13,1635,C2,97,15316.0,97
dqn,high,13,1640,B1,99,13892.0,99
dqn,high,13,1640,B2,97,7582.0,97
dqn,high,13,1640,C1,97,23203.0,97
dqn,high,13,1640,C2,97,15801.0,97
dqn,high,13,1645,B1,99,14387.0,99
dqn,high,13,1645,B2,97,8067.0,97
dqn,high,13,1645,C1,97,23688.0,97
dqn,high,13,1645,C2,97,16286.0,97
dqn,high,13,1650,B1,95,13674.0,98
dqn,high,13,1650,B2,97,8552.0,97
dqn,high,13,1650,C1,97,24173.0,97
dqn,high,13,1650,C2,97,16771.0,97
dqn,high,13,1655,B1,92,12648.0,98
dqn,high,13,1655,B2,97,9037.0,97
dqn,high,13,1655,C1,97,24658.0,97
dqn,high,13,1655,C2,97,17256.0,97
dqn,high,13,1660,B1,89,11497.0,97
dqn,high,13,1660,B2,97,9522.0,97
dqn,high,13,1660,C1,97,25143.0,97
dqn,high,13,1660,C2,97,17741.0,97
dqn,high,13,1665,B1,83,9706.0,96
dqn,high,13,1665,B2,97,10007.0,97
dqn,high,13,1665,C1,97,25628.0,97
dqn,high,13,1665,C2,97,18226.0,97
dqn,high,13,1670,B1,81,7812.0,96
dqn,high,13,1670,B2,97,10492.0,97
dqn,high,13,1670,C1,97,26113.0,97
dqn,high,13,1670,C2,97,18711.0,97
dqn,high,13,1675,B1,79,6294.0,96
dqn,high,13,1675,B2,97,10977.0,97
dqn,high,13,1675,C1,97,26598.0,97
dqn,high,13,1675,C2,97,19196.0,97
dqn,high,13,1680,B1,81,5875.0,96
dqn,high,13,1680,B2,93,10871.0,95
dqn,high,13,1680,C1,97,27083.0,97
dqn,high,13,1680,C2,97,19681.0,97
dqn,high,13,1685,B1,85,5477.0,97
dqn,high,13,1685,B2,87,9990.0,95
dqn,high,13,1685,C1,97,27568.0,97
dqn,high,13,1685,C2,97,20166.0,97
dqn,high,13,1690,B1,91,5712.0,98
dqn,high,13,1690,B2,83,9093.0,95
dqn,high,13,1690,C1,97,28053.0,97
dqn,high,13,1690,C2,97,20651.0,97
dqn,high,13,1695,B1,94,6174.0,98
dqn,high,13,1695,B2,81,8352.0,95
dqn,high,13,1695,C1,97,28538.0,97
dqn,high,13,1695,C2,97,21136.0,97
dqn,high,13,1700,B1,98,6653.0,99
dqn,high,13,1700,B2,79,7496.0,95
dqn,high,13,1700,C1,97,29023.0,97
dqn,high,13,1700,C2,97,21621.0,97
dqn,high,13,1705,B1,97,6888.0,98
dqn,high,13,1705,B2,80,6854.0,95
dqn,high,13,1705,C1,97,29508.0,97
dqn,high,13,1705,C2,97,22106.0,98
dqn,high,13,1710,B1,93,6680.0,98
dqn,high,13,1710,B2,82,6891.0,96
dqn,high,13,1710,C1,97,29993.0,97
dqn,high,13,1710,C2,98,22596.0,98
dqn,high,13,1715,B1,91,6475.0,98
dqn,high,13,1715,B2,90,7303.0,97
dqn,high,13,1715,C1,97,30478.0,97
dqn,high,13,1715,C2,98,23086.0,98
dqn,high,13,1720,B1,91,6406.0,98
dqn,high,13,1720,B2,94,7753.0,97
dqn,high,13,1720,C1,97,30963.0,97
dqn,high,13,1720,C2,98,23576.0,98
dqn,high,13,1725,B1,90,6330.0,98
dqn,high,13,1725,B2,97,8235.0,97
dqn,high,13,1725,C1,97,31448.0,97
dqn,high,13,1725,C2,98,24066.0,98
dqn,high,13,1730,B1,89,6126.0,98
dqn,high,13,1730,B2,97,8720.0,97
dqn,high,13,1730,C1,97,31933.0,97
dqn,high,13,1730,C2,98,24556.0,98
dqn,high,13,1735,B1,92,6578.0,98
dqn,high,13,1735,B2,97,9205.0,97
dqn,high,13,1735,C1,97,32418.0,97
dqn,high,13,1735,C2,98,25046.0,98
dqn,high,13,1740,B1,95,7047.0,99
dqn,high,13,1740,B2,97,9690.0,97
dqn,high,13,1740,C1,97,32903.0,97
dqn,high,13,1740,C2,98,25536.0,98
dqn,high,13,1745,B1,99,7533.0,99
dqn,high,13,1745,B2,97,10175.0,97
dqn,high,13,1745,C1,97,33388.0,97
dqn,high,13,1745,C2,98,26026.0,98
dqn,high,13,1750,B1,99,8028.0,99
dqn,high,13,1750,B2,97,10660.0,97
dqn,high,13,1750,C1,97,33873.0,97
dqn,high,13,1750,C2,98,26516.0,98
dqn,high,13,1755,B1,99,8523.0,99
dqn,high,13,1755,B2,97,11145.0,97
dqn,high,13,1755,C1,97,34358.0,97
dqn,high,13,1755,C2,98,27006.0,98
dqn,high,13,1760,B1,99,9018.0,99
dqn,high,13,1760,B2,97,11630.0,97
dqn,high,13,1760,C1,97,34843.0,97
dqn,high,13,1760,C2,98,27496.0,98
dqn,high,13,1765,B1,99,9513.0,99
dqn,high,13,1765,B2,97,12115.0,97
dqn,high,13,1765,C1,97,35328.0,97
dqn,high,13,1765,C2,98,27986.0,98
dqn,high,13,1770,B1,99,10008.0,99
dqn,high,13,1770,B2,97,12600.0,97
dqn,high,13,1770,C1,97,35813.0,97
dqn,high,13,1770,C2,98,28476.0,98
dqn,high,13,1775,B1,99,10503.0,99
dqn,high,13,1775,B2,97,13085.0,97
dqn,high,13,1775,C1,97,36298.0,97
dqn,high,13,1775,C2,98,28966.0,98
dqn,high,13,1780,B1,99,10998.0,99
dqn,high,13,1780,B2,97,13570.0,97
dqn,high,13,1780,C1,94,35900.0,97
dqn,high,13,1780,C2,98,29456.0,98
dqn,high,13,1785,B1,99,11493.0,99
dqn,high,13,1785,B2,97,14055.0,97
dqn,high,13,1785,C1,91,34915.0,97
dqn,high,13,1785,C2,98,29946.0,98
dqn,high,13,1790,B1,99,11988.0,99
dqn,high,13,1790,B2,97,14540.0,97
dqn,high,13,1790,C1,91,34216.0,97
dqn,high,13,1790,C2,98,30436.0,98
dqn,high,13,1795,B1,99,12483.0,99
dqn,high,13,1795,B2,97,15025.0,97
dqn,high,13,1795,C1,90,33515.0,97
dqn,high,13,1795,C2,96,30324.0,97
dqn,high,13,1800,B1,99,12978.0,99
dqn,high,13,1800,B2,97,15510.0,97
dqn,high,13,1800,C1,89,32540.0,97
dqn,high,13,1800,C2,92,29305.0,97
