controller,grid,scenario,seed,time,intersection,queue_length,waiting_time,vehicle_count
webster_fixed,2x2,high,12,5,B1,0,0.0,0
webster_fixed,2x2,high,12,5,B2,0,0.0,0
webster_fixed,2x2,high,12,5,C1,0,0.0,0
webster_fixed,2x2,high,12,5,C2,0,0.0,1
webster_fixed,2x2,high,12,10,B1,0,0.0,1
webster_fixed,2x2,high,12,10,B2,0,0.0,1
webster_fixed,2x2,high,12,10,C1,0,0.0,2
webster_fixed,2x2,high,12,10,C2,0,0.0,1
webster_fixed,2x2,high,12,15,B1,0,0.0,3
webster_fixed,2x2,high,12,15,B2,0,0.0,1
webster_fixed,2x2,high,12,15,C1,0,0.0,3
webster_fixed,2x2,high,12,15,C2,0,0.0,1
webster_fixed,2x2,high,12,20,B1,0,0.0,4
webster_fixed,2x2,high,12,20,B2,0,0.0,4
webster_fixed,2x2,high,12,20,C1,0,0.0,5
webster_fixed,2x2,high,12,20,C2,0,0.0,1
webster_fixed,2x2,high,12,25,B1,0,0.0,6
webster_fixed,2x2,high,12,25,B2,0,0.0,5
webster_fixed,2x2,high,12,25,C1,1,1.0,5
webster_fixed,2x2,high,12,25,C2,0,0.0,2
webster_fixed,2x2,high,12,30,B1,1,1.0,6
webster_fixed,2x2,high,12,30,B2,0,0.0,5
webster_fixed,2x2,high,12,30,C1,1,6.0,7
webster_fixed,2x2,high,12,30,C2,0,0.0,2
webster_fixed,2x2,high,12,35,B1,0,0.0,5
webster_fixed,2x2,high,12,35,B2,0,0.0,6
webster_fixed,2x2,high,12,35,C1,0,0.0,7
webster_fixed,2x2,high,12,35,C2,0,0.0,2
webster_fixed,2x2,high,12,40,B1,1,2.0,6
webster_fixed,2x2,high,12,40,B2,2,9.0,5
webster_fixed,2x2,high,12,40,C1,1,1.0,6
webster_fixed,2x2,high,12,40,C2,1,5.0,8
webster_fixed,2x2,high,12,45,B1,2,9.0,7
webster_fixed,2x2,high,12,45,B2,3,22.0,8
webster_fixed,2x2,high,12,45,C1,3,12.0,6
webster_fixed,2x2,high,12,45,C2,2,12.0,12
webster_fixed,2x2,high,12,50,B1,3,24.0,10
webster_fixed,2x2,high,12,50,B2,2,10.0,7
webster_fixed,2x2,high,12,50,C1,3,27.0,7
webster_fixed,2x2,high,12,50,C2,2,22.0,16
webster_fixed,2x2,high,12,55,B1,0,0.0,14
webster_fixed,2x2,high,12,55,B2,1,1.0,8
webster_fixed,2x2,high,12,55,C1,1,1.0,7
webster_fixed,2x2,high,12,55,C2,2,7.0,14
webster_fixed,2x2,high,12,60,B1,1,2.0,13
webster_fixed,2x2,high,12,60,B2,2,9.0,8
webster_fixed,2x2,high,12,60,C1,1,6.0,7
webster_fixed,2x2,high,12,60,C2,5,23.0,17
webster_fixed,2x2,high,12,65,B1,3,14.0,15
webster_fixed,2x2,high,12,65,B2,2,12.0,10
webster_fixed,2x2,high,12,65,C1,2,16.0,9
webster_fixed,2x2,high,12,65,C2,6,50.0,17
webster_fixed,2x2,high,12,70,B1,1,1.0,18
webster_fixed,2x2,high,12,70,B2,1,2.0,9
webster_fixed,2x2,high,12,70,C1,2,4.0,11
webster_fixed,2x2,high,12,70,C2,5,27.0,15
webster_fixed,2x2,high,12,75,B1,6,15.0,21
webster_fixed,2x2,high,12,75,B2,3,12.0,11
webster_fixed,2x2,high,12,75,C1,0,0.0,10
webster_fixed,2x2,high,12,75,C2,6,28.0,15
webster_fixed,2x2,high,12,80,B1,11,61.0,24
webster_fixed,2x2,high,12,80,B2,3,27.0,13
webster_fixed,2x2,high,12,80,C1,2,2.0,10
webster_fixed,2x2,high,12,80,C2,8,64.0,16
webster_fixed,2x2,high,12,85,B1,11,98.0,25
webster_fixed,2x2,high,12,85,B2,1,2.0,14
webster_fixed,2x2,high,12,85,C1,2,10.0,11
webster_fixed,2x2,high,12,85,C2,8,104.0,15
webster_fixed,2x2,high,12,90,B1,7,23.0,25
webster_fixed,2x2,high,12,90,B2,2,9.0,14
webster_fixed,2x2,high,12,90,C1,4,11.0,13
webster_fixed,2x2,high,12,90,C2,1,1.0,17
webster_fixed,2x2,high,12,95,B1,7,34.0,27
webster_fixed,2x2,high,12,95,B2,7,34.0,16
webster_fixed,2x2,high,12,95,C1,6,36.0,18
webster_fixed,2x2,high,12,95,C2,6,18.0,19
webster_fixed,2x2,high,12,100,B1,13,87.0,26
webster_fixed,2x2,high,12,100,B2,6,37.0,18
webster_fixed,2x2,high,12,100,C1,8,76.0,21
webster_fixed,2x2,high,12,100,C2,8,52.0,19
webster_fixed,2x2,high,12,105,B1,11,75.0,26
webster_fixed,2x2,high,12,105,B2,3,9.0,21
webster_fixed,2x2,high,12,105,C1,3,27.0,18
webster_fixed,2x2,high,12,105,C2,5,20.0,19
webster_fixed,2x2,high,12,110,B1,11,55.0,24
webster_fixed,2x2,high,12,110,B2,8,36.0,26
webster_fixed,2x2,high,12,110,C1,2,5.0,18
webster_fixed,2x2,high,12,110,C2,8,30.0,19
webster_fixed,2x2,high,12,115,B1,9,62.0,24
webster_fixed,2x2,high,12,115,B2,13,91.0,28
webster_fixed,2x2,high,12,115,C1,5,24.0,18
webster_fixed,2x2,high,12,115,C2,12,77.0,23
webster_fixed,2x2,high,12,120,B1,8,70.0,23
webster_fixed,2x2,high,12,120,B2,7,35.0,28
webster_fixed,2x2,high,12,120,C1,5,31.0,19
webster_fixed,2x2,high,12,120,C2,13,116.0,24
webster_fixed,2x2,high,12,125,B1,9,29.0,24
webster_fixed,2x2,high,12,125,B2,6,24.0,27
webster_fixed,2x2,high,12,125,C1,6,19.0,19
webster_fixed,2x2,high,12,125,C2,5,40.0,24
webster_fixed,2x2,high,12,130,B1,18,98.0,28
webster_fixed,2x2,high,12,130,B2,10,65.0,29
webster_fixed,2x2,high,12,130,C1,4,34.0,18
webster_fixed,2x2,high,12,130,C2,6,20.0,24
webster_fixed,2x2,high,12,135,B1,15,150.0,30
webster_fixed,2x2,high,12,135,B2,8,44.0,28
webster_fixed,2x2,high,12,135,C1,6,61.0,21
webster_fixed,2x2,high,12,135,C2,11,42.0,28
webster_fixed,2x2,high,12,140,B1,11,90.0,31
webster_fixed,2x2,high,12,140,B2,9,44.0,26
webster_fixed,2x2,high,12,140,C1,4,13.0,20
webster_fixed,2x2,high,12,140,C2,6,19.0,31
webster_fixed,2x2,high,12,145,B1,8,43.0,32
webster_fixed,2x2,high,12,145,B2,15,108.0,24
webster_fixed,2x2,high,12,145,C1,4,22.0,18
webster_fixed,2x2,high,12,145,C2,14,71.0,32
webster_fixed,2x2,high,12,150,B1,15,93.0,34
webster_fixed,2x2,high,12,150,B2,15,125.0,25
webster_fixed,2x2,high,12,150,C1,4,42.0,20
webster_fixed,2x2,high,12,150,C2,20,156.0,32
webster_fixed,2x2,high,12,155,B1,9,85.0,33
webster_fixed,2x2,high,12,155,B2,9,53.0,26
webster_fixed,2x2,high,12,155,C1,3,15.0,18
webster_fixed,2x2,high,12,155,C2,20,174.0,34
webster_fixed,2x2,high,12,160,B1,8,19.0,36
webster_fixed,2x2,high,12,160,B2,12,83.0,28
webster_fixed,2x2,high,12,160,C1,5,16.0,18
webster_fixed,2x2,high,12,160,C2,16,96.0,36
webster_fixed,2x2,high,12,165,B1,15,75.0,37
webster_fixed,2x2,high,12,165,B2,16,144.0,29
webster_fixed,2x2,high,12,165,C1,9,52.0,20
webster_fixed,2x2,high,12,165,C2,18,98.0,35
webster_fixed,2x2,high,12,170,B1,25,170.0,39
webster_fixed,2x2,high,12,170,B2,10,43.0,28
webster_fixed,2x2,high,12,170,C1,11,95.0,20
webster_fixed,2x2,high,12,170,C2,17,146.0,37
webster_fixed,2x2,high,12,175,B1,18,109.0,36
webster_fixed,2x2,high,12,175,B2,12,53.0,27
webster_fixed,2x2,high,12,175,C1,7,20.0,22
webster_fixed,2x2,high,12,175,C2,10,49.0,37
webster_fixed,2x2,high,12,180,B1,15,87.0,38
webster_fixed,2x2,high,12,180,B2,19,122.0,27
webster_fixed,2x2,high,12,180,C1,6,39.0,24
webster_fixed,2x2,high,12,180,C2,12,59.0,38
webster_fixed,2x2,high,12,185,B1,26,161.0,40
webster_fixed,2x2,high,12,185,B2,14,80.0,25
webster_fixed,2x2,high,12,185,C1,8,74.0,25
webster_fixed,2x2,high,12,185,C2,18,138.0,39
webster_fixed,2x2,high,12,190,B1,17,122.0,42
webster_fixed,2x2,high,12,190,B2,13,73.0,27
webster_fixed,2x2,high,12,190,C1,7,34.0,26
webster_fixed,2x2,high,12,190,C2,17,141.0,38
webster_fixed,2x2,high,12,195,B1,10,45.0,41
webster_fixed,2x2,high,12,195,B2,13,104.0,25
webster_fixed,2x2,high,12,195,C1,7,24.0,30
webster_fixed,2x2,high,12,195,C2,19,123.0,37
webster_fixed,2x2,high,12,200,B1,17,87.0,44
webster_fixed,2x2,high,12,200,B2,11,86.0,25
webster_fixed,2x2,high,12,200,C1,17,94.0,32
webster_fixed,2x2,high,12,200,C2,22,128.0,37
webster_fixed,2x2,high,12,205,B1,20,128.0,45
webster_fixed,2x2,high,12,205,B2,13,79.0,26
webster_fixed,2x2,high,12,205,C1,17,122.0,34
webster_fixed,2x2,high,12,205,C2,20,143.0,39
webster_fixed,2x2,high,12,210,B1,19,86.0,47
webster_fixed,2x2,high,12,210,B2,14,99.0,27
webster_fixed,2x2,high,12,210,C1,11,44.0,36
webster_fixed,2x2,high,12,210,C2,10,43.0,40
webster_fixed,2x2,high,12,215,B1,20,101.0,47
webster_fixed,2x2,high,12,215,B2,11,106.0,28
webster_fixed,2x2,high,12,215,C1,15,70.0,37
webster_fixed,2x2,high,12,215,C2,15,91.0,41
webster_fixed,2x2,high,12,220,B1,23,180.0,48
webster_fixed,2x2,high,12,220,B2,6,39.0,30
webster_fixed,2x2,high,12,220,C1,19,149.0,40
webster_fixed,2x2,high,12,220,C2,21,185.0,43
webster_fixed,2x2,high,12,225,B1,22,146.0,48
webster_fixed,2x2,high,12,225,B2,9,56.0,29
webster_fixed,2x2,high,12,225,C1,13,101.0,40
webster_fixed,2x2,high,12,225,C2,21,164.0,43
webster_fixed,2x2,high,12,230,B1,22,109.0,47
webster_fixed,2x2,high,12,230,B2,16,122.0,31
webster_fixed,2x2,high,12,230,C1,12,48.0,42
webster_fixed,2x2,high,12,230,C2,20,126.0,44
webster_fixed,2x2,high,12,235,B1,24,146.0,49
webster_fixed,2x2,high,12,235,B2,11,72.0,30
webster_fixed,2x2,high,12,235,C1,20,128.0,41
webster_fixed,2x2,high,12,235,C2,25,169.0,48
webster_fixed,2x2,high,12,240,B1,19,130.0,50
webster_fixed,2x2,high,12,240,B2,11,59.0,30
webster_fixed,2x2,high,12,240,C1,21,152.0,42
webster_fixed,2x2,high,12,240,C2,19,132.0,50
webster_fixed,2x2,high,12,245,B1,12,61.0,52
webster_fixed,2x2,high,12,245,B2,12,76.0,31
webster_fixed,2x2,high,12,245,C1,21,108.0,43
webster_fixed,2x2,high,12,245,C2,14,55.0,50
webster_fixed,2x2,high,12,250,B1,19,99.0,56
webster_fixed,2x2,high,12,250,B2,5,25.0,32
webster_fixed,2x2,high,12,250,C1,20,140.0,42
webster_fixed,2x2,high,12,250,C2,20,109.0,50
webster_fixed,2x2,high,12,255,B1,24,163.0,60
webster_fixed,2x2,high,12,255,B2,9,41.0,34
webster_fixed,2x2,high,12,255,C1,23,206.0,44
webster_fixed,2x2,high,12,255,C2,30,212.0,51
webster_fixed,2x2,high,12,260,B1,16,77.0,59
webster_fixed,2x2,high,12,260,B2,18,115.0,36
webster_fixed,2x2,high,12,260,C1,17,135.0,45
webster_fixed,2x2,high,12,260,C2,28,176.0,50
webster_fixed,2x2,high,12,265,B1,16,72.0,60
webster_fixed,2x2,high,12,265,B2,20,183.0,35
webster_fixed,2x2,high,12,265,C1,20,113.0,47
webster_fixed,2x2,high,12,265,C2,26,175.0,48
webster_fixed,2x2,high,12,270,B1,25,161.0,62
webster_fixed,2x2,high,12,270,B2,19,131.0,36
webster_fixed,2x2,high,12,270,C1,24,169.0,48
webster_fixed,2x2,high,12,270,C2,24,205.0,48
webster_fixed,2x2,high,12,275,B1,23,147.0,62
webster_fixed,2x2,high,12,275,B2,16,118.0,38
webster_fixed,2x2,high,12,275,C1,24,163.0,48
webster_fixed,2x2,high,12,275,C2,20,153.0,48
webster_fixed,2x2,high,12,280,B1,21,123.0,60
webster_fixed,2x2,high,12,280,B2,15,136.0,43
webster_fixed,2x2,high,12,280,C1,18,107.0,47
webster_fixed,2x2,high,12,280,C2,15,100.0,47
webster_fixed,2x2,high,12,285,B1,26,159.0,61
webster_fixed,2x2,high,12,285,B2,10,44.0,42
webster_fixed,2x2,high,12,285,C1,18,111.0,51
webster_fixed,2x2,high,12,285,C2,19,139.0,42
webster_fixed,2x2,high,12,290,B1,30,207.0,61
webster_fixed,2x2,high,12,290,B2,16,90.0,44
webster_fixed,2x2,high,12,290,C1,20,161.0,52
webster_fixed,2x2,high,12,290,C2,23,212.0,43
webster_fixed,2x2,high,12,295,B1,27,162.0,62
webster_fixed,2x2,high,12,295,B2,21,186.0,45
webster_fixed,2x2,high,12,295,C1,16,109.0,51
webster_fixed,2x2,high,12,295,C2,25,173.0,43
webster_fixed,2x2,high,12,300,B1,26,150.0,63
webster_fixed,2x2,high,12,300,B2,27,258.0,46
webster_fixed,2x2,high,12,300,C1,15,80.0,50
webster_fixed,2x2,high,12,300,C2,23,168.0,42
webster_fixed,2x2,high,12,305,B1,34,252.0,63
webster_fixed,2x2,high,12,305,B2,27,185.0,47
webster_fixed,2x2,high,12,305,C1,20,130.0,54
webster_fixed,2x2,high,12,305,C2,22,182.0,43
webster_fixed,2x2,high,12,310,B1,28,202.0,62
webster_fixed,2x2,high,12,310,B2,18,105.0,47
webster_fixed,2x2,high,12,310,C1,20,112.0,53
webster_fixed,2x2,high,12,310,C2,19,107.0,45
webster_fixed,2x2,high,12,315,B1,22,125.0,60
webster_fixed,2x2,high,12,315,B2,16,85.0,49
webster_fixed,2x2,high,12,315,C1,22,109.0,55
webster_fixed,2x2,high,12,315,C2,18,94.0,46
webster_fixed,2x2,high,12,320,B1,26,155.0,61
webster_fixed,2x2,high,12,320,B2,21,107.0,50
webster_fixed,2x2,high,12,320,C1,26,159.0,58
webster_fixed,2x2,high,12,320,C2,22,133.0,45
webster_fixed,2x2,high,12,325,B1,27,156.0,62
webster_fixed,2x2,high,12,325,B2,24,140.0,51
webster_fixed,2x2,high,12,325,C1,23,178.0,60
webster_fixed,2x2,high,12,325,C2,21,141.0,48
webster_fixed,2x2,high,12,330,B1,23,117.0,61
webster_fixed,2x2,high,12,330,B2,23,211.0,52
webster_fixed,2x2,high,12,330,C1,24,129.0,64
webster_fixed,2x2,high,12,330,C2,18,95.0,47
webster_fixed,2x2,high,12,335,B1,27,140.0,62
webster_fixed,2x2,high,12,335,B2,26,224.0,52
webster_fixed,2x2,high,12,335,C1,27,158.0,66
webster_fixed,2x2,high,12,335,C2,21,108.0,48
webster_fixed,2x2,high,12,340,B1,31,220.0,66
webster_fixed,2x2,high,12,340,B2,24,198.0,54
webster_fixed,2x2,high,12,340,C1,33,228.0,69
webster_fixed,2x2,high,12,340,C2,21,140.0,49
webster_fixed,2x2,high,12,345,B1,24,137.0,62
webster_fixed,2x2,high,12,345,B2,22,185.0,53
webster_fixed,2x2,high,12,345,C1,31,179.0,67
webster_fixed,2x2,high,12,345,C2,11,67.0,47
webster_fixed,2x2,high,12,350,B1,22,114.0,61
webster_fixed,2x2,high,12,350,B2,20,124.0,57
webster_fixed,2x2,high,12,350,C1,31,167.0,67
webster_fixed,2x2,high,12,350,C2,10,61.0,47
webster_fixed,2x2,high,12,355,B1,26,178.0,60
webster_fixed,2x2,high,12,355,B2,22,115.0,59
webster_fixed,2x2,high,12,355,C1,33,211.0,65
webster_fixed,2x2,high,12,355,C2,18,110.0,49
webster_fixed,2x2,high,12,360,B1,27,182.0,60
webster_fixed,2x2,high,12,360,B2,24,139.0,59
webster_fixed,2x2,high,12,360,C1,26,176.0,66
webster_fixed,2x2,high,12,360,C2,26,175.0,54
webster_fixed,2x2,high,12,365,B1,24,154.0,63
webster_fixed,2x2,high,12,365,B2,24,142.0,59
webster_fixed,2x2,high,12,365,C1,22,120.0,69
webster_fixed,2x2,high,12,365,C2,32,268.0,56
webster_fixed,2x2,high,12,370,B1,25,160.0,61
webster_fixed,2x2,high,12,370,B2,26,135.0,62
webster_fixed,2x2,high,12,370,C1,25,122.0,70
webster_fixed,2x2,high,12,370,C2,32,304.0,60
webster_fixed,2x2,high,12,375,B1,29,173.0,62
webster_fixed,2x2,high,12,375,B2,29,167.0,64
webster_fixed,2x2,high,12,375,C1,29,180.0,70
webster_fixed,2x2,high,12,375,C2,30,324.0,59
webster_fixed,2x2,high,12,380,B1,23,128.0,60
webster_fixed,2x2,high,12,380,B2,30,187.0,64
webster_fixed,2x2,high,12,380,C1,30,164.0,72
webster_fixed,2x2,high,12,380,C2,23,193.0,60
webster_fixed,2x2,high,12,385,B1,24,175.0,60
webster_fixed,2x2,high,12,385,B2,26,159.0,68
webster_fixed,2x2,high,12,385,C1,29,196.0,71
webster_fixed,2x2,high,12,385,C2,25,144.0,61
webster_fixed,2x2,high,12,390,B1,31,281.0,63
webster_fixed,2x2,high,12,390,B2,31,231.0,70
webster_fixed,2x2,high,12,390,C1,35,292.0,73
webster_fixed,2x2,high,12,390,C2,22,175.0,63
webster_fixed,2x2,high,12,395,B1,29,238.0,65
webster_fixed,2x2,high,12,395,B2,39,379.0,74
webster_fixed,2x2,high,12,395,C1,32,236.0,73
webster_fixed,2x2,high,12,395,C2,25,140.0,61
webster_fixed,2x2,high,12,400,B1,32,215.0,67
webster_fixed,2x2,high,12,400,B2,43,391.0,74
webster_fixed,2x2,high,12,400,C1,33,189.0,74
webster_fixed,2x2,high,12,400,C2,30,193.0,61
webster_fixed,2x2,high,12,405,B1,37,237.0,69
webster_fixed,2x2,high,12,405,B2,44,399.0,72
webster_fixed,2x2,high,12,405,C1,36,224.0,77
webster_fixed,2x2,high,12,405,C2,30,249.0,62
webster_fixed,2x2,high,12,410,B1,34,225.0,70
webster_fixed,2x2,high,12,410,B2,45,470.0,72
webster_fixed,2x2,high,12,410,C1,36,221.0,78
webster_fixed,2x2,high,12,410,C2,32,313.0,65
webster_fixed,2x2,high,12,415,B1,32,194.0,73
webster_fixed,2x2,high,12,415,B2,39,476.0,71
webster_fixed,2x2,high,12,415,C1,37,183.0,78
webster_fixed,2x2,high,12,415,C2,37,375.0,67
webster_fixed,2x2,high,12,420,B1,43,276.0,74
webster_fixed,2x2,high,12,420,B2,34,421.0,71
webster_fixed,2x2,high,12,420,C1,37,191.0,77
webster_fixed,2x2,high,12,420,C2,38,479.0,68
webster_fixed,2x2,high,12,425,B1,52,451.0,77
webster_fixed,2x2,high,12,425,B2,32,340.0,67
webster_fixed,2x2,high,12,425,C1,38,266.0,78
webster_fixed,2x2,high,12,425,C2,44,649.0,71
webster_fixed,2x2,high,12,430,B1,55,607.0,76
webster_fixed,2x2,high,12,430,B2,31,300.0,68
webster_fixed,2x2,high,12,430,C1,40,262.0,77
webster_fixed,2x2,high,12,430,C2,43,643.0,71
webster_fixed,2x2,high,12,435,B1,58,813.0,77
webster_fixed,2x2,high,12,435,B2,30,191.0,68
webster_fixed,2x2,high,12,435,C1,40,324.0,78
webster_fixed,2x2,high,12,435,C2,37,669.0,70
webster_fixed,2x2,high,12,440,B1,61,1038.0,77
webster_fixed,2x2,high,12,440,B2,23,137.0,67
webster_fixed,2x2,high,12,440,C1,42,328.0,77
webster_fixed,2x2,high,12,440,C2,39,742.0,74
webster_fixed,2x2,high,12,445,B1,63,1324.0,77
webster_fixed,2x2,high,12,445,B2,27,208.0,67
webster_fixed,2x2,high,12,445,C1,44,299.0,76
webster_fixed,2x2,high,12,445,C2,44,838.0,76
webster_fixed,2x2,high,12,450,B1,64,1621.0,78
webster_fixed,2x2,high,12,450,B2,36,272.0,68
webster_fixed,2x2,high,12,450,C1,32,216.0,73
webster_fixed,2x2,high,12,450,C2,51,960.0,80
webster_fixed,2x2,high,12,455,B1,61,1706.0,78
webster_fixed,2x2,high,12,455,B2,47,428.0,70
webster_fixed,2x2,high,12,455,C1,25,152.0,72
webster_fixed,2x2,high,12,455,C2,55,1144.0,80
webster_fixed,2x2,high,12,460,B1,54,1572.0,80
webster_fixed,2x2,high,12,460,B2,56,644.0,72
webster_fixed,2x2,high,12,460,C1,28,199.0,71
webster_fixed,2x2,high,12,460,C2,63,1373.0,81
webster_fixed,2x2,high,12,465,B1,42,1242.0,81
webster_fixed,2x2,high,12,465,B2,56,799.0,74
webster_fixed,2x2,high,12,465,C1,25,138.0,70
webster_fixed,2x2,high,12,465,C2,62,1459.0,82
webster_fixed,2x2,high,12,470,B1,42,978.0,81
webster_fixed,2x2,high,12,470,B2,53,884.0,73
webster_fixed,2x2,high,12,470,C1,29,169.0,71
webster_fixed,2x2,high,12,470,C2,58,1541.0,82
webster_fixed,2x2,high,12,475,B1,42,789.0,81
webster_fixed,2x2,high,12,475,B2,55,1043.0,77
webster_fixed,2x2,high,12,475,C1,34,207.0,72
webster_fixed,2x2,high,12,475,C2,57,1704.0,81
webster_fixed,2x2,high,12,480,B1,32,446.0,79
webster_fixed,2x2,high,12,480,B2,59,1258.0,79
webster_fixed,2x2,high,12,480,C1,30,178.0,71
webster_fixed,2x2,high,12,480,C2,49,1358.0,80
webster_fixed,2x2,high,12,485,B1,32,251.0,80
webster_fixed,2x2,high,12,485,B2,63,1525.0,81
webster_fixed,2x2,high,12,485,C1,25,119.0,71
webster_fixed,2x2,high,12,485,C2,42,903.0,79
webster_fixed,2x2,high,12,490,B1,37,213.0,81
webster_fixed,2x2,high,12,490,B2,68,1826.0,83
webster_fixed,2x2,high,12,490,C1,26,144.0,70
webster_fixed,2x2,high,12,490,C2,42,635.0,80
webster_fixed,2x2,high,12,495,B1,38,237.0,81
webster_fixed,2x2,high,12,495,B2,73,2185.0,87
webster_fixed,2x2,high,12,495,C1,26,163.0,70
webster_fixed,2x2,high,12,495,C2,41,410.0,82
webster_fixed,2x2,high,12,500,B1,36,192.0,83
webster_fixed,2x2,high,12,500,B2,67,2324.0,86
webster_fixed,2x2,high,12,500,C1,25,108.0,69
webster_fixed,2x2,high,12,500,C2,42,356.0,83
webster_fixed,2x2,high,12,505,B1,38,198.0,87
webster_fixed,2x2,high,12,505,B2,65,2471.0,85
webster_fixed,2x2,high,12,505,C1,27,136.0,73
webster_fixed,2x2,high,12,505,C2,48,419.0,83
webster_fixed,2x2,high,12,510,B1,45,253.0,89
webster_fixed,2x2,high,12,510,B2,67,2721.0,84
webster_fixed,2x2,high,12,510,C1,33,209.0,75
webster_fixed,2x2,high,12,510,C2,53,607.0,84
webster_fixed,2x2,high,12,515,B1,47,223.0,87
webster_fixed,2x2,high,12,515,B2,65,2955.0,86
webster_fixed,2x2,high,12,515,C1,41,338.0,77
webster_fixed,2x2,high,12,515,C2,53,747.0,83
webster_fixed,2x2,high,12,520,B1,37,220.0,87
webster_fixed,2x2,high,12,520,B2,65,3195.0,87
webster_fixed,2x2,high,12,520,C1,50,539.0,80
webster_fixed,2x2,high,12,520,C2,51,906.0,83
webster_fixed,2x2,high,12,525,B1,37,269.0,87
webster_fixed,2x2,high,12,525,B2,69,3484.0,88
webster_fixed,2x2,high,12,525,C1,53,679.0,81
webster_fixed,2x2,high,12,525,C2,59,1140.0,83
webster_fixed,2x2,high,12,530,B1,33,263.0,86
webster_fixed,2x2,high,12,530,B2,74,3799.0,89
webster_fixed,2x2,high,12,530,C1,57,790.0,84
webster_fixed,2x2,high,12,530,C2,61,1370.0,83
webster_fixed,2x2,high,12,535,B1,33,206.0,86
webster_fixed,2x2,high,12,535,B2,73,4093.0,88
webster_fixed,2x2,high,12,535,C1,59,919.0,84
webster_fixed,2x2,high,12,535,C2,58,1574.0,83
webster_fixed,2x2,high,12,540,B1,37,254.0,87
webster_fixed,2x2,high,12,540,B2,70,4342.0,85
webster_fixed,2x2,high,12,540,C1,59,970.0,84
webster_fixed,2x2,high,12,540,C2,61,1822.0,85
webster_fixed,2x2,high,12,545,B1,40,291.0,87
webster_fixed,2x2,high,12,545,B2,64,4319.0,82
webster_fixed,2x2,high,12,545,C1,52,916.0,83
webster_fixed,2x2,high,12,545,C2,69,2115.0,87
webster_fixed,2x2,high,12,550,B1,40,260.0,87
webster_fixed,2x2,high,12,550,B2,58,3467.0,82
webster_fixed,2x2,high,12,550,C1,43,636.0,84
webster_fixed,2x2,high,12,550,C2,72,2430.0,91
webster_fixed,2x2,high,12,555,B1,37,265.0,87
webster_fixed,2x2,high,12,555,B2,52,2723.0,81
webster_fixed,2x2,high,12,555,C1,38,385.0,84
webster_fixed,2x2,high,12,555,C2,77,2784.0,92
webster_fixed,2x2,high,12,560,B1,39,376.0,88
webster_fixed,2x2,high,12,560,B2,46,1879.0,80
webster_fixed,2x2,high,12,560,C1,42,333.0,83
webster_fixed,2x2,high,12,560,C2,85,3195.0,93
webster_fixed,2x2,high,12,565,B1,51,532.0,90
webster_fixed,2x2,high,12,565,B2,34,1179.0,77
webster_fixed,2x2,high,12,565,C1,33,248.0,80
webster_fixed,2x2,high,12,565,C2,90,3631.0,93
webster_fixed,2x2,high,12,570,B1,54,685.0,90
webster_fixed,2x2,high,12,570,B2,23,340.0,76
webster_fixed,2x2,high,12,570,C1,36,246.0,79
webster_fixed,2x2,high,12,570,C2,93,4089.0,95
webster_fixed,2x2,high,12,575,B1,56,855.0,90
webster_fixed,2x2,high,12,575,B2,23,141.0,74
webster_fixed,2x2,high,12,575,C1,43,351.0,83
webster_fixed,2x2,high,12,575,C2,89,4232.0,93
webster_fixed,2x2,high,12,580,B1,56,1000.0,91
webster_fixed,2x2,high,12,580,B2,30,179.0,75
webster_fixed,2x2,high,12,580,C1,53,487.0,83
webster_fixed,2x2,high,12,580,C2,77,3779.0,91
webster_fixed,2x2,high,12,585,B1,56,1083.0,89
webster_fixed,2x2,high,12,585,B2,34,236.0,78
webster_fixed,2x2,high,12,585,C1,53,607.0,83
webster_fixed,2x2,high,12,585,C2,67,2926.0,91
webster_fixed,2x2,high,12,590,B1,58,1199.0,87
webster_fixed,2x2,high,12,590,B2,40,355.0,82
webster_fixed,2x2,high,12,590,C1,54,778.0,84
webster_fixed,2x2,high,12,590,C2,58,2139.0,90
webster_fixed,2x2,high,12,595,B1,55,1261.0,88
webster_fixed,2x2,high,12,595,B2,49,534.0,83
webster_fixed,2x2,high,12,595,C1,65,1044.0,88
webster_fixed,2x2,high,12,595,C2,50,1328.0,89
webster_fixed,2x2,high,12,600,B1,48,1014.0,85
webster_fixed,2x2,high,12,600,B2,57,726.0,84
webster_fixed,2x2,high,12,600,C1,71,1255.0,91
webster_fixed,2x2,high,12,600,C2,37,676.0,86
webster_fixed,2x2,high,12,605,B1,43,814.0,85
webster_fixed,2x2,high,12,605,B2,62,971.0,82
webster_fixed,2x2,high,12,605,C1,74,1481.0,93
webster_fixed,2x2,high,12,605,C2,33,243.0,87
webster_fixed,2x2,high,12,610,B1,44,730.0,85
webster_fixed,2x2,high,12,610,B2,64,1225.0,83
webster_fixed,2x2,high,12,610,C1,76,1722.0,92
webster_fixed,2x2,high,12,610,C2,43,248.0,88
webster_fixed,2x2,high,12,615,B1,41,556.0,86
webster_fixed,2x2,high,12,615,B2,64,1371.0,82
webster_fixed,2x2,high,12,615,C1,77,2014.0,92
webster_fixed,2x2,high,12,615,C2,47,305.0,89
webster_fixed,2x2,high,12,620,B1,36,309.0,88
webster_fixed,2x2,high,12,620,B2,62,1543.0,83
webster_fixed,2x2,high,12,620,C1,79,2290.0,92
webster_fixed,2x2,high,12,620,C2,46,352.0,89
webster_fixed,2x2,high,12,625,B1,43,287.0,89
webster_fixed,2x2,high,12,625,B2,62,1759.0,84
webster_fixed,2x2,high,12,625,C1,76,2497.0,91
webster_fixed,2x2,high,12,625,C2,48,449.0,89
webster_fixed,2x2,high,12,630,B1,54,418.0,90
webster_fixed,2x2,high,12,630,B2,63,1933.0,86
webster_fixed,2x2,high,12,630,C1,74,2679.0,90
webster_fixed,2x2,high,12,630,C2,59,637.0,89
webster_fixed,2x2,high,12,635,B1,56,554.0,91
webster_fixed,2x2,high,12,635,B2,68,2121.0,89
webster_fixed,2x2,high,12,635,C1,70,2805.0,91
webster_fixed,2x2,high,12,635,C2,66,876.0,89
webster_fixed,2x2,high,12,640,B1,58,699.0,89
webster_fixed,2x2,high,12,640,B2,72,2346.0,89
webster_fixed,2x2,high,12,640,C1,70,2890.0,91
webster_fixed,2x2,high,12,640,C2,68,1154.0,89
webster_fixed,2x2,high,12,645,B1,67,937.0,91
webster_fixed,2x2,high,12,645,B2,78,2628.0,91
webster_fixed,2x2,high,12,645,C1,65,2707.0,92
webster_fixed,2x2,high,12,645,C2,74,1505.0,91
webster_fixed,2x2,high,12,650,B1,75,1263.0,92
webster_fixed,2x2,high,12,650,B2,85,2947.0,93
webster_fixed,2x2,high,12,650,C1,57,2225.0,91
webster_fixed,2x2,high,12,650,C2,82,1899.0,94
webster_fixed,2x2,high,12,655,B1,76,1615.0,93
webster_fixed,2x2,high,12,655,B2,89,3304.0,95
webster_fixed,2x2,high,12,655,C1,56,1833.0,91
webster_fixed,2x2,high,12,655,C2,88,2326.0,95
webster_fixed,2x2,high,12,660,B1,85,2018.0,95
webster_fixed,2x2,high,12,660,B2,93,3745.0,96
webster_fixed,2x2,high,12,660,C1,47,1288.0,90
webster_fixed,2x2,high,12,660,C2,94,2784.0,97
webster_fixed,2x2,high,12,665,B1,88,2417.0,97
webster_fixed,2x2,high,12,665,B2,96,4200.0,96
webster_fixed,2x2,high,12,665,C1,44,830.0,90
webster_fixed,2x2,high,12,665,C2,97,3259.0,97
webster_fixed,2x2,high,12,670,B1,93,2853.0,99
webster_fixed,2x2,high,12,670,B2,96,4680.0,96
webster_fixed,2x2,high,12,670,C1,42,478.0,88
webster_fixed,2x2,high,12,670,C2,97,3744.0,97
webster_fixed,2x2,high,12,675,B1,96,3327.0,99
webster_fixed,2x2,high,12,675,B2,96,5160.0,97
webster_fixed,2x2,high,12,675,C1,48,355.0,88
webster_fixed,2x2,high,12,675,C2,94,4022.0,96
webster_fixed,2x2,high,12,680,B1,100,3817.0,100
webster_fixed,2x2,high,12,680,B2,97,5641.0,97
webster_fixed,2x2,high,12,680,C1,53,462.0,92
webster_fixed,2x2,high,12,680,C2,89,4152.0,95
webster_fixed,2x2,high,12,685,B1,100,4317.0,100
webster_fixed,2x2,high,12,685,B2,97,6126.0,99
webster_fixed,2x2,high,12,685,C1,63,632.0,92
webster_fixed,2x2,high,12,685,C2,88,4343.0,95
webster_fixed,2x2,high,12,690,B1,100,4817.0,100
webster_fixed,2x2,high,12,690,B2,99,6614.0,99
webster_fixed,2x2,high,12,690,C1,68,848.0,94
webster_fixed,2x2,high,12,690,C2,87,4532.0,95
webster_fixed,2x2,high,12,695,B1,92,4726.0,98
webster_fixed,2x2,high,12,695,B2,99,7109.0,99
webster_fixed,2x2,high,12,695,C1,80,1191.0,97
webster_fixed,2x2,high,12,695,C2,87,4722.0,95
webster_fixed,2x2,high,12,700,B1,86,4483.0,98
webster_fixed,2x2,high,12,700,B2,99,7604.0,99
webster_fixed,2x2,high,12,700,C1,91,1627.0,98
webster_fixed,2x2,high,12,700,C2,86,4950.0,95
webster_fixed,2x2,high,12,705,B1,85,4316.0,98
webster_fixed,2x2,high,12,705,B2,99,8099.0,99
webster_fixed,2x2,high,12,705,C1,95,2093.0,98
webster_fixed,2x2,high,12,705,C2,90,5390.0,96
webster_fixed,2x2,high,12,710,B1,82,4205.0,98
webster_fixed,2x2,high,12,710,B2,99,8594.0,99
webster_fixed,2x2,high,12,710,C1,97,2575.0,98
webster_fixed,2x2,high,12,710,C2,93,5849.0,96
webster_fixed,2x2,high,12,715,B1,79,4069.0,97
webster_fixed,2x2,high,12,715,B2,99,9089.0,99
webster_fixed,2x2,high,12,715,C1,98,3065.0,98
webster_fixed,2x2,high,12,715,C2,96,6321.0,97
webster_fixed,2x2,high,12,720,B1,73,3846.0,97
webster_fixed,2x2,high,12,720,B2,99,9584.0,99
webster_fixed,2x2,high,12,720,C1,98,3555.0,98
webster_fixed,2x2,high,12,720,C2,97,6803.0,97
webster_fixed,2x2,high,12,725,B1,79,4118.0,97
webster_fixed,2x2,high,12,725,B2,99,10079.0,99
webster_fixed,2x2,high,12,725,C1,98,4045.0,98
webster_fixed,2x2,high,12,725,C2,97,7288.0,97
webster_fixed,2x2,high,12,730,B1,83,4419.0,97
webster_fixed,2x2,high,12,730,B2,99,10574.0,99
webster_fixed,2x2,high,12,730,C1,98,4535.0,98
webster_fixed,2x2,high,12,730,C2,97,7773.0,97
webster_fixed,2x2,high,12,735,B1,88,4773.0,97
webster_fixed,2x2,high,12,735,B2,99,11069.0,99
webster_fixed,2x2,high,12,735,C1,98,5025.0,98
webster_fixed,2x2,high,12,735,C2,97,8258.0,97
webster_fixed,2x2,high,12,740,B1,87,5118.0,97
webster_fixed,2x2,high,12,740,B2,99,11564.0,99
webster_fixed,2x2,high,12,740,C1,98,5515.0,98
webster_fixed,2x2,high,12,740,C2,97,8743.0,97
webster_fixed,2x2,high,12,745,B1,90,5514.0,98
webster_fixed,2x2,high,12,745,B2,95,11496.0,97
webster_fixed,2x2,high,12,745,C1,98,6005.0,98
webster_fixed,2x2,high,12,745,C2,97,9228.0,97
webster_fixed,2x2,high,12,750,B1,96,5987.0,100
webster_fixed,2x2,high,12,750,B2,86,10570.0,97
webster_fixed,2x2,high,12,750,C1,98,6495.0,98
webster_fixed,2x2,high,12,750,C2,97,9713.0,97
webster_fixed,2x2,high,12,755,B1,99,6477.0,100
webster_fixed,2x2,high,12,755,B2,82,9853.0,97
webster_fixed,2x2,high,12,755,C1,98,6985.0,98
webster_fixed,2x2,high,12,755,C2,97,10198.0,97
webster_fixed,2x2,high,12,760,B1,100,6977.0,100
webster_fixed,2x2,high,12,760,B2,79,8802.0,95
webster_fixed,2x2,high,12,760,C1,98,7475.0,98
webster_fixed,2x2,high,12,760,C2,97,10683.0,97
webster_fixed,2x2,high,12,765,B1,100,7477.0,100
webster_fixed,2x2,high,12,765,B2,70,6323.0,94
webster_fixed,2x2,high,12,765,C1,98,7965.0,98
webster_fixed,2x2,high,12,765,C2,97,11168.0,97
webster_fixed,2x2,high,12,770,B1,100,7977.0,100
webster_fixed,2x2,high,12,770,B2,60,4133.0,94
webster_fixed,2x2,high,12,770,C1,98,8455.0,98
webster_fixed,2x2,high,12,770,C2,97,11653.0,97
webster_fixed,2x2,high,12,775,B1,100,8477.0,100
webster_fixed,2x2,high,12,775,B2,61,2898.0,94
webster_fixed,2x2,high,12,775,C1,98,8945.0,98
webster_fixed,2x2,high,12,775,C2,92,11001.0,97
webster_fixed,2x2,high,12,780,B1,100,8977.0,100
webster_fixed,2x2,high,12,780,B2,70,1997.0,95
webster_fixed,2x2,high,12,780,C1,98,9435.0,98
webster_fixed,2x2,high,12,780,C2,82,9554.0,94
webster_fixed,2x2,high,12,785,B1,100,9477.0,100
webster_fixed,2x2,high,12,785,B2,72,1434.0,96
webster_fixed,2x2,high,12,785,C1,98,9925.0,98
webster_fixed,2x2,high,12,785,C2,72,7916.0,91
webster_fixed,2x2,high,12,790,B1,100,9977.0,100
webster_fixed,2x2,high,12,790,B2,79,1401.0,97
webster_fixed,2x2,high,12,790,C1,98,10415.0,98
webster_fixed,2x2,high,12,790,C2,63,6264.0,89
webster_fixed,2x2,high,12,795,B1,100,10477.0,100
webster_fixed,2x2,high,12,795,B2,86,1815.0,98
webster_fixed,2x2,high,12,795,C1,98,10905.0,98
webster_fixed,2x2,high,12,795,C2,55,4896.0,86
webster_fixed,2x2,high,12,800,B1,100,10977.0,100
webster_fixed,2x2,high,12,800,B2,92,2265.0,98
webster_fixed,2x2,high,12,800,C1,98,11395.0,98
webster_fixed,2x2,high,12,800,C2,49,3493.0,85
webster_fixed,2x2,high,12,805,B1,100,11477.0,100
webster_fixed,2x2,high,12,805,B2,98,2748.0,98
webster_fixed,2x2,high,12,805,C1,90,10816.0,96
webster_fixed,2x2,high,12,805,C2,49,2830.0,87
webster_fixed,2x2,high,12,810,B1,100,11977.0,100
webster_fixed,2x2,high,12,810,B2,98,3238.0,98
webster_fixed,2x2,high,12,810,C1,80,9953.0,93
webster_fixed,2x2,high,12,810,C2,60,3110.0,89
webster_fixed,2x2,high,12,815,B1,100,12477.0,100
webster_fixed,2x2,high,12,815,B2,98,3728.0,98
webster_fixed,2x2,high,12,815,C1,75,9325.0,92
webster_fixed,2x2,high,12,815,C2,70,3438.0,90
webster_fixed,2x2,high,12,820,B1,100,12977.0,100
webster_fixed,2x2,high,12,820,B2,98,4218.0,98
webster_fixed,2x2,high,12,820,C1,67,8057.0,90
webster_fixed,2x2,high,12,820,C2,76,3755.0,94
webster_fixed,2x2,high,12,825,B1,100,13477.0,100
webster_fixed,2x2,high,12,825,B2,98,4708.0,98
webster_fixed,2x2,high,12,825,C1,58,6364.0,89
webster_fixed,2x2,high,12,825,C2,83,4114.0,96
webster_fixed,2x2,high,12,830,B1,98,13751.0,99
webster_fixed,2x2,high,12,830,B2,98,5198.0,98
webster_fixed,2x2,high,12,830,C1,56,5571.0,88
webster_fixed,2x2,high,12,830,C2,85,4501.0,97
webster_fixed,2x2,high,12,835,B1,91,12554.0,98
webster_fixed,2x2,high,12,835,B2,98,5688.0,98
webster_fixed,2x2,high,12,835,C1,59,5096.0,89
webster_fixed,2x2,high,12,835,C2,86,4888.0,97
webster_fixed,2x2,high,12,840,B1,80,10506.0,97
webster_fixed,2x2,high,12,840,B2,98,6178.0,98
webster_fixed,2x2,high,12,840,C1,59,4610.0,90
webster_fixed,2x2,high,12,840,C2,88,5300.0,97
webster_fixed,2x2,high,12,845,B1,76,8938.0,97
webster_fixed,2x2,high,12,845,B2,98,6668.0,98
webster_fixed,2x2,high,12,845,C1,64,4438.0,91
webster_fixed,2x2,high,12,845,C2,88,5725.0,98
webster_fixed,2x2,high,12,850,B1,70,7119.0,97
webster_fixed,2x2,high,12,850,B2,98,7158.0,98
webster_fixed,2x2,high,12,850,C1,72,4755.0,93
webster_fixed,2x2,high,12,850,C2,93,6179.0,98
webster_fixed,2x2,high,12,855,B1,61,5427.0,95
webster_fixed,2x2,high,12,855,B2,98,7648.0,98
webster_fixed,2x2,high,12,855,C1,70,4993.0,93
webster_fixed,2x2,high,12,855,C2,96,6651.0,98
webster_fixed,2x2,high,12,860,B1,61,3854.0,95
webster_fixed,2x2,high,12,860,B2,98,8138.0,98
webster_fixed,2x2,high,12,860,C1,68,5262.0,93
webster_fixed,2x2,high,12,860,C2,98,7136.0,99
webster_fixed,2x2,high,12,865,B1,60,2821.0,94
webster_fixed,2x2,high,12,865,B2,98,8628.0,98
webster_fixed,2x2,high,12,865,C1,74,5560.0,95
webster_fixed,2x2,high,12,865,C2,99,7630.0,99
webster_fixed,2x2,high,12,870,B1,59,2270.0,92
webster_fixed,2x2,high,12,870,B2,98,9118.0,98
webster_fixed,2x2,high,12,870,C1,80,5907.0,95
webster_fixed,2x2,high,12,870,C2,99,8125.0,99
webster_fixed,2x2,high,12,875,B1,57,1801.0,92
webster_fixed,2x2,high,12,875,B2,98,9608.0,98
webster_fixed,2x2,high,12,875,C1,83,6277.0,96
webster_fixed,2x2,high,12,875,C2,99,8620.0,99
webster_fixed,2x2,high,12,880,B1,61,1379.0,93
webster_fixed,2x2,high,12,880,B2,95,9706.0,97
webster_fixed,2x2,high,12,880,C1,86,6670.0,96
webster_fixed,2x2,high,12,880,C2,99,9115.0,99
webster_fixed,2x2,high,12,885,B1,62,1003.0,94
webster_fixed,2x2,high,12,885,B2,92,9547.0,97
webster_fixed,2x2,high,12,885,C1,90,7112.0,98
webster_fixed,2x2,high,12,885,C2,99,9610.0,99
webster_fixed,2x2,high,12,890,B1,66,814.0,94
webster_fixed,2x2,high,12,890,B2,90,9386.0,97
webster_fixed,2x2,high,12,890,C1,94,7574.0,98
webster_fixed,2x2,high,12,890,C2,99,10105.0,99
webster_fixed,2x2,high,12,895,B1,72,1078.0,95
webster_fixed,2x2,high,12,895,B2,89,9349.0,97
webster_fixed,2x2,high,12,895,C1,97,7823.0,98
webster_fixed,2x2,high,12,895,C2,99,10600.0,99
webster_fixed,2x2,high,12,900,B1,82,1464.0,97
webster_fixed,2x2,high,12,900,B2,88,9307.0,97
webster_fixed,2x2,high,12,900,C1,93,7149.0,98
webster_fixed,2x2,high,12,900,C2,99,11095.0,99
webster_fixed,2x2,high,12,905,B1,92,1909.0,98
webster_fixed,2x2,high,12,905,B2,88,9265.0,97
webster_fixed,2x2,high,12,905,C1,93,6704.0,98
webster_fixed,2x2,high,12,905,C2,99,11590.0,99
webster_fixed,2x2,high,12,910,B1,98,2390.0,98
webster_fixed,2x2,high,12,910,B2,91,9710.0,97
webster_fixed,2x2,high,12,910,C1,91,6036.0,98
webster_fixed,2x2,high,12,910,C2,99,12085.0,99
webster_fixed,2x2,high,12,915,B1,98,2880.0,98
webster_fixed,2x2,high,12,915,B2,95,10175.0,97
webster_fixed,2x2,high,12,915,C1,90,5592.0,98
webster_fixed,2x2,high,12,915,C2,99,12580.0,99
webster_fixed,2x2,high,12,920,B1,98,3370.0,98
webster_fixed,2x2,high,12,920,B2,97,10658.0,97
webster_fixed,2x2,high,12,920,C1,91,5149.0,98
webster_fixed,2x2,high,12,920,C2,99,13075.0,99
webster_fixed,2x2,high,12,925,B1,98,3860.0,98
webster_fixed,2x2,high,12,925,B2,97,11143.0,97
webster_fixed,2x2,high,12,925,C1,92,5379.0,99
webster_fixed,2x2,high,12,925,C2,99,13570.0,99
webster_fixed,2x2,high,12,930,B1,98,4350.0,98
webster_fixed,2x2,high,12,930,B2,97,11628.0,97
webster_fixed,2x2,high,12,930,C1,95,5848.0,99
webster_fixed,2x2,high,12,930,C2,99,14065.0,99
webster_fixed,2x2,high,12,935,B1,98,4840.0,98
webster_fixed,2x2,high,12,935,B2,97,12113.0,97
webster_fixed,2x2,high,12,935,C1,99,6334.0,99
webster_fixed,2x2,high,12,935,C2,99,14560.0,99
webster_fixed,2x2,high,12,940,B1,98,5330.0,98
webster_fixed,2x2,high,12,940,B2,97,12598.0,97
webster_fixed,2x2,high,12,940,C1,99,6829.0,99
webster_fixed,2x2,high,12,940,C2,99,15055.0,99
webster_fixed,2x2,high,12,945,B1,98,5820.0,98
webster_fixed,2x2,high,12,945,B2,97,13083.0,97
webster_fixed,2x2,high,12,945,C1,99,7324.0,99
webster_fixed,2x2,high,12,945,C2,99,15550.0,99
webster_fixed,2x2,high,12,950,B1,98,6310.0,98
webster_fixed,2x2,high,12,950,B2,97,13568.0,97
webster_fixed,2x2,high,12,950,C1,99,7819.0,99
webster_fixed,2x2,high,12,950,C2,99,16045.0,99
webster_fixed,2x2,high,12,955,B1,98,6800.0,98
webster_fixed,2x2,high,12,955,B2,97,14053.0,97
webster_fixed,2x2,high,12,955,C1,99,8314.0,99
webster_fixed,2x2,high,12,955,C2,99,16540.0,99
webster_fixed,2x2,high,12,960,B1,98,7290.0,98
webster_fixed,2x2,high,12,960,B2,97,14538.0,97
webster_fixed,2x2,high,12,960,C1,99,8809.0,99
webster_fixed,2x2,high,12,960,C2,99,17035.0,99
webster_fixed,2x2,high,12,965,B1,98,7780.0,98
webster_fixed,2x2,high,12,965,B2,97,15023.0,97
webster_fixed,2x2,high,12,965,C1,99,9304.0,99
webster_fixed,2x2,high,12,965,C2,99,17530.0,99
webster_fixed,2x2,high,12,970,B1,98,8270.0,98
webster_fixed,2x2,high,12,970,B2,97,15508.0,97
webster_fixed,2x2,high,12,970,C1,99,9799.0,99
webster_fixed,2x2,high,12,970,C2,99,18025.0,99
webster_fixed,2x2,high,12,975,B1,98,8760.0,98
webster_fixed,2x2,high,12,975,B2,97,15993.0,97
webster_fixed,2x2,high,12,975,C1,99,10294.0,99
webster_fixed,2x2,high,12,975,C2,99,18520.0,99
webster_fixed,2x2,high,12,980,B1,98,9250.0,98
webster_fixed,2x2,high,12,980,B2,97,16478.0,97
webster_fixed,2x2,high,12,980,C1,99,10789.0,99
webster_fixed,2x2,high,12,980,C2,99,19015.0,99
webster_fixed,2x2,high,12,985,B1,98,9740.0,98
webster_fixed,2x2,high,12,985,B2,97,16963.0,97
webster_fixed,2x2,high,12,985,C1,99,11284.0,99
webster_fixed,2x2,high,12,985,C2,94,18001.0,98
webster_fixed,2x2,high,12,990,B1,98,10230.0,98
webster_fixed,2x2,high,12,990,B2,97,17448.0,97
webster_fixed,2x2,high,12,990,C1,99,11779.0,99
webster_fixed,2x2,high,12,990,C2,92,16984.0,98
webster_fixed,2x2,high,12,995,B1,98,10720.0,98
webster_fixed,2x2,high,12,995,B2,97,17933.0,97
webster_fixed,2x2,high,12,995,C1,99,12274.0,99
webster_fixed,2x2,high,12,995,C2,90,16263.0,98
webster_fixed,2x2,high,12,1000,B1,98,11210.0,98
webster_fixed,2x2,high,12,1000,B2,97,18418.0,97
webster_fixed,2x2,high,12,1000,C1,99,12769.0,99
webster_fixed,2x2,high,12,1000,C2,90,15538.0,98
webster_fixed,2x2,high,12,1005,B1,98,11700.0,98
webster_fixed,2x2,high,12,1005,B2,97,18903.0,97
webster_fixed,2x2,high,12,1005,C1,99,13264.0,99
webster_fixed,2x2,high,12,1005,C2,86,14486.0,97
webster_fixed,2x2,high,12,1010,B1,98,12190.0,98
webster_fixed,2x2,high,12,1010,B2,94,18620.0,96
webster_fixed,2x2,high,12,1010,C1,99,13759.0,99
webster_fixed,2x2,high,12,1010,C2,83,14546.0,96
webster_fixed,2x2,high,12,1015,B1,98,12680.0,98
webster_fixed,2x2,high,12,1015,B2,91,17818.0,96
webster_fixed,2x2,high,12,1015,C1,99,14254.0,99
webster_fixed,2x2,high,12,1015,C2,83,14918.0,97
webster_fixed,2x2,high,12,1020,B1,98,13170.0,98
webster_fixed,2x2,high,12,1020,B2,90,17262.0,96
webster_fixed,2x2,high,12,1020,C1,99,14749.0,99
webster_fixed,2x2,high,12,1020,C2,86,15304.0,97
webster_fixed,2x2,high,12,1025,B1,98,13660.0,98
webster_fixed,2x2,high,12,1025,B2,88,16706.0,96
webster_fixed,2x2,high,12,1025,C1,99,15244.0,99
webster_fixed,2x2,high,12,1025,C2,88,15700.0,97
webster_fixed,2x2,high,12,1030,B1,98,14150.0,98
webster_fixed,2x2,high,12,1030,B2,88,16153.0,96
webster_fixed,2x2,high,12,1030,C1,99,15739.0,99
webster_fixed,2x2,high,12,1030,C2,87,16097.0,97
webster_fixed,2x2,high,12,1035,B1,98,14640.0,98
webster_fixed,2x2,high,12,1035,B2,83,14553.0,95
webster_fixed,2x2,high,12,1035,C1,99,16234.0,99
webster_fixed,2x2,high,12,1035,C2,89,16517.0,97
webster_fixed,2x2,high,12,1040,B1,98,15130.0,98
webster_fixed,2x2,high,12,1040,B2,84,13665.0,95
webster_fixed,2x2,high,12,1040,C1,99,16729.0,99
webster_fixed,2x2,high,12,1040,C2,92,16969.0,99
webster_fixed,2x2,high,12,1045,B1,98,15620.0,98
webster_fixed,2x2,high,12,1045,B2,85,12798.0,95
webster_fixed,2x2,high,12,1045,C1,99,17224.0,99
webster_fixed,2x2,high,12,1045,C2,95,17438.0,99
webster_fixed,2x2,high,12,1050,B1,98,16110.0,98
webster_fixed,2x2,high,12,1050,B2,87,12202.0,95
webster_fixed,2x2,high,12,1050,C1,99,17719.0,99
webster_fixed,2x2,high,12,1050,C2,99,17927.0,99
webster_fixed,2x2,high,12,1055,B1,98,16600.0,98
webster_fixed,2x2,high,12,1055,B2,86,11611.0,95
webster_fixed,2x2,high,12,1055,C1,99,18214.0,99
webster_fixed,2x2,high,12,1055,C2,99,18422.0,99
webster_fixed,2x2,high,12,1060,B1,97,16896.0,97
webster_fixed,2x2,high,12,1060,B2,84,11193.0,96
webster_fixed,2x2,high,12,1060,C1,99,18709.0,99
webster_fixed,2x2,high,12,1060,C2,99,18917.0,99
webster_fixed,2x2,high,12,1065,B1,93,16416.0,97
webster_fixed,2x2,high,12,1065,B2,87,11554.0,96
webster_fixed,2x2,high,12,1065,C1,99,19204.0,99
webster_fixed,2x2,high,12,1065,C2,99,19412.0,99
webster_fixed,2x2,high,12,1070,B1,91,16121.0,97
webster_fixed,2x2,high,12,1070,B2,89,11347.0,96
webster_fixed,2x2,high,12,1070,C1,99,19699.0,99
webster_fixed,2x2,high,12,1070,C2,99,19907.0,99
webster_fixed,2x2,high,12,1075,B1,90,15638.0,97
webster_fixed,2x2,high,12,1075,B2,88,10243.0,96
webster_fixed,2x2,high,12,1075,C1,99,20194.0,99
webster_fixed,2x2,high,12,1075,C2,99,20402.0,99
webster_fixed,2x2,high,12,1080,B1,90,15342.0,97
webster_fixed,2x2,high,12,1080,B2,83,8208.0,94
webster_fixed,2x2,high,12,1080,C1,99,20689.0,99
webster_fixed,2x2,high,12,1080,C2,99,20897.0,99
webster_fixed,2x2,high,12,1085,B1,87,14859.0,97
webster_fixed,2x2,high,12,1085,B2,79,6622.0,95
webster_fixed,2x2,high,12,1085,C1,99,21184.0,99
webster_fixed,2x2,high,12,1085,C2,96,20489.0,98
webster_fixed,2x2,high,12,1090,B1,90,15117.0,97
webster_fixed,2x2,high,12,1090,B2,78,4839.0,95
webster_fixed,2x2,high,12,1090,C1,99,21679.0,99
webster_fixed,2x2,high,12,1090,C2,89,18576.0,97
webster_fixed,2x2,high,12,1095,B1,92,15571.0,97
webster_fixed,2x2,high,12,1095,B2,76,3137.0,95
webster_fixed,2x2,high,12,1095,C1,99,22174.0,99
webster_fixed,2x2,high,12,1095,C2,87,16363.0,97
webster_fixed,2x2,high,12,1100,B1,97,16048.0,97
webster_fixed,2x2,high,12,1100,B2,78,2792.0,96
webster_fixed,2x2,high,12,1100,C1,99,22669.0,99
webster_fixed,2x2,high,12,1100,C2,81,13861.0,97
webster_fixed,2x2,high,12,1105,B1,97,16533.0,97
webster_fixed,2x2,high,12,1105,B2,83,3001.0,97
webster_fixed,2x2,high,12,1105,C1,99,23164.0,99
webster_fixed,2x2,high,12,1105,C2,81,12228.0,97
webster_fixed,2x2,high,12,1110,B1,97,17018.0,97
webster_fixed,2x2,high,12,1110,B2,92,3443.0,98
webster_fixed,2x2,high,12,1110,C1,99,23659.0,99
webster_fixed,2x2,high,12,1110,C2,73,9916.0,96
webster_fixed,2x2,high,12,1115,B1,97,17503.0,98
webster_fixed,2x2,high,12,1115,B2,95,3910.0,98
webster_fixed,2x2,high,12,1115,C1,95,22947.0,98
webster_fixed,2x2,high,12,1115,C2,76,9073.0,96
webster_fixed,2x2,high,12,1120,B1,98,17992.0,98
webster_fixed,2x2,high,12,1120,B2,98,4394.0,98
webster_fixed,2x2,high,12,1120,C1,93,22226.0,98
webster_fixed,2x2,high,12,1120,C2,81,9422.0,97
webster_fixed,2x2,high,12,1125,B1,95,17685.0,97
webster_fixed,2x2,high,12,1125,B2,98,4884.0,98
webster_fixed,2x2,high,12,1125,C1,91,21209.0,99
webster_fixed,2x2,high,12,1125,C2,81,8594.0,95
webster_fixed,2x2,high,12,1130,B1,90,16835.0,96
webster_fixed,2x2,high,12,1130,B2,98,5374.0,98
webster_fixed,2x2,high,12,1130,C1,92,20490.0,99
webster_fixed,2x2,high,12,1130,C2,80,7480.0,95
webster_fixed,2x2,high,12,1135,B1,88,15986.0,96
webster_fixed,2x2,high,12,1135,B2,98,5864.0,98
webster_fixed,2x2,high,12,1135,C1,90,19480.0,99
webster_fixed,2x2,high,12,1135,C2,80,6689.0,96
webster_fixed,2x2,high,12,1140,B1,87,15399.0,96
webster_fixed,2x2,high,12,1140,B2,98,6354.0,98
webster_fixed,2x2,high,12,1140,C1,91,19057.0,99
webster_fixed,2x2,high,12,1140,C2,83,5931.0,97
webster_fixed,2x2,high,12,1145,B1,85,14802.0,96
webster_fixed,2x2,high,12,1145,B2,98,6844.0,98
webster_fixed,2x2,high,12,1145,C1,90,18314.0,98
webster_fixed,2x2,high,12,1145,C2,85,4900.0,97
webster_fixed,2x2,high,12,1150,B1,86,14461.0,97
webster_fixed,2x2,high,12,1150,B2,97,7197.0,97
webster_fixed,2x2,high,12,1150,C1,89,17279.0,97
webster_fixed,2x2,high,12,1150,C2,88,4469.0,97
webster_fixed,2x2,high,12,1155,B1,89,14901.0,98
webster_fixed,2x2,high,12,1155,B2,93,6996.0,97
webster_fixed,2x2,high,12,1155,C1,87,16546.0,97
webster_fixed,2x2,high,12,1155,C2,91,4918.0,98
webster_fixed,2x2,high,12,1160,B1,94,15359.0,99
webster_fixed,2x2,high,12,1160,B2,82,5888.0,94
webster_fixed,2x2,high,12,1160,C1,86,15810.0,97
webster_fixed,2x2,high,12,1160,C2,94,5382.0,98
webster_fixed,2x2,high,12,1165,B1,96,15831.0,99
webster_fixed,2x2,high,12,1165,B2,76,5129.0,94
webster_fixed,2x2,high,12,1165,C1,81,13579.0,96
webster_fixed,2x2,high,12,1165,C2,98,5862.0,98
webster_fixed,2x2,high,12,1170,B1,97,16246.0,98
webster_fixed,2x2,high,12,1170,B2,67,4142.0,94
webster_fixed,2x2,high,12,1170,C1,78,11628.0,96
webster_fixed,2x2,high,12,1170,C2,98,6352.0,98
webster_fixed,2x2,high,12,1175,B1,90,15340.0,97
webster_fixed,2x2,high,12,1175,B2,69,3376.0,94
webster_fixed,2x2,high,12,1175,C1,81,10852.0,97
webster_fixed,2x2,high,12,1175,C2,98,6842.0,98
webster_fixed,2x2,high,12,1180,B1,79,12622.0,96
webster_fixed,2x2,high,12,1180,B2,65,2820.0,95
webster_fixed,2x2,high,12,1180,C1,81,9791.0,97
webster_fixed,2x2,high,12,1180,C2,98,7332.0,98
webster_fixed,2x2,high,12,1185,B1,77,10533.0,96
webster_fixed,2x2,high,12,1185,B2,65,2053.0,95
webster_fixed,2x2,high,12,1185,C1,85,9038.0,97
webster_fixed,2x2,high,12,1185,C2,98,7822.0,98
webster_fixed,2x2,high,12,1190,B1,72,7852.0,96
webster_fixed,2x2,high,12,1190,B2,72,1928.0,96
webster_fixed,2x2,high,12,1190,C1,88,8593.0,98
webster_fixed,2x2,high,12,1190,C2,98,8312.0,98
webster_fixed,2x2,high,12,1195,B1,67,5357.0,96
webster_fixed,2x2,high,12,1195,B2,81,1954.0,96
webster_fixed,2x2,high,12,1195,C1,94,9050.0,99
webster_fixed,2x2,high,12,1195,C2,98,8802.0,98
webster_fixed,2x2,high,12,1200,B1,70,3314.0,97
webster_fixed,2x2,high,12,1200,B2,83,1929.0,97
webster_fixed,2x2,high,12,1200,C1,96,9525.0,99
webster_fixed,2x2,high,12,1200,C2,98,9292.0,98
webster_fixed,2x2,high,12,1205,B1,80,3567.0,98
webster_fixed,2x2,high,12,1205,B2,83,1912.0,97
webster_fixed,2x2,high,12,1205,C1,94,8502.0,98
webster_fixed,2x2,high,12,1205,C2,94,9403.0,96
webster_fixed,2x2,high,12,1210,B1,91,3944.0,98
webster_fixed,2x2,high,12,1210,B2,84,2045.0,98
webster_fixed,2x2,high,12,1210,C1,92,7483.0,98
webster_fixed,2x2,high,12,1210,C2,85,8656.0,96
webster_fixed,2x2,high,12,1215,B1,96,4357.0,98
webster_fixed,2x2,high,12,1215,B2,86,2340.0,98
webster_fixed,2x2,high,12,1215,C1,91,6758.0,98
webster_fixed,2x2,high,12,1215,C2,81,8004.0,96
webster_fixed,2x2,high,12,1220,B1,97,4788.0,98
webster_fixed,2x2,high,12,1220,B2,90,2673.0,98
webster_fixed,2x2,high,12,1220,C1,89,5741.0,98
webster_fixed,2x2,high,12,1220,C2,81,7340.0,96
webster_fixed,2x2,high,12,1225,B1,97,5255.0,98
webster_fixed,2x2,high,12,1225,B2,91,3041.0,98
webster_fixed,2x2,high,12,1225,C1,89,5020.0,98
webster_fixed,2x2,high,12,1225,C2,81,6681.0,96
webster_fixed,2x2,high,12,1230,B1,98,5745.0,98
webster_fixed,2x2,high,12,1230,B2,91,3415.0,98
webster_fixed,2x2,high,12,1230,C1,90,5077.0,98
webster_fixed,2x2,high,12,1230,C2,77,6179.0,96
webster_fixed,2x2,high,12,1235,B1,98,6235.0,98
webster_fixed,2x2,high,12,1235,B2,94,3879.0,98
webster_fixed,2x2,high,12,1235,C1,94,5539.0,98
webster_fixed,2x2,high,12,1235,C2,80,5815.0,97
webster_fixed,2x2,high,12,1240,B1,98,6725.0,98
webster_fixed,2x2,high,12,1240,B2,97,4361.0,98
webster_fixed,2x2,high,12,1240,C1,97,6020.0,98
webster_fixed,2x2,high,12,1240,C2,89,5892.0,98
webster_fixed,2x2,high,12,1245,B1,91,6703.0,96
webster_fixed,2x2,high,12,1245,B2,98,4851.0,98
webster_fixed,2x2,high,12,1245,C1,98,6510.0,98
webster_fixed,2x2,high,12,1245,C2,85,5332.0,97
webster_fixed,2x2,high,12,1250,B1,83,6539.0,96
webster_fixed,2x2,high,12,1250,B2,98,5341.0,98
webster_fixed,2x2,high,12,1250,C1,98,7000.0,98
webster_fixed,2x2,high,12,1250,C2,84,4569.0,97
webster_fixed,2x2,high,12,1255,B1,79,6423.0,96
webster_fixed,2x2,high,12,1255,B2,98,5831.0,98
webster_fixed,2x2,high,12,1255,C1,98,7490.0,98
webster_fixed,2x2,high,12,1255,C2,82,4032.0,97
webster_fixed,2x2,high,12,1260,B1,80,6420.0,96
webster_fixed,2x2,high,12,1260,B2,98,6321.0,98
webster_fixed,2x2,high,12,1260,C1,98,7980.0,98
webster_fixed,2x2,high,12,1260,C2,83,3328.0,97
webster_fixed,2x2,high,12,1265,B1,78,6305.0,96
webster_fixed,2x2,high,12,1265,B2,98,6811.0,98
webster_fixed,2x2,high,12,1265,C1,94,8190.0,97
webster_fixed,2x2,high,12,1265,C2,87,3096.0,97
webster_fixed,2x2,high,12,1270,B1,78,6360.0,96
webster_fixed,2x2,high,12,1270,B2,98,7301.0,98
webster_fixed,2x2,high,12,1270,C1,88,8096.0,96
webster_fixed,2x2,high,12,1270,C2,90,2878.0,98
webster_fixed,2x2,high,12,1275,B1,86,6768.0,97
webster_fixed,2x2,high,12,1275,B2,98,7791.0,98
webster_fixed,2x2,high,12,1275,C1,84,7846.0,96
webster_fixed,2x2,high,12,1275,C2,93,3337.0,98
webster_fixed,2x2,high,12,1280,B1,94,7219.0,97
webster_fixed,2x2,high,12,1280,B2,98,8281.0,98
webster_fixed,2x2,high,12,1280,C1,82,7690.0,96
webster_fixed,2x2,high,12,1280,C2,97,3815.0,98
webster_fixed,2x2,high,12,1285,B1,98,7698.0,98
webster_fixed,2x2,high,12,1285,B2,98,8771.0,98
webster_fixed,2x2,high,12,1285,C1,81,7394.0,96
webster_fixed,2x2,high,12,1285,C2,98,4305.0,98
webster_fixed,2x2,high,12,1290,B1,98,8188.0,98
webster_fixed,2x2,high,12,1290,B2,98,9261.0,98
webster_fixed,2x2,high,12,1290,C1,82,7379.0,97
webster_fixed,2x2,high,12,1290,C2,98,4795.0,98
webster_fixed,2x2,high,12,1295,B1,98,8678.0,98
webster_fixed,2x2,high,12,1295,B2,98,9751.0,98
webster_fixed,2x2,high,12,1295,C1,84,7429.0,97
webster_fixed,2x2,high,12,1295,C2,98,5285.0,98
webster_fixed,2x2,high,12,1300,B1,98,9168.0,98
webster_fixed,2x2,high,12,1300,B2,98,10241.0,98
webster_fixed,2x2,high,12,1300,C1,90,7866.0,98
webster_fixed,2x2,high,12,1300,C2,98,5775.0,98
webster_fixed,2x2,high,12,1305,B1,98,9658.0,98
webster_fixed,2x2,high,12,1305,B2,98,10731.0,98
webster_fixed,2x2,high,12,1305,C1,95,8331.0,98
webster_fixed,2x2,high,12,1305,C2,98,6265.0,98
webster_fixed,2x2,high,12,1310,B1,98,10148.0,98
webster_fixed,2x2,high,12,1310,B2,98,11221.0,98
webster_fixed,2x2,high,12,1310,C1,98,8813.0,98
webster_fixed,2x2,high,12,1310,C2,98,6755.0,98
webster_fixed,2x2,high,12,1315,B1,98,10638.0,98
webster_fixed,2x2,high,12,1315,B2,98,11711.0,98
webster_fixed,2x2,high,12,1315,C1,98,9303.0,98
webster_fixed,2x2,high,12,1315,C2,98,7245.0,98
webster_fixed,2x2,high,12,1320,B1,98,11128.0,98
webster_fixed,2x2,high,12,1320,B2,98,12201.0,98
webster_fixed,2x2,high,12,1320,C1,98,9793.0,98
webster_fixed,2x2,high,12,1320,C2,98,7735.0,98
webster_fixed,2x2,high,12,1325,B1,98,11618.0,98
webster_fixed,2x2,high,12,1325,B2,98,12691.0,98
webster_fixed,2x2,high,12,1325,C1,98,10283.0,98
webster_fixed,2x2,high,12,1325,C2,98,8225.0,98
webster_fixed,2x2,high,12,1330,B1,98,12108.0,98
webster_fixed,2x2,high,12,1330,B2,98,13181.0,98
webster_fixed,2x2,high,12,1330,C1,98,10773.0,98
webster_fixed,2x2,high,12,1330,C2,98,8715.0,98
webster_fixed,2x2,high,12,1335,B1,98,12598.0,98
webster_fixed,2x2,high,12,1335,B2,98,13671.0,98
webster_fixed,2x2,high,12,1335,C1,98,11263.0,98
webster_fixed,2x2,high,12,1335,C2,98,9205.0,98
webster_fixed,2x2,high,12,1340,B1,98,13088.0,98
webster_fixed,2x2,high,12,1340,B2,98,14161.0,98
webster_fixed,2x2,high,12,1340,C1,98,11753.0,98
webster_fixed,2x2,high,12,1340,C2,98,9695.0,98
webster_fixed,2x2,high,12,1345,B1,98,13578.0,98
webster_fixed,2x2,high,12,1345,B2,98,14651.0,98
webster_fixed,2x2,high,12,1345,C1,98,12243.0,98
webster_fixed,2x2,high,12,1345,C2,98,10185.0,98
webster_fixed,2x2,high,12,1350,B1,98,14068.0,98
webster_fixed,2x2,high,12,1350,B2,98,15141.0,98
webster_fixed,2x2,high,12,1350,C1,98,12733.0,98
webster_fixed,2x2,high,12,1350,C2,98,10675.0,98
webster_fixed,2x2,high,12,1355,B1,98,14558.0,98
webster_fixed,2x2,high,12,1355,B2,98,15631.0,98
webster_fixed,2x2,high,12,1355,C1,98,13223.0,98
webster_fixed,2x2,high,12,1355,C2,98,11165.0,98
webster_fixed,2x2,high,12,1360,B1,98,15048.0,98
webster_fixed,2x2,high,12,1360,B2,98,16121.0,98
webster_fixed,2x2,high,12,1360,C1,98,13713.0,98
webster_fixed,2x2,high,12,1360,C2,98,11655.0,98
webster_fixed,2x2,high,12,1365,B1,97,15237.0,98
webster_fixed,2x2,high,12,1365,B2,98,16611.0,98
webster_fixed,2x2,high,12,1365,C1,98,14203.0,98
webster_fixed,2x2,high,12,1365,C2,98,12145.0,98
webster_fixed,2x2,high,12,1370,B1,98,15727.0,98
webster_fixed,2x2,high,12,1370,B2,98,17101.0,98
webster_fixed,2x2,high,12,1370,C1,98,14693.0,98
webster_fixed,2x2,high,12,1370,C2,98,12635.0,98
webster_fixed,2x2,high,12,1375,B1,98,16217.0,98
webster_fixed,2x2,high,12,1375,B2,98,17591.0,98
webster_fixed,2x2,high,12,1375,C1,98,15183.0,98
webster_fixed,2x2,high,12,1375,C2,98,13125.0,98
webster_fixed,2x2,high,12,1380,B1,98,16707.0,98
webster_fixed,2x2,high,12,1380,B2,98,18081.0,98
webster_fixed,2x2,high,12,1380,C1,98,15673.0,98
webster_fixed,2x2,high,12,1380,C2,98,13615.0,98
webster_fixed,2x2,high,12,1385,B1,98,17197.0,98
webster_fixed,2x2,high,12,1385,B2,98,18571.0,98
webster_fixed,2x2,high,12,1385,C1,98,16163.0,98
webster_fixed,2x2,high,12,1385,C2,98,14105.0,98
webster_fixed,2x2,high,12,1390,B1,98,17687.0,98
webster_fixed,2x2,high,12,1390,B2,98,19061.0,98
webster_fixed,2x2,high,12,1390,C1,98,16653.0,98
webster_fixed,2x2,high,12,1390,C2,98,14595.0,98
webster_fixed,2x2,high,12,1395,B1,98,18177.0,98
webster_fixed,2x2,high,12,1395,B2,98,19551.0,98
webster_fixed,2x2,high,12,1395,C1,98,17143.0,98
webster_fixed,2x2,high,12,1395,C2,98,15085.0,98
webster_fixed,2x2,high,12,1400,B1,98,18667.0,98
webster_fixed,2x2,high,12,1400,B2,98,20041.0,98
webster_fixed,2x2,high,12,1400,C1,98,17633.0,98
webster_fixed,2x2,high,12,1400,C2,98,15575.0,98
webster_fixed,2x2,high,12,1405,B1,98,19157.0,98
webster_fixed,2x2,high,12,1405,B2,98,20531.0,98
webster_fixed,2x2,high,12,1405,C1,98,18123.0,98
webster_fixed,2x2,high,12,1405,C2,98,16065.0,98
webster_fixed,2x2,high,12,1410,B1,98,19647.0,98
webster_fixed,2x2,high,12,1410,B2,98,21021.0,98
webster_fixed,2x2,high,12,1410,C1,98,18613.0,98
webster_fixed,2x2,high,12,1410,C2,98,16555.0,98
webster_fixed,2x2,high,12,1415,B1,98,20137.0,98
webster_fixed,2x2,high,12,1415,B2,98,21511.0,98
webster_fixed,2x2,high,12,1415,C1,98,19103.0,98
webster_fixed,2x2,high,12,1415,C2,98,17045.0,98
webster_fixed,2x2,high,12,1420,B1,98,20627.0,98
webster_fixed,2x2,high,12,1420,B2,98,22001.0,98
webster_fixed,2x2,high,12,1420,C1,95,18689.0,97
webster_fixed,2x2,high,12,1420,C2,98,17535.0,99
webster_fixed,2x2,high,12,1425,B1,98,21117.0,98
webster_fixed,2x2,high,12,1425,B2,98,22491.0,98
webster_fixed,2x2,high,12,1425,C1,91,17667.0,97
webster_fixed,2x2,high,12,1425,C2,99,18026.0,99
webster_fixed,2x2,high,12,1430,B1,98,21607.0,98
webster_fixed,2x2,high,12,1430,B2,98,22981.0,98
webster_fixed,2x2,high,12,1430,C1,90,16937.0,97
webster_fixed,2x2,high,12,1430,C2,99,18521.0,99
webster_fixed,2x2,high,12,1435,B1,98,22097.0,98
webster_fixed,2x2,high,12,1435,B2,98,23471.0,98
webster_fixed,2x2,high,12,1435,C1,89,16205.0,97
webster_fixed,2x2,high,12,1435,C2,99,19016.0,99
webster_fixed,2x2,high,12,1440,B1,98,22587.0,98
webster_fixed,2x2,high,12,1440,B2,98,23961.0,98
webster_fixed,2x2,high,12,1440,C1,89,15476.0,97
webster_fixed,2x2,high,12,1440,C2,99,19511.0,99
webster_fixed,2x2,high,12,1445,B1,98,23077.0,98
webster_fixed,2x2,high,12,1445,B2,98,24451.0,98
webster_fixed,2x2,high,12,1445,C1,90,14746.0,98
webster_fixed,2x2,high,12,1445,C2,99,20006.0,99
webster_fixed,2x2,high,12,1450,B1,98,23567.0,98
webster_fixed,2x2,high,12,1450,B2,98,24941.0,98
webster_fixed,2x2,high,12,1450,C1,92,15200.0,98
webster_fixed,2x2,high,12,1450,C2,99,20501.0,99
webster_fixed,2x2,high,12,1455,B1,98,24057.0,98
webster_fixed,2x2,high,12,1455,B2,96,24548.0,97
webster_fixed,2x2,high,12,1455,C1,94,15069.0,98
webster_fixed,2x2,high,12,1455,C2,99,20996.0,99
webster_fixed,2x2,high,12,1460,B1,98,24547.0,98
webster_fixed,2x2,high,12,1460,B2,92,23577.0,97
webster_fixed,2x2,high,12,1460,C1,94,14051.0,98
webster_fixed,2x2,high,12,1460,C2,99,21491.0,99
webster_fixed,2x2,high,12,1465,B1,98,25037.0,98
webster_fixed,2x2,high,12,1465,B2,91,22894.0,97
webster_fixed,2x2,high,12,1465,C1,94,13339.0,98
webster_fixed,2x2,high,12,1465,C2,99,21986.0,99
webster_fixed,2x2,high,12,1470,B1,98,25527.0,98
webster_fixed,2x2,high,12,1470,B2,90,22210.0,97
webster_fixed,2x2,high,12,1470,C1,91,12326.0,98
webster_fixed,2x2,high,12,1470,C2,99,22481.0,99
webster_fixed,2x2,high,12,1475,B1,98,26017.0,98
webster_fixed,2x2,high,12,1475,B2,89,21248.0,97
webster_fixed,2x2,high,12,1475,C1,91,11613.0,98
webster_fixed,2x2,high,12,1475,C2,99,22976.0,99
webster_fixed,2x2,high,12,1480,B1,98,26507.0,98
webster_fixed,2x2,high,12,1480,B2,87,20569.0,97
webster_fixed,2x2,high,12,1480,C1,90,10903.0,98
webster_fixed,2x2,high,12,1480,C2,99,23471.0,99
webster_fixed,2x2,high,12,1485,B1,98,26997.0,98
webster_fixed,2x2,high,12,1485,B2,92,21017.0,98
webster_fixed,2x2,high,12,1485,C1,92,11067.0,98
webster_fixed,2x2,high,12,1485,C2,99,23966.0,99
webster_fixed,2x2,high,12,1490,B1,98,27487.0,98
webster_fixed,2x2,high,12,1490,B2,94,21181.0,99
webster_fixed,2x2,high,12,1490,C1,97,11539.0,98
webster_fixed,2x2,high,12,1490,C2,99,24461.0,99
webster_fixed,2x2,high,12,1495,B1,98,27676.0,98
webster_fixed,2x2,high,12,1495,B2,98,21662.0,99
webster_fixed,2x2,high,12,1495,C1,98,12025.0,98
webster_fixed,2x2,high,12,1495,C2,99,24956.0,99
webster_fixed,2x2,high,12,1500,B1,98,28166.0,98
webster_fixed,2x2,high,12,1500,B2,99,22157.0,99
webster_fixed,2x2,high,12,1500,C1,98,12515.0,98
webster_fixed,2x2,high,12,1500,C2,99,25451.0,99
webster_fixed,2x2,high,12,1505,B1,98,28656.0,98
webster_fixed,2x2,high,12,1505,B2,99,22652.0,99
webster_fixed,2x2,high,12,1505,C1,98,13005.0,98
webster_fixed,2x2,high,12,1505,C2,99,25946.0,99
webster_fixed,2x2,high,12,1510,B1,98,29146.0,98
webster_fixed,2x2,high,12,1510,B2,99,22846.0,99
webster_fixed,2x2,high,12,1510,C1,98,13495.0,98
webster_fixed,2x2,high,12,1510,C2,99,26140.0,99
webster_fixed,2x2,high,12,1515,B1,98,29636.0,98
webster_fixed,2x2,high,12,1515,B2,99,23341.0,99
webster_fixed,2x2,high,12,1515,C1,98,13985.0,98
webster_fixed,2x2,high,12,1515,C2,99,26334.0,99
webster_fixed,2x2,high,12,1520,B1,98,30126.0,98
webster_fixed,2x2,high,12,1520,B2,99,23836.0,99
webster_fixed,2x2,high,12,1520,C1,98,14475.0,98
webster_fixed,2x2,high,12,1520,C2,99,26829.0,99
webster_fixed,2x2,high,12,1525,B1,98,30616.0,98
webster_fixed,2x2,high,12,1525,B2,99,24331.0,99
webster_fixed,2x2,high,12,1525,C1,98,14965.0,98
webster_fixed,2x2,high,12,1525,C2,99,27324.0,99
webster_fixed,2x2,high,12,1530,B1,98,31106.0,98
webster_fixed,2x2,high,12,1530,B2,99,24826.0,99
webster_fixed,2x2,high,12,1530,C1,98,15455.0,98
webster_fixed,2x2,high,12,1530,C2,99,27819.0,99
webster_fixed,2x2,high,12,1535,B1,98,31596.0,98
webster_fixed,2x2,high,12,1535,B2,99,25321.0,99
webster_fixed,2x2,high,12,1535,C1,98,15945.0,98
webster_fixed,2x2,high,12,1535,C2,96,27411.0,98
webster_fixed,2x2,high,12,1540,B1,97,31797.0,98
webster_fixed,2x2,high,12,1540,B2,99,25816.0,99
webster_fixed,2x2,high,12,1540,C1,98,16435.0,98
webster_fixed,2x2,high,12,1540,C2,93,26397.0,98
webster_fixed,2x2,high,12,1545,B1,87,29325.0,96
webster_fixed,2x2,high,12,1545,B2,99,26311.0,99
webster_fixed,2x2,high,12,1545,C1,98,16925.0,98
webster_fixed,2x2,high,12,1545,C2,92,25395.0,98
webster_fixed,2x2,high,12,1550,B1,78,26030.0,95
webster_fixed,2x2,high,12,1550,B2,99,26806.0,99
webster_fixed,2x2,high,12,1550,C1,98,17415.0,98
webster_fixed,2x2,high,12,1550,C2,89,23782.0,98
webster_fixed,2x2,high,12,1555,B1,71,22051.0,94
webster_fixed,2x2,high,12,1555,B2,99,27301.0,99
webster_fixed,2x2,high,12,1555,C1,98,17905.0,98
webster_fixed,2x2,high,12,1555,C2,87,21864.0,98
webster_fixed,2x2,high,12,1560,B1,71,18991.0,94
webster_fixed,2x2,high,12,1560,B2,99,27796.0,99
webster_fixed,2x2,high,12,1560,C1,98,18395.0,98
webster_fixed,2x2,high,12,1560,C2,87,20405.0,98
webster_fixed,2x2,high,12,1565,B1,64,14711.0,94
webster_fixed,2x2,high,12,1565,B2,99,28291.0,99
webster_fixed,2x2,high,12,1565,C1,97,18584.0,97
webster_fixed,2x2,high,12,1565,C2,90,19361.0,98
webster_fixed,2x2,high,12,1570,B1,64,12601.0,94
webster_fixed,2x2,high,12,1570,B2,99,28786.0,99
webster_fixed,2x2,high,12,1570,C1,93,17571.0,97
webster_fixed,2x2,high,12,1570,C2,94,18638.0,98
webster_fixed,2x2,high,12,1575,B1,69,12014.0,96
webster_fixed,2x2,high,12,1575,B2,99,29281.0,99
webster_fixed,2x2,high,12,1575,C1,91,16549.0,97
webster_fixed,2x2,high,12,1575,C2,96,18226.0,98
webster_fixed,2x2,high,12,1580,B1,81,12361.0,97
webster_fixed,2x2,high,12,1580,B2,94,27964.0,98
webster_fixed,2x2,high,12,1580,C1,89,15531.0,97
webster_fixed,2x2,high,12,1580,C2,98,18118.0,99
webster_fixed,2x2,high,12,1585,B1,91,12767.0,98
webster_fixed,2x2,high,12,1585,B2,92,26763.0,98
webster_fixed,2x2,high,12,1585,C1,84,14166.0,96
webster_fixed,2x2,high,12,1585,C2,99,18611.0,99
webster_fixed,2x2,high,12,1590,B1,95,13184.0,98
webster_fixed,2x2,high,12,1590,B2,90,25146.0,98
webster_fixed,2x2,high,12,1590,C1,81,12640.0,96
webster_fixed,2x2,high,12,1590,C2,99,19106.0,99
webster_fixed,2x2,high,12,1595,B1,98,13645.0,98
webster_fixed,2x2,high,12,1595,B2,90,23945.0,98
webster_fixed,2x2,high,12,1595,C1,82,12143.0,97
webster_fixed,2x2,high,12,1595,C2,99,19601.0,99
webster_fixed,2x2,high,12,1600,B1,99,14124.0,99
webster_fixed,2x2,high,12,1600,B2,89,22748.0,98
webster_fixed,2x2,high,12,1600,C1,84,11947.0,97
webster_fixed,2x2,high,12,1600,C2,99,20096.0,99
webster_fixed,2x2,high,12,1605,B1,99,14619.0,99
webster_fixed,2x2,high,12,1605,B2,89,21959.0,98
webster_fixed,2x2,high,12,1605,C1,89,11628.0,98
webster_fixed,2x2,high,12,1605,C2,99,20591.0,99
webster_fixed,2x2,high,12,1610,B1,99,15114.0,99
webster_fixed,2x2,high,12,1610,B2,93,22416.0,98
webster_fixed,2x2,high,12,1610,C1,87,11538.0,97
webster_fixed,2x2,high,12,1610,C2,99,21086.0,99
webster_fixed,2x2,high,12,1615,B1,99,15609.0,99
webster_fixed,2x2,high,12,1615,B2,96,22892.0,98
webster_fixed,2x2,high,12,1615,C1,87,11796.0,97
webster_fixed,2x2,high,12,1615,C2,99,21581.0,99
webster_fixed,2x2,high,12,1620,B1,99,16104.0,99
webster_fixed,2x2,high,12,1620,B2,98,23381.0,98
webster_fixed,2x2,high,12,1620,C1,83,11276.0,95
webster_fixed,2x2,high,12,1620,C2,99,22076.0,99
webster_fixed,2x2,high,12,1625,B1,99,16599.0,99
webster_fixed,2x2,high,12,1625,B2,98,23871.0,98
webster_fixed,2x2,high,12,1625,C1,80,10792.0,94
webster_fixed,2x2,high,12,1625,C2,99,22571.0,99
webster_fixed,2x2,high,12,1630,B1,99,17094.0,99
webster_fixed,2x2,high,12,1630,B2,98,24361.0,98
webster_fixed,2x2,high,12,1630,C1,77,10452.0,94
webster_fixed,2x2,high,12,1630,C2,99,23066.0,99
webster_fixed,2x2,high,12,1635,B1,99,17589.0,99
webster_fixed,2x2,high,12,1635,B2,98,24851.0,98
webster_fixed,2x2,high,12,1635,C1,74,10110.0,94
webster_fixed,2x2,high,12,1635,C2,99,23561.0,99
webster_fixed,2x2,high,12,1640,B1,99,18084.0,99
webster_fixed,2x2,high,12,1640,B2,98,25341.0,98
webster_fixed,2x2,high,12,1640,C1,76,9711.0,94
webster_fixed,2x2,high,12,1640,C2,99,24056.0,99
webster_fixed,2x2,high,12,1645,B1,99,18579.0,99
webster_fixed,2x2,high,12,1645,B2,98,25831.0,98
webster_fixed,2x2,high,12,1645,C1,82,9954.0,95
webster_fixed,2x2,high,12,1645,C2,99,24551.0,99
webster_fixed,2x2,high,12,1650,B1,98,18971.0,98
webster_fixed,2x2,high,12,1650,B2,98,26321.0,98
webster_fixed,2x2,high,12,1650,C1,88,10382.0,96
webster_fixed,2x2,high,12,1650,C2,99,25046.0,99
webster_fixed,2x2,high,12,1655,B1,94,18942.0,98
webster_fixed,2x2,high,12,1655,B2,98,26811.0,98
webster_fixed,2x2,high,12,1655,C1,92,10832.0,98
webster_fixed,2x2,high,12,1655,C2,99,25541.0,99
webster_fixed,2x2,high,12,1660,B1,92,18912.0,98
webster_fixed,2x2,high,12,1660,B2,98,27301.0,98
webster_fixed,2x2,high,12,1660,C1,96,11305.0,98
webster_fixed,2x2,high,12,1660,C2,99,26036.0,99
webster_fixed,2x2,high,12,1665,B1,91,18978.0,98
webster_fixed,2x2,high,12,1665,B2,98,27791.0,98
webster_fixed,2x2,high,12,1665,C1,98,11794.0,98
webster_fixed,2x2,high,12,1665,C2,99,26531.0,99
webster_fixed,2x2,high,12,1670,B1,90,18743.0,98
webster_fixed,2x2,high,12,1670,B2,98,28281.0,98
webster_fixed,2x2,high,12,1670,C1,98,12284.0,98
webster_fixed,2x2,high,12,1670,C2,99,27026.0,99
webster_fixed,2x2,high,12,1675,B1,89,18712.0,98
webster_fixed,2x2,high,12,1675,B2,98,28771.0,98
webster_fixed,2x2,high,12,1675,C1,98,12774.0,98
webster_fixed,2x2,high,12,1675,C2,99,27521.0,99
webster_fixed,2x2,high,12,1680,B1,91,19066.0,98
webster_fixed,2x2,high,12,1680,B2,98,29261.0,98
webster_fixed,2x2,high,12,1680,C1,98,13264.0,98
webster_fixed,2x2,high,12,1680,C2,99,28016.0,99
webster_fixed,2x2,high,12,1685,B1,94,19532.0,98
webster_fixed,2x2,high,12,1685,B2,98,29751.0,98
webster_fixed,2x2,high,12,1685,C1,98,13754.0,98
webster_fixed,2x2,high,12,1685,C2,99,28511.0,99
webster_fixed,2x2,high,12,1690,B1,98,20014.0,98
webster_fixed,2x2,high,12,1690,B2,98,30241.0,98
webster_fixed,2x2,high,12,1690,C1,98,14244.0,98
webster_fixed,2x2,high,12,1690,C2,99,29006.0,99
webster_fixed,2x2,high,12,1695,B1,98,20504.0,98
webster_fixed,2x2,high,12,1695,B2,98,30731.0,98
webster_fixed,2x2,high,12,1695,C1,98,14734.0,98
webster_fixed,2x2,high,12,1695,C2,99,29501.0,99
webster_fixed,2x2,high,12,1700,B1,98,20994.0,98
webster_fixed,2x2,high,12,1700,B2,98,31221.0,98
webster_fixed,2x2,high,12,1700,C1,98,15224.0,98
webster_fixed,2x2,high,12,1700,C2,99,29996.0,99
webster_fixed,2x2,high,12,1705,B1,98,21484.0,98
webster_fixed,2x2,high,12,1705,B2,98,31711.0,98
webster_fixed,2x2,high,12,1705,C1,98,15714.0,98
webster_fixed,2x2,high,12,1705,C2,99,30491.0,99
webster_fixed,2x2,high,12,1710,B1,98,21974.0,98
webster_fixed,2x2,high,12,1710,B2,98,32201.0,98
webster_fixed,2x2,high,12,1710,C1,98,16204.0,98
webster_fixed,2x2,high,12,1710,C2,99,30986.0,99
webster_fixed,2x2,high,12,1715,B1,98,22464.0,98
webster_fixed,2x2,high,12,1715,B2,98,32691.0,98
webster_fixed,2x2,high,12,1715,C1,98,16694.0,98
webster_fixed,2x2,high,12,1715,C2,99,31481.0,99
webster_fixed,2x2,high,12,1720,B1,98,22954.0,98
webster_fixed,2x2,high,12,1720,B2,98,33181.0,98
webster_fixed,2x2,high,12,1720,C1,98,17184.0,98
webster_fixed,2x2,high,12,1720,C2,99,31976.0,99
webster_fixed,2x2,high,12,1725,B1,98,23444.0,98
webster_fixed,2x2,high,12,1725,B2,98,33671.0,98
webster_fixed,2x2,high,12,1725,C1,98,17674.0,98
webster_fixed,2x2,high,12,1725,C2,99,32471.0,99
webster_fixed,2x2,high,12,1730,B1,98,23934.0,98
webster_fixed,2x2,high,12,1730,B2,98,34161.0,98
webster_fixed,2x2,high,12,1730,C1,98,18164.0,98
webster_fixed,2x2,high,12,1730,C2,99,32966.0,99
webster_fixed,2x2,high,12,1735,B1,98,24424.0,98
webster_fixed,2x2,high,12,1735,B2,98,34651.0,99
webster_fixed,2x2,high,12,1735,C1,98,18654.0,98
webster_fixed,2x2,high,12,1735,C2,99,33461.0,99
webster_fixed,2x2,high,12,1740,B1,98,24914.0,98
webster_fixed,2x2,high,12,1740,B2,99,35142.0,99
webster_fixed,2x2,high,12,1740,C1,98,19144.0,98
webster_fixed,2x2,high,12,1740,C2,99,33956.0,99
webster_fixed,2x2,high,12,1745,B1,98,25404.0,98
webster_fixed,2x2,high,12,1745,B2,99,35637.0,99
webster_fixed,2x2,high,12,1745,C1,98,19634.0,98
webster_fixed,2x2,high,12,1745,C2,99,34451.0,99
webster_fixed,2x2,high,12,1750,B1,98,25894.0,98
webster_fixed,2x2,high,12,1750,B2,99,36132.0,99
webster_fixed,2x2,high,12,1750,C1,98,20124.0,98
webster_fixed,2x2,high,12,1750,C2,99,34946.0,99
webster_fixed,2x2,high,12,1755,B1,98,26384.0,98
webster_fixed,2x2,high,12,1755,B2,99,36627.0,99
webster_fixed,2x2,high,12,1755,C1,98,20614.0,98
webster_fixed,2x2,high,12,1755,C2,99,35441.0,99
webster_fixed,2x2,high,12,1760,B1,98,26874.0,98
webster_fixed,2x2,high,12,1760,B2,98,36821.0,99
webster_fixed,2x2,high,12,1760,C1,98,21104.0,98
webster_fixed,2x2,high,12,1760,C2,99,35936.0,99
webster_fixed,2x2,high,12,1765,B1,98,27364.0,98
webster_fixed,2x2,high,12,1765,B2,94,35809.0,98
webster_fixed,2x2,high,12,1765,C1,98,21594.0,98
webster_fixed,2x2,high,12,1765,C2,99,36431.0,99
webster_fixed,2x2,high,12,1770,B1,98,27854.0,98
webster_fixed,2x2,high,12,1770,B2,87,31615.0,97
webster_fixed,2x2,high,12,1770,C1,98,22084.0,98
webster_fixed,2x2,high,12,1770,C2,99,36926.0,99
webster_fixed,2x2,high,12,1775,B1,98,28344.0,98
webster_fixed,2x2,high,12,1775,B2,83,27995.0,97
webster_fixed,2x2,high,12,1775,C1,98,22574.0,98
webster_fixed,2x2,high,12,1775,C2,99,37421.0,99
webster_fixed,2x2,high,12,1780,B1,98,28834.0,98
webster_fixed,2x2,high,12,1780,B2,82,24948.0,97
webster_fixed,2x2,high,12,1780,C1,98,23064.0,98
webster_fixed,2x2,high,12,1780,C2,99,37916.0,99
webster_fixed,2x2,high,12,1785,B1,98,29324.0,98
webster_fixed,2x2,high,12,1785,B2,81,21913.0,97
webster_fixed,2x2,high,12,1785,C1,98,23554.0,98
webster_fixed,2x2,high,12,1785,C2,99,38411.0,99
webster_fixed,2x2,high,12,1790,B1,98,29814.0,98
webster_fixed,2x2,high,12,1790,B2,76,16272.0,94
webster_fixed,2x2,high,12,1790,C1,98,24044.0,98
webster_fixed,2x2,high,12,1790,C2,99,38906.0,99
webster_fixed,2x2,high,12,1795,B1,98,30304.0,98
webster_fixed,2x2,high,12,1795,B2,78,13203.0,96
webster_fixed,2x2,high,12,1795,C1,98,24534.0,98
webster_fixed,2x2,high,12,1795,C2,95,38426.0,98
webster_fixed,2x2,high,12,1800,B1,98,30794.0,98
webster_fixed,2x2,high,12,1800,B2,82,11250.0,95
webster_fixed,2x2,high,12,1800,C1,98,25024.0,98
webster_fixed,2x2,high,12,1800,C2,93,37698.0,98
